{
    "route_id": "route-k",
    "profile": "aggressive",
    "triggers": [{
        "occurances": 0,
        "type": "dtc"
    }, {
        "occurances": 7,
        "type": "brake"
    }, {
        "occurances": 1,
        "type": "oiltemp"
    }],
    "end": ["-77.35826299999997", "38.95871999999997"],
    "description": "Aggressive, Oil - Dulles Airport to Reston Town Center",
    "name": "Route K",
    "start": ["-77.454746", "38.95281499999999"],
    "stages": [{
        "stage": 0,
        "start": [-77.454746, 38.952815],
        "end": [-77.453068, 38.952805],
        "km": 0.18657627434573307
    }, {
        "stage": 1,
        "start": [-77.453068, 38.952805],
        "end": [-77.453041, 38.953702],
        "km": 0.02187365539915191
    }, {
        "stage": 2,
        "start": [-77.453041, 38.953702],
        "end": [-77.45299, 38.956213],
        "km": 0.06091735380015993
    }, {
        "stage": 3,
        "start": [-77.45299, 38.956213],
        "end": [-77.452968, 38.957499],
        "km": 0.031159412609301287
    }, {
        "stage": 4,
        "start": [-77.452968, 38.957499],
        "end": [-77.452952, 38.957629],
        "km": 0.0036086166331396057
    }, {
        "stage": 5,
        "start": [-77.452952, 38.957629],
        "end": [-77.452904, 38.957749],
        "km": 0.0060733414084192215
    }, {
        "stage": 6,
        "start": [-77.452904, 38.957749],
        "end": [-77.452836, 38.957847],
        "km": 0.007922024920733886
    }, {
        "stage": 7,
        "start": [-77.452836, 38.957847],
        "end": [-77.452754, 38.957928],
        "km": 0.009324981443212504
    }, {
        "stage": 8,
        "start": [-77.452754, 38.957928],
        "end": [-77.452637, 38.958009],
        "km": 0.013155358016183075
    }, {
        "stage": 9,
        "start": [-77.452637, 38.958009],
        "end": [-77.452549, 38.958069],
        "km": 0.009891035039061571
    }, {
        "stage": 10,
        "start": [-77.452549, 38.958069],
        "end": [-77.452444, 38.958129],
        "km": 0.011764518436401094
    }, {
        "stage": 11,
        "start": [-77.452444, 38.958129],
        "end": [-77.452288, 38.958169],
        "km": 0.01737258306162487
    }, {
        "stage": 12,
        "start": [-77.452288, 38.958169],
        "end": [-77.45223, 38.958184],
        "km": 0.006459476439892372
    }, {
        "stage": 13,
        "start": [-77.45223, 38.958184],
        "end": [-77.452162, 38.958193],
        "km": 0.007564138750013958
    }, {
        "stage": 14,
        "start": [-77.452162, 38.958193],
        "end": [-77.452054, 38.958198],
        "km": 0.012009018826022008
    }, {
        "stage": 15,
        "start": [-77.452054, 38.958198],
        "end": [-77.45181, 38.9582],
        "km": 0.027130100003484457
    }, {
        "stage": 16,
        "start": [-77.45181, 38.9582],
        "end": [-77.450293, 38.958191],
        "km": 0.16867473216787343
    }, {
        "stage": 17,
        "start": [-77.450293, 38.958191],
        "end": [-77.449838, 38.958188],
        "km": 0.05059131088402723
    }, {
        "stage": 18,
        "start": [-77.449838, 38.958188],
        "end": [-77.449698, 38.958188],
        "km": 0.01556661371704889
    }, {
        "stage": 19,
        "start": [-77.449698, 38.958188],
        "end": [-77.448152, 38.958163],
        "km": 0.17190013070403326
    }, {
        "stage": 20,
        "start": [-77.448152, 38.958163],
        "end": [-77.447817, 38.958163],
        "km": 0.03724854935608837
    }, {
        "stage": 21,
        "start": [-77.447817, 38.958163],
        "end": [-77.447361, 38.958163],
        "km": 0.05070243120032192
    }, {
        "stage": 22,
        "start": [-77.447361, 38.958163],
        "end": [-77.447194, 38.958106],
        "km": 0.018619495787248263
    }, {
        "stage": 23,
        "start": [-77.447194, 38.958106],
        "end": [-77.445017, 38.958086],
        "km": 0.2420602025447268
    }, {
        "stage": 24,
        "start": [-77.445017, 38.958086],
        "end": [-77.444822, 38.958085],
        "km": 0.021682062479047675
    }, {
        "stage": 25,
        "start": [-77.444822, 38.958085],
        "end": [-77.443986, 38.958073],
        "km": 0.09295497695418882
    }, {
        "stage": 26,
        "start": [-77.443986, 38.958073],
        "end": [-77.443788, 38.958073],
        "km": 0.022015334941950772
    }, {
        "stage": 27,
        "start": [-77.443788, 38.958073],
        "end": [-77.443787, 38.958169],
        "km": 0.002321439741632286
    }, {
        "stage": 28,
        "start": [-77.443787, 38.958169],
        "end": [-77.443781, 38.958742],
        "km": 0.01386671218916557
    }, {
        "stage": 29,
        "start": [-77.443781, 38.958742],
        "end": [-77.443774, 38.959423],
        "km": 0.0164797123394713
    }, {
        "stage": 30,
        "start": [-77.443774, 38.959423],
        "end": [-77.443762, 38.959571],
        "km": 0.0038173487009344077
    }, {
        "stage": 31,
        "start": [-77.443762, 38.959571],
        "end": [-77.443735, 38.959718],
        "km": 0.004651605796769363
    }, {
        "stage": 32,
        "start": [-77.443735, 38.959718],
        "end": [-77.443679, 38.95991],
        "km": 0.007765774744670927
    }, {
        "stage": 33,
        "start": [-77.443679, 38.95991],
        "end": [-77.443539, 38.960231],
        "km": 0.01739306119915694
    }, {
        "stage": 34,
        "start": [-77.443539, 38.960231],
        "end": [-77.443448, 38.960353],
        "km": 0.010539448953288417
    }, {
        "stage": 35,
        "start": [-77.443448, 38.960353],
        "end": [-77.443263, 38.960552],
        "km": 0.02112502059582998
    }, {
        "stage": 36,
        "start": [-77.443263, 38.960552],
        "end": [-77.443182, 38.960629],
        "km": 0.009196529356518896
    }, {
        "stage": 37,
        "start": [-77.443182, 38.960629],
        "end": [-77.44304, 38.960749],
        "km": 0.016053120557839855
    }, {
        "stage": 38,
        "start": [-77.44304, 38.960749],
        "end": [-77.442805, 38.960921],
        "km": 0.02645843953925378
    }, {
        "stage": 39,
        "start": [-77.442805, 38.960921],
        "end": [-77.442712, 38.960991],
        "km": 0.010478563949677444
    }, {
        "stage": 40,
        "start": [-77.442712, 38.960991],
        "end": [-77.442309, 38.96124],
        "km": 0.04521195015577873
    }, {
        "stage": 41,
        "start": [-77.442309, 38.96124],
        "end": [-77.441997, 38.961398],
        "km": 0.03490082831091253
    }, {
        "stage": 42,
        "start": [-77.441997, 38.961398],
        "end": [-77.441686, 38.961543],
        "km": 0.03475709508209596
    }, {
        "stage": 43,
        "start": [-77.441686, 38.961543],
        "end": [-77.441461, 38.96164],
        "km": 0.025127251632530184
    }, {
        "stage": 44,
        "start": [-77.441461, 38.96164],
        "end": [-77.441339, 38.961686],
        "km": 0.013610564172140016
    }, {
        "stage": 45,
        "start": [-77.441339, 38.961686],
        "end": [-77.441024, 38.961786],
        "km": 0.03510807435601072
    }, {
        "stage": 46,
        "start": [-77.441024, 38.961786],
        "end": [-77.440634, 38.961893],
        "km": 0.04344094954823533
    }, {
        "stage": 47,
        "start": [-77.440634, 38.961893],
        "end": [-77.440318, 38.961967],
        "km": 0.035181410709742435
    }, {
        "stage": 48,
        "start": [-77.440318, 38.961967],
        "end": [-77.440012, 38.962023],
        "km": 0.034050900103276785
    }, {
        "stage": 49,
        "start": [-77.440012, 38.962023],
        "end": [-77.439702, 38.962061],
        "km": 0.03448103157194986
    }, {
        "stage": 50,
        "start": [-77.439702, 38.962061],
        "end": [-77.439467, 38.962079],
        "km": 0.026133207680948706
    }, {
        "stage": 51,
        "start": [-77.439467, 38.962079],
        "end": [-77.439232, 38.962088],
        "km": 0.026130448794423018
    }, {
        "stage": 52,
        "start": [-77.439232, 38.962088],
        "end": [-77.43869, 38.962093],
        "km": 0.06026479126658136
    }, {
        "stage": 53,
        "start": [-77.43869, 38.962093],
        "end": [-77.438244, 38.962091],
        "km": 0.04959056338549079
    }, {
        "stage": 54,
        "start": [-77.438244, 38.962091],
        "end": [-77.436769, 38.962051],
        "km": 0.1640074469125724
    }, {
        "stage": 55,
        "start": [-77.436769, 38.962051],
        "end": [-77.435557, 38.962018],
        "km": 0.13476412783579397
    }, {
        "stage": 56,
        "start": [-77.435557, 38.962018],
        "end": [-77.43464, 38.961998],
        "km": 0.1019619684805379
    }, {
        "stage": 57,
        "start": [-77.43464, 38.961998],
        "end": [-77.433084, 38.961964],
        "km": 0.17301294277297805
    }, {
        "stage": 58,
        "start": [-77.433084, 38.961964],
        "end": [-77.432783, 38.961958],
        "km": 0.03346843456697335
    }, {
        "stage": 59,
        "start": [-77.432783, 38.961958],
        "end": [-77.431598, 38.961934],
        "km": 0.13176094722789752
    }, {
        "stage": 60,
        "start": [-77.431598, 38.961934],
        "end": [-77.430992, 38.961934],
        "km": 0.06738082678775864
    }, {
        "stage": 61,
        "start": [-77.430992, 38.961934],
        "end": [-77.430707, 38.961943],
        "km": 0.03168980598932133
    }, {
        "stage": 62,
        "start": [-77.430707, 38.961943],
        "end": [-77.430353, 38.961966],
        "km": 0.03936490212387334
    }, {
        "stage": 63,
        "start": [-77.430353, 38.961966],
        "end": [-77.430133, 38.961991],
        "km": 0.024469120888944092
    }, {
        "stage": 64,
        "start": [-77.430133, 38.961991],
        "end": [-77.429372, 38.962076],
        "km": 0.08464026277962342
    }, {
        "stage": 65,
        "start": [-77.429372, 38.962076],
        "end": [-77.428906, 38.962117],
        "km": 0.051823832647727365
    }, {
        "stage": 66,
        "start": [-77.428906, 38.962117],
        "end": [-77.42868, 38.962143],
        "km": 0.0251365747561556
    }, {
        "stage": 67,
        "start": [-77.42868, 38.962143],
        "end": [-77.427891, 38.962208],
        "km": 0.08774265171591554
    }, {
        "stage": 68,
        "start": [-77.427891, 38.962208],
        "end": [-77.427338, 38.96222],
        "km": 0.06148851825080588
    }, {
        "stage": 69,
        "start": [-77.427338, 38.96222],
        "end": [-77.427063, 38.962232],
        "km": 0.030578454124110973
    }, {
        "stage": 70,
        "start": [-77.427063, 38.962232],
        "end": [-77.425747, 38.962246],
        "km": 0.14632585977452608
    }, {
        "stage": 71,
        "start": [-77.425747, 38.962246],
        "end": [-77.424419, 38.962257],
        "km": 0.14766001390993216
    }, {
        "stage": 72,
        "start": [-77.424419, 38.962257],
        "end": [-77.423506, 38.962226],
        "km": 0.10151881849854338
    }, {
        "stage": 73,
        "start": [-77.423506, 38.962226],
        "end": [-77.422963, 38.962199],
        "km": 0.06037945218643496
    }, {
        "stage": 74,
        "start": [-77.422963, 38.962199],
        "end": [-77.422819, 38.962198],
        "km": 0.01601152481156729
    }, {
        "stage": 75,
        "start": [-77.422819, 38.962198],
        "end": [-77.422471, 38.962161],
        "km": 0.038704389287661393
    }, {
        "stage": 76,
        "start": [-77.422471, 38.962161],
        "end": [-77.421783, 38.962078],
        "km": 0.07652476829226133
    }, {
        "stage": 77,
        "start": [-77.421783, 38.962078],
        "end": [-77.421714, 38.96207],
        "km": 0.007674138253865744
    }, {
        "stage": 78,
        "start": [-77.421714, 38.96207],
        "end": [-77.420079, 38.961758],
        "km": 0.1819518766508203
    }, {
        "stage": 79,
        "start": [-77.420079, 38.961758],
        "end": [-77.419195, 38.961554],
        "km": 0.09841565487607933
    }, {
        "stage": 80,
        "start": [-77.419195, 38.961554],
        "end": [-77.418822, 38.961465],
        "km": 0.04152967209235422
    }, {
        "stage": 81,
        "start": [-77.418822, 38.961465],
        "end": [-77.418527, 38.961388],
        "km": 0.03285398842751201
    }, {
        "stage": 82,
        "start": [-77.418527, 38.961388],
        "end": [-77.417675, 38.961176],
        "km": 0.09487256765688494
    }, {
        "stage": 83,
        "start": [-77.417675, 38.961176],
        "end": [-77.417539, 38.96114],
        "km": 0.015146732796918925
    }, {
        "stage": 84,
        "start": [-77.417539, 38.96114],
        "end": [-77.417264, 38.961076],
        "km": 0.030616448394118135
    }, {
        "stage": 85,
        "start": [-77.417264, 38.961076],
        "end": [-77.416862, 38.960961],
        "km": 0.0447849744419837
    }, {
        "stage": 86,
        "start": [-77.416862, 38.960961],
        "end": [-77.416502, 38.960844],
        "km": 0.040128534706938564
    }, {
        "stage": 87,
        "start": [-77.416502, 38.960844],
        "end": [-77.416052, 38.960708],
        "km": 0.05014355850690624
    }, {
        "stage": 88,
        "start": [-77.416052, 38.960708],
        "end": [-77.415457, 38.960513],
        "km": 0.066326220318649
    }, {
        "stage": 89,
        "start": [-77.415457, 38.960513],
        "end": [-77.414379, 38.96007],
        "km": 0.12034191646484976
    }, {
        "stage": 90,
        "start": [-77.414379, 38.96007],
        "end": [-77.414005, 38.959944],
        "km": 0.04169685780271864
    }, {
        "stage": 91,
        "start": [-77.414005, 38.959944],
        "end": [-77.413284, 38.95969],
        "km": 0.0804035827961477
    }, {
        "stage": 92,
        "start": [-77.413284, 38.95969],
        "end": [-77.41228, 38.959334],
        "km": 0.11196716478705444
    }, {
        "stage": 93,
        "start": [-77.41228, 38.959334],
        "end": [-77.411546, 38.959069],
        "km": 0.08186541317159964
    }, {
        "stage": 94,
        "start": [-77.411546, 38.959069],
        "end": [-77.410859, 38.958821],
        "km": 0.07662333195716624
    }, {
        "stage": 95,
        "start": [-77.410859, 38.958821],
        "end": [-77.409699, 38.958409],
        "km": 0.12936582337125482
    }, {
        "stage": 96,
        "start": [-77.409699, 38.958409],
        "end": [-77.408908, 38.958126],
        "km": 0.08821803025718383
    }, {
        "stage": 97,
        "start": [-77.408908, 38.958126],
        "end": [-77.408217, 38.957881],
        "km": 0.07706118631578597
    }, {
        "stage": 98,
        "start": [-77.408217, 38.957881],
        "end": [-77.407592, 38.957658],
        "km": 0.06970346666351919
    }, {
        "stage": 99,
        "start": [-77.407592, 38.957658],
        "end": [-77.40467, 38.956635],
        "km": 0.32584118322653693
    }, {
        "stage": 100,
        "start": [-77.40467, 38.956635],
        "end": [-77.404323, 38.956511],
        "km": 0.0386998486848509
    }, {
        "stage": 101,
        "start": [-77.404323, 38.956511],
        "end": [-77.403926, 38.956363],
        "km": 0.04428790747090981
    }, {
        "stage": 102,
        "start": [-77.403926, 38.956363],
        "end": [-77.40197, 38.955664],
        "km": 0.21814635726398351
    }, {
        "stage": 103,
        "start": [-77.40197, 38.955664],
        "end": [-77.401414, 38.955473],
        "km": 0.061994709644489256
    }, {
        "stage": 104,
        "start": [-77.401414, 38.955473],
        "end": [-77.400962, 38.955321],
        "km": 0.05039275131355208
    }, {
        "stage": 105,
        "start": [-77.400962, 38.955321],
        "end": [-77.400581, 38.9552],
        "km": 0.04246471336405034
    }, {
        "stage": 106,
        "start": [-77.400581, 38.9552],
        "end": [-77.400168, 38.955074],
        "km": 0.046022805879460824
    }, {
        "stage": 107,
        "start": [-77.400168, 38.955074],
        "end": [-77.39977, 38.954958],
        "km": 0.044342813890156076
    }, {
        "stage": 108,
        "start": [-77.39977, 38.954958],
        "end": [-77.399313, 38.954826],
        "km": 0.050914298816628296
    }, {
        "stage": 109,
        "start": [-77.399313, 38.954826],
        "end": [-77.398787, 38.954688],
        "km": 0.058581414616208013
    }, {
        "stage": 110,
        "start": [-77.398787, 38.954688],
        "end": [-77.398205, 38.95454],
        "km": 0.06481183151474694
    }, {
        "stage": 111,
        "start": [-77.398205, 38.95454],
        "end": [-77.397648, 38.954415],
        "km": 0.062006773742410544
    }, {
        "stage": 112,
        "start": [-77.397648, 38.954415],
        "end": [-77.397088, 38.954296],
        "km": 0.0623330675471663
    }, {
        "stage": 113,
        "start": [-77.397088, 38.954296],
        "end": [-77.396371, 38.95415],
        "km": 0.07980157502346197
    }, {
        "stage": 114,
        "start": [-77.396371, 38.95415],
        "end": [-77.395982, 38.954079],
        "km": 0.043287059928777544
    }, {
        "stage": 115,
        "start": [-77.395982, 38.954079],
        "end": [-77.395399, 38.953981],
        "km": 0.06486714832489021
    }, {
        "stage": 116,
        "start": [-77.395399, 38.953981],
        "end": [-77.394494, 38.953844],
        "km": 0.10068145803343165
    }, {
        "stage": 117,
        "start": [-77.394494, 38.953844],
        "end": [-77.393664, 38.953711],
        "km": 0.09234379189746726
    }, {
        "stage": 118,
        "start": [-77.393664, 38.953711],
        "end": [-77.392982, 38.953603],
        "km": 0.07587655983646191
    }, {
        "stage": 119,
        "start": [-77.392982, 38.953603],
        "end": [-77.392237, 38.953496],
        "km": 0.08287697439971242
    }, {
        "stage": 120,
        "start": [-77.392237, 38.953496],
        "end": [-77.39182, 38.953436],
        "km": 0.04638889006972413
    }, {
        "stage": 121,
        "start": [-77.39182, 38.953436],
        "end": [-77.389629, 38.953104],
        "km": 0.2437496200788077
    }, {
        "stage": 122,
        "start": [-77.389629, 38.953104],
        "end": [-77.388576, 38.952941],
        "km": 0.11714948332922498
    }, {
        "stage": 123,
        "start": [-77.388576, 38.952941],
        "end": [-77.387867, 38.952825],
        "km": 0.07888372430308441
    }, {
        "stage": 124,
        "start": [-77.387867, 38.952825],
        "end": [-77.387334, 38.952693],
        "km": 0.05935061378061446
    }, {
        "stage": 125,
        "start": [-77.387334, 38.952693],
        "end": [-77.386956, 38.952633],
        "km": 0.04205495649894312
    }, {
        "stage": 126,
        "start": [-77.386956, 38.952633],
        "end": [-77.386576, 38.95258],
        "km": 0.04227168538103375
    }, {
        "stage": 127,
        "start": [-77.386576, 38.95258],
        "end": [-77.38621, 38.952539],
        "km": 0.0407075768548727
    }, {
        "stage": 128,
        "start": [-77.38621, 38.952539],
        "end": [-77.385786, 38.952503],
        "km": 0.047152486618326835
    }, {
        "stage": 129,
        "start": [-77.385786, 38.952503],
        "end": [-77.385282, 38.952462],
        "km": 0.05604837676127554
    }, {
        "stage": 130,
        "start": [-77.385282, 38.952462],
        "end": [-77.384737, 38.952427],
        "km": 0.06060425719638349
    }, {
        "stage": 131,
        "start": [-77.384737, 38.952427],
        "end": [-77.384059, 38.952398],
        "km": 0.07538982405063467
    }, {
        "stage": 132,
        "start": [-77.384059, 38.952398],
        "end": [-77.383482, 38.952377],
        "km": 0.06415835676611485
    }, {
        "stage": 133,
        "start": [-77.383482, 38.952377],
        "end": [-77.382981, 38.95236],
        "km": 0.05570751721866191
    }, {
        "stage": 134,
        "start": [-77.382981, 38.95236],
        "end": [-77.382538, 38.952358],
        "km": 0.049257067036048006
    }, {
        "stage": 135,
        "start": [-77.382538, 38.952358],
        "end": [-77.382069, 38.952362],
        "km": 0.05214800020491408
    }, {
        "stage": 136,
        "start": [-77.382069, 38.952362],
        "end": [-77.381652, 38.952379],
        "km": 0.04636790445645445
    }, {
        "stage": 137,
        "start": [-77.381652, 38.952379],
        "end": [-77.381223, 38.952398],
        "km": 0.047702574026438856
    }, {
        "stage": 138,
        "start": [-77.381223, 38.952398],
        "end": [-77.380627, 38.95244],
        "km": 0.06627681262296155
    }, {
        "stage": 139,
        "start": [-77.380627, 38.95244],
        "end": [-77.379954, 38.952482],
        "km": 0.07483751416461934
    }, {
        "stage": 140,
        "start": [-77.379954, 38.952482],
        "end": [-77.379228, 38.952526],
        "km": 0.08073070295548536
    }, {
        "stage": 141,
        "start": [-77.379228, 38.952526],
        "end": [-77.378651, 38.952561],
        "km": 0.06416193846005425
    }, {
        "stage": 142,
        "start": [-77.378651, 38.952561],
        "end": [-77.378323, 38.952585],
        "km": 0.03647477839729278
    }, {
        "stage": 143,
        "start": [-77.378323, 38.952585],
        "end": [-77.377756, 38.952619],
        "km": 0.06304987253027841
    }, {
        "stage": 144,
        "start": [-77.377756, 38.952619],
        "end": [-77.37708, 38.952663],
        "km": 0.07517171284664861
    }, {
        "stage": 145,
        "start": [-77.37708, 38.952663],
        "end": [-77.376509, 38.952709],
        "km": 0.06349907980063224
    }, {
        "stage": 146,
        "start": [-77.376509, 38.952709],
        "end": [-77.375974, 38.952747],
        "km": 0.05949370307026611
    }, {
        "stage": 147,
        "start": [-77.375974, 38.952747],
        "end": [-77.375668, 38.952772],
        "km": 0.034029456051776596
    }, {
        "stage": 148,
        "start": [-77.375668, 38.952772],
        "end": [-77.374701, 38.952839],
        "km": 0.1075326776517033
    }, {
        "stage": 149,
        "start": [-77.374701, 38.952839],
        "end": [-77.373879, 38.952889],
        "km": 0.09140592112546451
    }, {
        "stage": 150,
        "start": [-77.373879, 38.952889],
        "end": [-77.37315, 38.952926],
        "km": 0.08106222852110402
    }, {
        "stage": 151,
        "start": [-77.37315, 38.952926],
        "end": [-77.372547, 38.95295],
        "km": 0.06704979742619774
    }, {
        "stage": 152,
        "start": [-77.372547, 38.95295],
        "end": [-77.371293, 38.952978],
        "km": 0.1394333702823611
    }, {
        "stage": 153,
        "start": [-77.371293, 38.952978],
        "end": [-77.369569, 38.953001],
        "km": 0.19169163817974452
    }, {
        "stage": 154,
        "start": [-77.369569, 38.953001],
        "end": [-77.369033, 38.953001],
        "km": 0.05959767594564738
    }, {
        "stage": 155,
        "start": [-77.369033, 38.953001],
        "end": [-77.368181, 38.952995],
        "km": 0.09473363961634973
    }, {
        "stage": 156,
        "start": [-77.368181, 38.952995],
        "end": [-77.367326, 38.952978],
        "km": 0.09506799607443324
    }, {
        "stage": 157,
        "start": [-77.367326, 38.952978],
        "end": [-77.366665, 38.952958],
        "km": 0.07349790728251906
    }, {
        "stage": 158,
        "start": [-77.366665, 38.952958],
        "end": [-77.365879, 38.952927],
        "km": 0.08739826463328661
    }, {
        "stage": 159,
        "start": [-77.365879, 38.952927],
        "end": [-77.365018, 38.952886],
        "km": 0.09573941845582766
    }, {
        "stage": 160,
        "start": [-77.365018, 38.952886],
        "end": [-77.364046, 38.952827],
        "km": 0.10808575525635572
    }, {
        "stage": 161,
        "start": [-77.364046, 38.952827],
        "end": [-77.363098, 38.952758],
        "km": 0.10542107849414548
    }, {
        "stage": 162,
        "start": [-77.363098, 38.952758],
        "end": [-77.362395, 38.952699],
        "km": 0.07817947679250986
    }, {
        "stage": 163,
        "start": [-77.362395, 38.952699],
        "end": [-77.360852, 38.952463],
        "km": 0.17166153677119833
    }, {
        "stage": 164,
        "start": [-77.360852, 38.952463],
        "end": [-77.360583, 38.95242],
        "km": 0.0299283337206941
    }, {
        "stage": 165,
        "start": [-77.360583, 38.95242],
        "end": [-77.360361, 38.952376],
        "km": 0.02470735262549313
    }, {
        "stage": 166,
        "start": [-77.360361, 38.952376],
        "end": [-77.36016, 38.952334],
        "km": 0.0223724564029596
    }, {
        "stage": 167,
        "start": [-77.36016, 38.952334],
        "end": [-77.359979, 38.95229],
        "km": 0.020153729257599493
    }, {
        "stage": 168,
        "start": [-77.359979, 38.95229],
        "end": [-77.359822, 38.952246],
        "km": 0.017489425249023766
    }, {
        "stage": 169,
        "start": [-77.359822, 38.952246],
        "end": [-77.35962, 38.952178],
        "km": 0.022521202934378655
    }, {
        "stage": 170,
        "start": [-77.35962, 38.952178],
        "end": [-77.35943, 38.9521],
        "km": 0.021211017891404425
    }, {
        "stage": 171,
        "start": [-77.35943, 38.9521],
        "end": [-77.359243, 38.952009],
        "km": 0.020909988427575996
    }, {
        "stage": 172,
        "start": [-77.359243, 38.952009],
        "end": [-77.358934, 38.951825],
        "km": 0.034648026060947454
    }, {
        "stage": 173,
        "start": [-77.358934, 38.951825],
        "end": [-77.35858, 38.951565],
        "km": 0.03986627303649349
    }, {
        "stage": 174,
        "start": [-77.35858, 38.951565],
        "end": [-77.35832, 38.951368],
        "km": 0.029304087854732232
    }, {
        "stage": 175,
        "start": [-77.35832, 38.951368],
        "end": [-77.358036, 38.951142],
        "km": 0.03205314714186748
    }, {
        "stage": 176,
        "start": [-77.358036, 38.951142],
        "end": [-77.357929, 38.951062],
        "km": 0.012055455270142503
    }, {
        "stage": 177,
        "start": [-77.357929, 38.951062],
        "end": [-77.357806, 38.950989],
        "km": 0.013791118853141476
    }, {
        "stage": 178,
        "start": [-77.357806, 38.950989],
        "end": [-77.357661, 38.950925],
        "km": 0.01619758632595637
    }, {
        "stage": 179,
        "start": [-77.357661, 38.950925],
        "end": [-77.357525, 38.950878],
        "km": 0.015165165634591252
    }, {
        "stage": 180,
        "start": [-77.357525, 38.950878],
        "end": [-77.357367, 38.950837],
        "km": 0.017596275812786354
    }, {
        "stage": 181,
        "start": [-77.357367, 38.950837],
        "end": [-77.35688, 38.950775],
        "km": 0.054170356301908126
    }, {
        "stage": 182,
        "start": [-77.35688, 38.950775],
        "end": [-77.356792, 38.950783],
        "km": 0.009786156649015587
    }, {
        "stage": 183,
        "start": [-77.356792, 38.950783],
        "end": [-77.35672, 38.950802],
        "km": 0.008018697157311828
    }, {
        "stage": 184,
        "start": [-77.35672, 38.950802],
        "end": [-77.356662, 38.950831],
        "km": 0.006487319139799346
    }, {
        "stage": 185,
        "start": [-77.356662, 38.950831],
        "end": [-77.356609, 38.950877],
        "km": 0.0059986908157542
    }, {
        "stage": 186,
        "start": [-77.356609, 38.950877],
        "end": [-77.356561, 38.950969],
        "km": 0.005786882651760257
    }, {
        "stage": 187,
        "start": [-77.356561, 38.950969],
        "end": [-77.356379, 38.951677],
        "km": 0.02657840071252254
    }, {
        "stage": 188,
        "start": [-77.356379, 38.951677],
        "end": [-77.356082, 38.952733],
        "km": 0.041845935507266056
    }, {
        "stage": 189,
        "start": [-77.356082, 38.952733],
        "end": [-77.356028, 38.952923],
        "km": 0.00757901650080762
    }, {
        "stage": 190,
        "start": [-77.356028, 38.952923],
        "end": [-77.355946, 38.953161],
        "km": 0.010802516503253121
    }, {
        "stage": 191,
        "start": [-77.355946, 38.953161],
        "end": [-77.3558, 38.953563],
        "km": 0.01895431763582759
    }, {
        "stage": 192,
        "start": [-77.3558, 38.953563],
        "end": [-77.35577, 38.953664],
        "km": 0.004143375684380795
    }, {
        "stage": 193,
        "start": [-77.35577, 38.953664],
        "end": [-77.355644, 38.954084],
        "km": 0.017342729895227497
    }, {
        "stage": 194,
        "start": [-77.355644, 38.954084],
        "end": [-77.355575, 38.954322],
        "km": 0.0096133478112001
    }, {
        "stage": 195,
        "start": [-77.355575, 38.954322],
        "end": [-77.355368, 38.955062],
        "km": 0.029225871217946685
    }, {
        "stage": 196,
        "start": [-77.355368, 38.955062],
        "end": [-77.355323, 38.955215],
        "km": 0.006236594983360589
    }, {
        "stage": 197,
        "start": [-77.355323, 38.955215],
        "end": [-77.355222, 38.955568],
        "km": 0.014139899651528827
    }, {
        "stage": 198,
        "start": [-77.355222, 38.955568],
        "end": [-77.355131, 38.955888],
        "km": 0.012769153703047853
    }, {
        "stage": 199,
        "start": [-77.355131, 38.955888],
        "end": [-77.355039, 38.956225],
        "km": 0.013112129965802365
    }, {
        "stage": 200,
        "start": [-77.355039, 38.956225],
        "end": [-77.35497, 38.956457],
        "km": 0.009526240867872527
    }, {
        "stage": 201,
        "start": [-77.35497, 38.956457],
        "end": [-77.354912, 38.956676],
        "km": 0.008367377901373053
    }, {
        "stage": 202,
        "start": [-77.354912, 38.956676],
        "end": [-77.354899, 38.956725],
        "km": 0.001874731715420106
    }, {
        "stage": 203,
        "start": [-77.354899, 38.956725],
        "end": [-77.354817, 38.95702],
        "km": 0.011605645801779921
    }, {
        "stage": 204,
        "start": [-77.354817, 38.95702],
        "end": [-77.354776, 38.957162],
        "km": 0.005721102687653054
    }, {
        "stage": 205,
        "start": [-77.354776, 38.957162],
        "end": [-77.354762, 38.957214],
        "km": 0.0020070610578951592
    }, {
        "stage": 206,
        "start": [-77.354762, 38.957214],
        "end": [-77.354731, 38.957316],
        "km": 0.00424755351835825
    }, {
        "stage": 207,
        "start": [-77.354731, 38.957316],
        "end": [-77.354952, 38.957364],
        "km": 0.024600433842785093
    }, {
        "stage": 208,
        "start": [-77.354952, 38.957364],
        "end": [-77.355081, 38.957389],
        "km": 0.014356213399748442
    }, {
        "stage": 209,
        "start": [-77.355081, 38.957389],
        "end": [-77.355313, 38.957417],
        "km": 0.025804924638534763
    }, {
        "stage": 210,
        "start": [-77.355313, 38.957417],
        "end": [-77.355479, 38.957436],
        "km": 0.018463233951158866
    }, {
        "stage": 211,
        "start": [-77.355479, 38.957436],
        "end": [-77.355587, 38.957448],
        "km": 0.012012020142863875
    }, {
        "stage": 212,
        "start": [-77.355587, 38.957448],
        "end": [-77.355813, 38.957466],
        "km": 0.025132630779776184
    }, {
        "stage": 213,
        "start": [-77.355813, 38.957466],
        "end": [-77.35603, 38.957475],
        "km": 0.024128844648427468
    }, {
        "stage": 214,
        "start": [-77.35603, 38.957475],
        "end": [-77.356292, 38.95748],
        "km": 0.029131826851303586
    }, {
        "stage": 215,
        "start": [-77.356292, 38.95748],
        "end": [-77.356539, 38.957471],
        "km": 0.02746469248290415
    }, {
        "stage": 216,
        "start": [-77.356539, 38.957471],
        "end": [-77.356804, 38.957448],
        "km": 0.029470602761900416
    }, {
        "stage": 217,
        "start": [-77.356804, 38.957448],
        "end": [-77.356921, 38.957437],
        "km": 0.013012091207622783
    }, {
        "stage": 218,
        "start": [-77.356921, 38.957437],
        "end": [-77.357062, 38.957422],
        "km": 0.015681970541250256
    }, {
        "stage": 219,
        "start": [-77.357062, 38.957422],
        "end": [-77.357354, 38.957375],
        "km": 0.03248739871551311
    }, {
        "stage": 220,
        "start": [-77.357354, 38.957375],
        "end": [-77.357791, 38.957298],
        "km": 0.04862594436204836
    }, {
        "stage": 221,
        "start": [-77.357791, 38.957298],
        "end": [-77.358209, 38.957202],
        "km": 0.04653600851647454
    }, {
        "stage": 222,
        "start": [-77.358209, 38.957202],
        "end": [-77.358603, 38.957161],
        "km": 0.0438200704645227
    }, {
        "stage": 223,
        "start": [-77.358603, 38.957161],
        "end": [-77.358603, 38.957256],
        "km": 0.002311714354330892
    }, {
        "stage": 224,
        "start": [-77.358603, 38.957256],
        "end": [-77.358601, 38.95754],
        "km": 0.006913668958325366
    }, {
        "stage": 225,
        "start": [-77.358601, 38.95754],
        "end": [-77.3586, 38.957794],
        "km": 0.006181441326480587
    }, {
        "stage": 226,
        "start": [-77.3586, 38.957794],
        "end": [-77.3586, 38.957872],
        "km": 0.0018962398575128948
    }, {
        "stage": 227,
        "start": [-77.3586, 38.957872],
        "end": [-77.358599, 38.95793],
        "km": 0.0014144360288314652
    }, {
        "stage": 228,
        "start": [-77.358599, 38.95793],
        "end": [-77.358596, 38.958628],
        "km": 0.0169878270437635
    }, {
        "stage": 229,
        "start": [-77.358596, 38.958628],
        "end": [-77.358596, 38.958722],
        "km": 0.0022862347406145235
    }, {
        "stage": 230,
        "start": [-77.358596, 38.958722],
        "end": [-77.35851, 38.958721],
        "km": 0.009562121374803879
    }, {
        "stage": 231,
        "start": [-77.35851, 38.958721],
        "end": [-77.358263, 38.95872],
        "km": 0.02746370809120428
    }],
    "km": 11.837670319715977
}