{
    "route_id": "route-h",
    "profile": "normal",
    "triggers": [{
        "occurances": 0,
        "type": "dtc"
    }, {
        "occurances": 0,
        "type": "brake"
    }, {
        "occurances": 0,
        "type": "oiltemp"
    }],
    "end": ["-77.01004", "38.89227900000003"],
    "description": "Normal - DCA to US HOR",
    "name": "Route H",
    "start": ["-77.04421500000001", "38.852934000000005"],
    "stages": [{
        "stage": 0,
        "start": [-77.044215, 38.852934],
        "end": [-77.0446, 38.853894],
        "km": 0.0490430015209379
    }, {
        "stage": 1,
        "start": [-77.0446, 38.853894],
        "end": [-77.044814, 38.854428],
        "km": 0.027264958589573608
    }, {
        "stage": 2,
        "start": [-77.044814, 38.854428],
        "end": [-77.044916, 38.854678],
        "km": 0.012940907605615278
    }, {
        "stage": 3,
        "start": [-77.044916, 38.854678],
        "end": [-77.04497, 38.854829],
        "km": 0.007086183214584799
    }, {
        "stage": 4,
        "start": [-77.04497, 38.854829],
        "end": [-77.045002, 38.854971],
        "km": 0.005018775036575049
    }, {
        "stage": 5,
        "start": [-77.045002, 38.854971],
        "end": [-77.045002, 38.855105],
        "km": 0.003340159035038011
    }, {
        "stage": 6,
        "start": [-77.045002, 38.855105],
        "end": [-77.044965, 38.855355],
        "km": 0.007467615965589775
    }, {
        "stage": 7,
        "start": [-77.044965, 38.855355],
        "end": [-77.044804, 38.855919],
        "km": 0.022762401807743856
    }, {
        "stage": 8,
        "start": [-77.044804, 38.855919],
        "end": [-77.044793, 38.856103],
        "km": 0.004746536527315681
    }, {
        "stage": 9,
        "start": [-77.044793, 38.856103],
        "end": [-77.044836, 38.856258],
        "km": 0.006147818480325148
    }, {
        "stage": 10,
        "start": [-77.044836, 38.856258],
        "end": [-77.045034, 38.856749],
        "km": 0.025189042471821122
    }, {
        "stage": 11,
        "start": [-77.045034, 38.856749],
        "end": [-77.045217, 38.857202],
        "km": 0.02327100568809553
    }, {
        "stage": 12,
        "start": [-77.045217, 38.857202],
        "end": [-77.045266, 38.857311],
        "km": 0.006088901754738927
    }, {
        "stage": 13,
        "start": [-77.045266, 38.857311],
        "end": [-77.04534, 38.857477],
        "km": 0.00920974874698379
    }, {
        "stage": 14,
        "start": [-77.04534, 38.857477],
        "end": [-77.045474, 38.85777],
        "km": 0.016592794637630526
    }, {
        "stage": 15,
        "start": [-77.045474, 38.85777],
        "end": [-77.045603, 38.858154],
        "km": 0.0172437171065299
    }, {
        "stage": 16,
        "start": [-77.045603, 38.858154],
        "end": [-77.045776, 38.858721],
        "km": 0.023869557768284633
    }, {
        "stage": 17,
        "start": [-77.045776, 38.858721],
        "end": [-77.045811, 38.858901],
        "km": 0.005939053448021092
    }, {
        "stage": 18,
        "start": [-77.045811, 38.858901],
        "end": [-77.045824, 38.859078],
        "km": 0.004641908880247196
    }, {
        "stage": 19,
        "start": [-77.045824, 38.859078],
        "end": [-77.045797, 38.859331],
        "km": 0.006984992574193486
    }, {
        "stage": 20,
        "start": [-77.045797, 38.859331],
        "end": [-77.045793, 38.859427],
        "km": 0.0024332655520002567
    }, {
        "stage": 21,
        "start": [-77.045793, 38.859427],
        "end": [-77.045767, 38.859599],
        "km": 0.005171764864232018
    }, {
        "stage": 22,
        "start": [-77.045767, 38.859599],
        "end": [-77.045729, 38.859857],
        "km": 0.007695246864728882
    }, {
        "stage": 23,
        "start": [-77.045729, 38.859857],
        "end": [-77.045659, 38.860158],
        "km": 0.010810855640285708
    }, {
        "stage": 24,
        "start": [-77.045659, 38.860158],
        "end": [-77.045573, 38.860388],
        "km": 0.011149007077008938
    }, {
        "stage": 25,
        "start": [-77.045573, 38.860388],
        "end": [-77.04545, 38.860663],
        "km": 0.015297697691427707
    }, {
        "stage": 26,
        "start": [-77.04545, 38.860663],
        "end": [-77.045241, 38.861104],
        "km": 0.025707304932071302
    }, {
        "stage": 27,
        "start": [-77.045241, 38.861104],
        "end": [-77.044715, 38.861779],
        "km": 0.060857928683132965
    }, {
        "stage": 28,
        "start": [-77.044715, 38.861779],
        "end": [-77.044232, 38.862326],
        "km": 0.05540857171187425
    }, {
        "stage": 29,
        "start": [-77.044232, 38.862326],
        "end": [-77.043878, 38.862677],
        "km": 0.04032198843840452
    }, {
        "stage": 30,
        "start": [-77.043878, 38.862677],
        "end": [-77.042896, 38.863508],
        "km": 0.11113619727100807
    }, {
        "stage": 31,
        "start": [-77.042896, 38.863508],
        "end": [-77.041813, 38.864485],
        "km": 0.122857274159983
    }, {
        "stage": 32,
        "start": [-77.041813, 38.864485],
        "end": [-77.041773, 38.864524],
        "km": 0.004552717900851157
    }, {
        "stage": 33,
        "start": [-77.041773, 38.864524],
        "end": [-77.041239, 38.865045],
        "km": 0.06077969214102176
    }, {
        "stage": 34,
        "start": [-77.041239, 38.865045],
        "end": [-77.040879, 38.865454],
        "km": 0.04130686877991749
    }, {
        "stage": 35,
        "start": [-77.040879, 38.865454],
        "end": [-77.040779, 38.865587],
        "km": 0.011602539365481826
    }, {
        "stage": 36,
        "start": [-77.040779, 38.865587],
        "end": [-77.040638, 38.865772],
        "km": 0.016342153626345807
    }, {
        "stage": 37,
        "start": [-77.040638, 38.865772],
        "end": [-77.040564, 38.865897],
        "km": 0.008798906090263646
    }, {
        "stage": 38,
        "start": [-77.040564, 38.865897],
        "end": [-77.04042, 38.866142],
        "km": 0.017137297661754973
    }, {
        "stage": 39,
        "start": [-77.04042, 38.866142],
        "end": [-77.04038, 38.86621],
        "km": 0.004758861520570728
    }, {
        "stage": 40,
        "start": [-77.04038, 38.86621],
        "end": [-77.040328, 38.866304],
        "km": 0.006238762098147727
    }, {
        "stage": 41,
        "start": [-77.040328, 38.866304],
        "end": [-77.040275, 38.866412],
        "km": 0.006479674323759203
    }, {
        "stage": 42,
        "start": [-77.040275, 38.866412],
        "end": [-77.040225, 38.866511],
        "km": 0.0060829786971553935
    }, {
        "stage": 43,
        "start": [-77.040225, 38.866511],
        "end": [-77.040181, 38.866613],
        "km": 0.005514159982566714
    }, {
        "stage": 44,
        "start": [-77.040181, 38.866613],
        "end": [-77.040149, 38.866704],
        "km": 0.004218813946367155
    }, {
        "stage": 45,
        "start": [-77.040149, 38.866704],
        "end": [-77.040113, 38.866806],
        "km": 0.004741787615143863
    }, {
        "stage": 46,
        "start": [-77.040113, 38.866806],
        "end": [-77.040075, 38.866916],
        "km": 0.005037593828743253
    }, {
        "stage": 47,
        "start": [-77.040075, 38.866916],
        "end": [-77.040044, 38.86703],
        "km": 0.004468808053850352
    }, {
        "stage": 48,
        "start": [-77.040044, 38.86703],
        "end": [-77.040025, 38.867131],
        "km": 0.0032871264774671873
    }, {
        "stage": 49,
        "start": [-77.040025, 38.867131],
        "end": [-77.04, 38.867246],
        "km": 0.003993865693240112
    }, {
        "stage": 50,
        "start": [-77.04, 38.867246],
        "end": [-77.039978, 38.867372],
        "km": 0.003981436034399862
    }, {
        "stage": 51,
        "start": [-77.039978, 38.867372],
        "end": [-77.03996, 38.867477],
        "km": 0.003293973238639944
    }, {
        "stage": 52,
        "start": [-77.03996, 38.867477],
        "end": [-77.039952, 38.867572],
        "km": 0.0025295076511962
    }, {
        "stage": 53,
        "start": [-77.039952, 38.867572],
        "end": [-77.039936, 38.867698],
        "km": 0.0036111130821639935
    }, {
        "stage": 54,
        "start": [-77.039936, 38.867698],
        "end": [-77.039931, 38.867817],
        "km": 0.003019931410691513
    }, {
        "stage": 55,
        "start": [-77.039931, 38.867817],
        "end": [-77.039926, 38.867912],
        "km": 0.0024332655520002567
    }, {
        "stage": 56,
        "start": [-77.039926, 38.867912],
        "end": [-77.03993, 38.868025],
        "km": 0.0028526645040482853
    }, {
        "stage": 57,
        "start": [-77.03993, 38.868025],
        "end": [-77.039938, 38.868132],
        "km": 0.0028128986264360175
    }, {
        "stage": 58,
        "start": [-77.039938, 38.868132],
        "end": [-77.039949, 38.868245],
        "km": 0.0030717096626070015
    }, {
        "stage": 59,
        "start": [-77.039949, 38.868245],
        "end": [-77.039964, 38.868357],
        "km": 0.003251290904427404
    }, {
        "stage": 60,
        "start": [-77.039964, 38.868357],
        "end": [-77.03998, 38.868465],
        "km": 0.0032276448385746225
    }, {
        "stage": 61,
        "start": [-77.03998, 38.868465],
        "end": [-77.040003, 38.868573],
        "km": 0.003713235881431
    }, {
        "stage": 62,
        "start": [-77.040003, 38.868573],
        "end": [-77.04003, 38.868687],
        "km": 0.004133576595334784
    }, {
        "stage": 63,
        "start": [-77.04003, 38.868687],
        "end": [-77.04006, 38.868789],
        "km": 0.004194176762037419
    }, {
        "stage": 64,
        "start": [-77.04006, 38.868789],
        "end": [-77.040092, 38.868894],
        "km": 0.004417085169934224
    }, {
        "stage": 65,
        "start": [-77.040092, 38.868894],
        "end": [-77.040128, 38.869002],
        "km": 0.004824685691743323
    }, {
        "stage": 66,
        "start": [-77.040128, 38.869002],
        "end": [-77.040182, 38.869125],
        "km": 0.0067420871493015155
    }, {
        "stage": 67,
        "start": [-77.040182, 38.869125],
        "end": [-77.040223, 38.869221],
        "km": 0.005148187257049734
    }, {
        "stage": 68,
        "start": [-77.040223, 38.869221],
        "end": [-77.040272, 38.869309],
        "km": 0.005873443394523717
    }, {
        "stage": 69,
        "start": [-77.040272, 38.869309],
        "end": [-77.040338, 38.86943],
        "km": 0.007934528303810758
    }, {
        "stage": 70,
        "start": [-77.040338, 38.86943],
        "end": [-77.040392, 38.869521],
        "km": 0.006418890009075189
    }, {
        "stage": 71,
        "start": [-77.040392, 38.869521],
        "end": [-77.040442, 38.869605],
        "km": 0.00594132909282573
    }, {
        "stage": 72,
        "start": [-77.040442, 38.869605],
        "end": [-77.040521, 38.869721],
        "km": 0.00924783195043736
    }, {
        "stage": 73,
        "start": [-77.040521, 38.869721],
        "end": [-77.040578, 38.869802],
        "km": 0.006651251028377954
    }, {
        "stage": 74,
        "start": [-77.040578, 38.869802],
        "end": [-77.040649, 38.869903],
        "km": 0.008286207600831472
    }, {
        "stage": 75,
        "start": [-77.040649, 38.869903],
        "end": [-77.040725, 38.870007],
        "km": 0.00883926942851282
    }, {
        "stage": 76,
        "start": [-77.040725, 38.870007],
        "end": [-77.04091, 38.870272],
        "km": 0.02160545012027669
    }, {
        "stage": 77,
        "start": [-77.04091, 38.870272],
        "end": [-77.040984, 38.87036],
        "km": 0.008515238905759276
    }, {
        "stage": 78,
        "start": [-77.040984, 38.87036],
        "end": [-77.041134, 38.870528],
        "km": 0.017196355310299265
    }, {
        "stage": 79,
        "start": [-77.041134, 38.870528],
        "end": [-77.041307, 38.870702],
        "km": 0.01971910311707506
    }, {
        "stage": 80,
        "start": [-77.041307, 38.870702],
        "end": [-77.041591, 38.870972],
        "km": 0.032287475219417695
    }, {
        "stage": 81,
        "start": [-77.041591, 38.870972],
        "end": [-77.041858, 38.871254],
        "km": 0.030508822763918184
    }, {
        "stage": 82,
        "start": [-77.041858, 38.871254],
        "end": [-77.04195, 38.871368],
        "km": 0.010616974134589728
    }, {
        "stage": 83,
        "start": [-77.04195, 38.871368],
        "end": [-77.04213, 38.871563],
        "km": 0.020596249708050435
    }, {
        "stage": 84,
        "start": [-77.04213, 38.871563],
        "end": [-77.042588, 38.872129],
        "km": 0.05284393960803848
    }, {
        "stage": 85,
        "start": [-77.042588, 38.872129],
        "end": [-77.042651, 38.872243],
        "km": 0.00755937168557323
    }, {
        "stage": 86,
        "start": [-77.042651, 38.872243],
        "end": [-77.042672, 38.872335],
        "km": 0.003273389992476496
    }, {
        "stage": 87,
        "start": [-77.042672, 38.872335],
        "end": [-77.042675, 38.87243],
        "km": 0.00239029471900513
    }, {
        "stage": 88,
        "start": [-77.042675, 38.87243],
        "end": [-77.04264, 38.872528],
        "km": 0.004595078841501963
    }, {
        "stage": 89,
        "start": [-77.04264, 38.872528],
        "end": [-77.042521, 38.87267],
        "km": 0.013697027418665776
    }, {
        "stage": 90,
        "start": [-77.042521, 38.87267],
        "end": [-77.042382, 38.872935],
        "km": 0.016808369847329977
    }, {
        "stage": 91,
        "start": [-77.042382, 38.872935],
        "end": [-77.040922, 38.874442],
        "km": 0.16662860984356823
    }, {
        "stage": 92,
        "start": [-77.040922, 38.874442],
        "end": [-77.040665, 38.874712],
        "km": 0.029358009505111166
    }, {
        "stage": 93,
        "start": [-77.040665, 38.874712],
        "end": [-77.038489, 38.876952],
        "km": 0.2483130975337792
    }, {
        "stage": 94,
        "start": [-77.038489, 38.876952],
        "end": [-77.037586, 38.877881],
        "km": 0.10304288058263282
    }, {
        "stage": 95,
        "start": [-77.037586, 38.877881],
        "end": [-77.037445, 38.877994],
        "km": 0.015929138974207984
    }, {
        "stage": 96,
        "start": [-77.037445, 38.877994],
        "end": [-77.037375, 38.878056],
        "km": 0.007935096171287157
    }, {
        "stage": 97,
        "start": [-77.037375, 38.878056],
        "end": [-77.037282, 38.878141],
        "km": 0.010555682559448753
    }, {
        "stage": 98,
        "start": [-77.037282, 38.878141],
        "end": [-77.037193, 38.878225],
        "km": 0.01011535823674919
    }, {
        "stage": 99,
        "start": [-77.037193, 38.878225],
        "end": [-77.037123, 38.878288],
        "km": 0.00794077261251049
    }, {
        "stage": 100,
        "start": [-77.037123, 38.878288],
        "end": [-77.037086, 38.878321],
        "km": 0.004196324868074302
    }, {
        "stage": 101,
        "start": [-77.037086, 38.878321],
        "end": [-77.03696, 38.878424],
        "km": 0.01424340630500927
    }, {
        "stage": 102,
        "start": [-77.03696, 38.878424],
        "end": [-77.036858, 38.878489],
        "km": 0.011456373345015626
    }, {
        "stage": 103,
        "start": [-77.036858, 38.878489],
        "end": [-77.036746, 38.878553],
        "km": 0.012554925584949484
    }, {
        "stage": 104,
        "start": [-77.036746, 38.878553],
        "end": [-77.036626, 38.878616],
        "km": 0.013434962430377473
    }, {
        "stage": 105,
        "start": [-77.036626, 38.878616],
        "end": [-77.036509, 38.878674],
        "km": 0.013089429726399702
    }, {
        "stage": 106,
        "start": [-77.036509, 38.878674],
        "end": [-77.036387, 38.878722],
        "km": 0.013618176437643513
    }, {
        "stage": 107,
        "start": [-77.036387, 38.878722],
        "end": [-77.036255, 38.878773],
        "km": 0.01473231961749482
    }, {
        "stage": 108,
        "start": [-77.036255, 38.878773],
        "end": [-77.036125, 38.878813],
        "km": 0.014489303245967214
    }, {
        "stage": 109,
        "start": [-77.036125, 38.878813],
        "end": [-77.036004, 38.878849],
        "km": 0.01348384013074745
    }, {
        "stage": 110,
        "start": [-77.036004, 38.878849],
        "end": [-77.035859, 38.878883],
        "km": 0.016144644700408127
    }, {
        "stage": 111,
        "start": [-77.035859, 38.878883],
        "end": [-77.035724, 38.878909],
        "km": 0.01502456889191883
    }, {
        "stage": 112,
        "start": [-77.035724, 38.878909],
        "end": [-77.035593, 38.878927],
        "km": 0.014573026670055651
    }, {
        "stage": 113,
        "start": [-77.035593, 38.878927],
        "end": [-77.035453, 38.878942],
        "km": 0.015571244398359682
    }, {
        "stage": 114,
        "start": [-77.035453, 38.878942],
        "end": [-77.035307, 38.878955],
        "km": 0.01623676300050907
    }, {
        "stage": 115,
        "start": [-77.035307, 38.878955],
        "end": [-77.035166, 38.878965],
        "km": 0.015679671721940618
    }, {
        "stage": 116,
        "start": [-77.035166, 38.878965],
        "end": [-77.034887, 38.878968],
        "km": 0.031022020669548605
    }, {
        "stage": 117,
        "start": [-77.034887, 38.878968],
        "end": [-77.034732, 38.878966],
        "km": 0.017234568898697747
    }, {
        "stage": 118,
        "start": [-77.034732, 38.878966],
        "end": [-77.034624, 38.878964],
        "km": 0.012008643608674084
    }, {
        "stage": 119,
        "start": [-77.034624, 38.878964],
        "end": [-77.03446, 38.878964],
        "km": 0.01823535075265912
    }, {
        "stage": 120,
        "start": [-77.03446, 38.878964],
        "end": [-77.034326, 38.87896],
        "km": 0.014899891514261444
    }, {
        "stage": 121,
        "start": [-77.034326, 38.87896],
        "end": [-77.034195, 38.878961],
        "km": 0.014566222769369822
    }, {
        "stage": 122,
        "start": [-77.034195, 38.878961],
        "end": [-77.034043, 38.878962],
        "km": 0.016900869646587616
    }, {
        "stage": 123,
        "start": [-77.034043, 38.878962],
        "end": [-77.033897, 38.878968],
        "km": 0.01623454274027709
    }, {
        "stage": 124,
        "start": [-77.033897, 38.878968],
        "end": [-77.033768, 38.878979],
        "km": 0.014346166184170972
    }, {
        "stage": 125,
        "start": [-77.033768, 38.878979],
        "end": [-77.033621, 38.878993],
        "km": 0.01634876965993273
    }, {
        "stage": 126,
        "start": [-77.033621, 38.878993],
        "end": [-77.033481, 38.879013],
        "km": 0.01557442719309671
    }, {
        "stage": 127,
        "start": [-77.033481, 38.879013],
        "end": [-77.033344, 38.879036],
        "km": 0.015243404325659434
    }, {
        "stage": 128,
        "start": [-77.033344, 38.879036],
        "end": [-77.033205, 38.879063],
        "km": 0.015469923034596095
    }, {
        "stage": 129,
        "start": [-77.033205, 38.879063],
        "end": [-77.033073, 38.879092],
        "km": 0.014694958196353292
    }, {
        "stage": 130,
        "start": [-77.033073, 38.879092],
        "end": [-77.032939, 38.87913],
        "km": 0.01492980038893235
    }, {
        "stage": 131,
        "start": [-77.032939, 38.87913],
        "end": [-77.032805, 38.879174],
        "km": 0.01494005831099179
    }, {
        "stage": 132,
        "start": [-77.032805, 38.879174],
        "end": [-77.032684, 38.879216],
        "km": 0.013494863300916518
    }, {
        "stage": 133,
        "start": [-77.032684, 38.879216],
        "end": [-77.032552, 38.87927],
        "km": 0.014738741127642684
    }, {
        "stage": 134,
        "start": [-77.032552, 38.87927],
        "end": [-77.032435, 38.879318],
        "km": 0.013064275945470749
    }, {
        "stage": 135,
        "start": [-77.032435, 38.879318],
        "end": [-77.032309, 38.87937],
        "km": 0.014069938464913516
    }, {
        "stage": 136,
        "start": [-77.032309, 38.87937],
        "end": [-77.032205, 38.879426],
        "km": 0.01164750160272127
    }, {
        "stage": 137,
        "start": [-77.032205, 38.879426],
        "end": [-77.032105, 38.879479],
        "km": 0.011197400592791291
    }, {
        "stage": 138,
        "start": [-77.032105, 38.879479],
        "end": [-77.031984, 38.879552],
        "km": 0.013576422105729069
    }, {
        "stage": 139,
        "start": [-77.031984, 38.879552],
        "end": [-77.031885, 38.879614],
        "km": 0.011115411633593439
    }, {
        "stage": 140,
        "start": [-77.031885, 38.879614],
        "end": [-77.031767, 38.879696],
        "km": 0.013278769970064965
    }, {
        "stage": 141,
        "start": [-77.031767, 38.879696],
        "end": [-77.031671, 38.879767],
        "km": 0.010820021267739847
    }, {
        "stage": 142,
        "start": [-77.031671, 38.879767],
        "end": [-77.031585, 38.87983],
        "km": 0.00969037720284642
    }, {
        "stage": 143,
        "start": [-77.031585, 38.87983],
        "end": [-77.031466, 38.87992],
        "km": 0.013420868752594505
    }, {
        "stage": 144,
        "start": [-77.031466, 38.87992],
        "end": [-77.031363, 38.879995],
        "km": 0.01160448098561783
    }, {
        "stage": 145,
        "start": [-77.031363, 38.879995],
        "end": [-77.031268, 38.880064],
        "km": 0.01070278206943249
    }, {
        "stage": 146,
        "start": [-77.031268, 38.880064],
        "end": [-77.031157, 38.880144],
        "km": 0.012502416857460726
    }, {
        "stage": 147,
        "start": [-77.031157, 38.880144],
        "end": [-77.031057, 38.880217],
        "km": 0.011266802074173457
    }, {
        "stage": 148,
        "start": [-77.031057, 38.880217],
        "end": [-77.030966, 38.88029],
        "km": 0.010280608044514692
    }, {
        "stage": 149,
        "start": [-77.030966, 38.88029],
        "end": [-77.030859, 38.88037],
        "km": 0.012063301806970178
    }, {
        "stage": 150,
        "start": [-77.030859, 38.88037],
        "end": [-77.030691, 38.880547],
        "km": 0.01919479652996488
    }, {
        "stage": 151,
        "start": [-77.030691, 38.880547],
        "end": [-77.030595, 38.880618],
        "km": 0.010820021267739847
    }, {
        "stage": 152,
        "start": [-77.030595, 38.880618],
        "end": [-77.030481, 38.880707],
        "km": 0.012868629998233863
    }, {
        "stage": 153,
        "start": [-77.030481, 38.880707],
        "end": [-77.030388, 38.880774],
        "km": 0.010475123278447048
    }, {
        "stage": 154,
        "start": [-77.030388, 38.880774],
        "end": [-77.030285, 38.880856],
        "km": 0.011633953715711716
    }, {
        "stage": 155,
        "start": [-77.030285, 38.880856],
        "end": [-77.030186, 38.880929],
        "km": 0.011157894934190801
    }, {
        "stage": 156,
        "start": [-77.030186, 38.880929],
        "end": [-77.030077, 38.881006],
        "km": 0.012271426428513059
    }, {
        "stage": 157,
        "start": [-77.030077, 38.881006],
        "end": [-77.02997, 38.881083],
        "km": 0.012051343140529358
    }, {
        "stage": 158,
        "start": [-77.02997, 38.881083],
        "end": [-77.029866, 38.881157],
        "km": 0.011710004792865311
    }, {
        "stage": 159,
        "start": [-77.029866, 38.881157],
        "end": [-77.02977, 38.88122],
        "km": 0.010789160477432436
    }, {
        "stage": 160,
        "start": [-77.02977, 38.88122],
        "end": [-77.029652, 38.881302],
        "km": 0.013278769970064965
    }, {
        "stage": 161,
        "start": [-77.029652, 38.881302],
        "end": [-77.029539, 38.881363],
        "km": 0.012656441839103312
    }, {
        "stage": 162,
        "start": [-77.029539, 38.881363],
        "end": [-77.02942, 38.881424],
        "km": 0.013318751047412158
    }, {
        "stage": 163,
        "start": [-77.02942, 38.881424],
        "end": [-77.029304, 38.881493],
        "km": 0.013012437490305043
    }, {
        "stage": 164,
        "start": [-77.029304, 38.881493],
        "end": [-77.029172, 38.88156],
        "km": 0.01477202697602096
    }, {
        "stage": 165,
        "start": [-77.029172, 38.88156],
        "end": [-77.029075, 38.881608],
        "km": 0.010852040001386896
    }, {
        "stage": 166,
        "start": [-77.029075, 38.881608],
        "end": [-77.028943, 38.881668],
        "km": 0.014753408369612938
    }, {
        "stage": 167,
        "start": [-77.028943, 38.881668],
        "end": [-77.028807, 38.881727],
        "km": 0.015193069539207066
    }, {
        "stage": 168,
        "start": [-77.028807, 38.881727],
        "end": [-77.028697, 38.881772],
        "km": 0.012282437131875362
    }, {
        "stage": 169,
        "start": [-77.028697, 38.881772],
        "end": [-77.028558, 38.881825],
        "km": 0.015512099665055871
    }, {
        "stage": 170,
        "start": [-77.028558, 38.881825],
        "end": [-77.028449, 38.881866],
        "km": 0.012162994062787442
    }, {
        "stage": 171,
        "start": [-77.028449, 38.881866],
        "end": [-77.028315, 38.88191],
        "km": 0.014939455098785585
    }, {
        "stage": 172,
        "start": [-77.028315, 38.88191],
        "end": [-77.028185, 38.881954],
        "km": 0.014496143249597167
    }, {
        "stage": 173,
        "start": [-77.028185, 38.881954],
        "end": [-77.028064, 38.881988],
        "km": 0.01348049799657026
    }, {
        "stage": 174,
        "start": [-77.028064, 38.881988],
        "end": [-77.027944, 38.882019],
        "km": 0.013365356855693273
    }, {
        "stage": 175,
        "start": [-77.027944, 38.882019],
        "end": [-77.027844, 38.882045],
        "km": 0.011138089559073396
    }, {
        "stage": 176,
        "start": [-77.027844, 38.882045],
        "end": [-77.027803, 38.882053],
        "km": 0.004563591849010295
    }, {
        "stage": 177,
        "start": [-77.027803, 38.882053],
        "end": [-77.027674, 38.882086],
        "km": 0.014367194496671539
    }, {
        "stage": 178,
        "start": [-77.027674, 38.882086],
        "end": [-77.027541, 38.882113],
        "km": 0.014803411798342419
    }, {
        "stage": 179,
        "start": [-77.027541, 38.882113],
        "end": [-77.027399, 38.882135],
        "km": 0.015798196370443034
    }, {
        "stage": 180,
        "start": [-77.027399, 38.882135],
        "end": [-77.026996, 38.882194],
        "km": 0.044833543873186756
    }, {
        "stage": 181,
        "start": [-77.026996, 38.882194],
        "end": [-77.026867, 38.882207],
        "km": 0.014346794341282474
    }, {
        "stage": 182,
        "start": [-77.026867, 38.882207],
        "end": [-77.026729, 38.882218],
        "km": 0.015346514936501235
    }, {
        "stage": 183,
        "start": [-77.026729, 38.882218],
        "end": [-77.026586, 38.882229],
        "km": 0.01590252669109653
    }, {
        "stage": 184,
        "start": [-77.026586, 38.882229],
        "end": [-77.026452, 38.882233],
        "km": 0.014899589098131471
    }, {
        "stage": 185,
        "start": [-77.026452, 38.882233],
        "end": [-77.026317, 38.882239],
        "km": 0.01501136733510722
    }, {
        "stage": 186,
        "start": [-77.026317, 38.882239],
        "end": [-77.026169, 38.882243],
        "km": 0.016456181216854198
    }, {
        "stage": 187,
        "start": [-77.026169, 38.882243],
        "end": [-77.02561, 38.882257],
        "km": 0.06215592754150657
    }, {
        "stage": 188,
        "start": [-77.02561, 38.882257],
        "end": [-77.025475, 38.882253],
        "km": 0.01501106716479285
    }, {
        "stage": 189,
        "start": [-77.025475, 38.882253],
        "end": [-77.025327, 38.882254],
        "km": 0.016456181216854198
    }, {
        "stage": 190,
        "start": [-77.025327, 38.882254],
        "end": [-77.02519, 38.882254],
        "km": 0.01523305487778011
    }, {
        "stage": 191,
        "start": [-77.02519, 38.882254],
        "end": [-77.025051, 38.882255],
        "km": 0.015455644223384083
    }, {
        "stage": 192,
        "start": [-77.025051, 38.882255],
        "end": [-77.024914, 38.882255],
        "km": 0.01523305487778011
    }, {
        "stage": 193,
        "start": [-77.024914, 38.882255],
        "end": [-77.024766, 38.882255],
        "km": 0.016456181216854198
    }, {
        "stage": 194,
        "start": [-77.024766, 38.882255],
        "end": [-77.024627, 38.882257],
        "km": 0.015455644223384083
    }, {
        "stage": 195,
        "start": [-77.024627, 38.882257],
        "end": [-77.024491, 38.882258],
        "km": 0.015122021405959198
    }, {
        "stage": 196,
        "start": [-77.024491, 38.882258],
        "end": [-77.024369, 38.882259],
        "km": 0.013565133044333138
    }, {
        "stage": 197,
        "start": [-77.024369, 38.882259],
        "end": [-77.024204, 38.882261],
        "km": 0.018346453568388592
    }, {
        "stage": 198,
        "start": [-77.024204, 38.882261],
        "end": [-77.02379, 38.88227],
        "km": 0.04603298700663641
    }, {
        "stage": 199,
        "start": [-77.02379, 38.88227],
        "end": [-77.023643, 38.882275],
        "km": 0.01634518630749464
    }, {
        "stage": 200,
        "start": [-77.023643, 38.882275],
        "end": [-77.023501, 38.882279],
        "km": 0.015789066773049424
    }, {
        "stage": 201,
        "start": [-77.023501, 38.882279],
        "end": [-77.023367, 38.882278],
        "km": 0.014899589098131471
    }, {
        "stage": 202,
        "start": [-77.023367, 38.882278],
        "end": [-77.023225, 38.882283],
        "km": 0.015789352152872374
    }, {
        "stage": 203,
        "start": [-77.023225, 38.882283],
        "end": [-77.02308, 38.882285],
        "km": 0.016122301480069493
    }, {
        "stage": 204,
        "start": [-77.02308, 38.882285],
        "end": [-77.022956, 38.882288],
        "km": 0.013787524394968505
    }, {
        "stage": 205,
        "start": [-77.022956, 38.882288],
        "end": [-77.02279, 38.882301],
        "km": 0.018460061049964015
    }, {
        "stage": 206,
        "start": [-77.02279, 38.882301],
        "end": [-77.022669, 38.882308],
        "km": 0.013455070647223594
    }, {
        "stage": 207,
        "start": [-77.022669, 38.882308],
        "end": [-77.022529, 38.882312],
        "km": 0.015566903174986886
    }, {
        "stage": 208,
        "start": [-77.022529, 38.882312],
        "end": [-77.022392, 38.882316],
        "km": 0.01523305487778011
    }, {
        "stage": 209,
        "start": [-77.022392, 38.882316],
        "end": [-77.022241, 38.882321],
        "km": 0.016789862409087482
    }, {
        "stage": 210,
        "start": [-77.022241, 38.882321],
        "end": [-77.021672, 38.882334],
        "km": 0.06326768199169212
    }, {
        "stage": 211,
        "start": [-77.021672, 38.882334],
        "end": [-77.021534, 38.882338],
        "km": 0.01534416586026881
    }, {
        "stage": 212,
        "start": [-77.021534, 38.882338],
        "end": [-77.0214, 38.882341],
        "km": 0.014899589098131471
    }, {
        "stage": 213,
        "start": [-77.0214, 38.882341],
        "end": [-77.021262, 38.882344],
        "km": 0.01534416586026881
    }, {
        "stage": 214,
        "start": [-77.021262, 38.882344],
        "end": [-77.021124, 38.882346],
        "km": 0.01534416586026881
    }, {
        "stage": 215,
        "start": [-77.021124, 38.882346],
        "end": [-77.02099, 38.882348],
        "km": 0.014899286675863243
    }, {
        "stage": 216,
        "start": [-77.02099, 38.882348],
        "end": [-77.020837, 38.88235],
        "km": 0.017012212004328325
    }, {
        "stage": 217,
        "start": [-77.020837, 38.88235],
        "end": [-77.020708, 38.882351],
        "km": 0.014343339136736329
    }, {
        "stage": 218,
        "start": [-77.020708, 38.882351],
        "end": [-77.020562, 38.882353],
        "km": 0.016233710064402322
    }, {
        "stage": 219,
        "start": [-77.020562, 38.882353],
        "end": [-77.020424, 38.882353],
        "km": 0.01534387220045308
    }, {
        "stage": 220,
        "start": [-77.020424, 38.882353],
        "end": [-77.020265, 38.882348],
        "km": 0.017679303483178352
    }, {
        "stage": 221,
        "start": [-77.020265, 38.882348],
        "end": [-77.020132, 38.882345],
        "km": 0.014788184766603386
    }, {
        "stage": 222,
        "start": [-77.020132, 38.882345],
        "end": [-77.019982, 38.882348],
        "km": 0.016678386506638863
    }, {
        "stage": 223,
        "start": [-77.019982, 38.882348],
        "end": [-77.019845, 38.882344],
        "km": 0.015233350673868913
    }, {
        "stage": 224,
        "start": [-77.019845, 38.882344],
        "end": [-77.01971, 38.882343],
        "km": 0.015010766988475971
    }, {
        "stage": 225,
        "start": [-77.01971, 38.882343],
        "end": [-77.019571, 38.882346],
        "km": 0.015455935759552954
    }, {
        "stage": 226,
        "start": [-77.019571, 38.882346],
        "end": [-77.019445, 38.882348],
        "km": 0.014009923399250515
    }, {
        "stage": 227,
        "start": [-77.019445, 38.882348],
        "end": [-77.019152, 38.882357],
        "km": 0.03257922539915447
    }, {
        "stage": 228,
        "start": [-77.019152, 38.882357],
        "end": [-77.019026, 38.882356],
        "km": 0.014009923399250515
    }, {
        "stage": 229,
        "start": [-77.019026, 38.882356],
        "end": [-77.018882, 38.882356],
        "km": 0.01601124339168676
    }, {
        "stage": 230,
        "start": [-77.018882, 38.882356],
        "end": [-77.018752, 38.882357],
        "km": 0.014454742955644936
    }, {
        "stage": 231,
        "start": [-77.018752, 38.882357],
        "end": [-77.018635, 38.882355],
        "km": 0.013008974248689851
    }, {
        "stage": 232,
        "start": [-77.018635, 38.882355],
        "end": [-77.018487, 38.882285],
        "km": 0.016548743614638706
    }, {
        "stage": 233,
        "start": [-77.018487, 38.882285],
        "end": [-77.018354, 38.882285],
        "km": 0.014788184766603386
    }, {
        "stage": 234,
        "start": [-77.018354, 38.882285],
        "end": [-77.018215, 38.882287],
        "km": 0.015455352681715922
    }, {
        "stage": 235,
        "start": [-77.018215, 38.882287],
        "end": [-77.018063, 38.882283],
        "km": 0.016900869646587616
    }, {
        "stage": 236,
        "start": [-77.018063, 38.882283],
        "end": [-77.017936, 38.882281],
        "km": 0.014121085772092147
    }, {
        "stage": 237,
        "start": [-77.017936, 38.882281],
        "end": [-77.01779, 38.882281],
        "km": 0.016233710064402322
    }, {
        "stage": 238,
        "start": [-77.01779, 38.882281],
        "end": [-77.017692, 38.882281],
        "km": 0.010896377354750606
    }, {
        "stage": 239,
        "start": [-77.017692, 38.882281],
        "end": [-77.017549, 38.882282],
        "km": 0.015900259759268752
    }, {
        "stage": 240,
        "start": [-77.017549, 38.882282],
        "end": [-77.01744, 38.882278],
        "km": 0.0121199443362403
    }, {
        "stage": 241,
        "start": [-77.01744, 38.882278],
        "end": [-77.017354, 38.882273],
        "km": 0.009563063780697344
    }, {
        "stage": 242,
        "start": [-77.017354, 38.882273],
        "end": [-77.017315, 38.882275],
        "km": 0.004336786551986667
    }, {
        "stage": 243,
        "start": [-77.017315, 38.882275],
        "end": [-77.017151, 38.882265],
        "km": 0.018236833281414785
    }, {
        "stage": 244,
        "start": [-77.017151, 38.882265],
        "end": [-77.016985, 38.882259],
        "km": 0.01845835233879731
    }, {
        "stage": 245,
        "start": [-77.016985, 38.882259],
        "end": [-77.016887, 38.882262],
        "km": 0.010896377354750606
    }, {
        "stage": 246,
        "start": [-77.016887, 38.882262],
        "end": [-77.016761, 38.88226],
        "km": 0.014009923399250515
    }, {
        "stage": 247,
        "start": [-77.016761, 38.88226],
        "end": [-77.016615, 38.88226],
        "km": 0.016233987627772773
    }, {
        "stage": 248,
        "start": [-77.016615, 38.88226],
        "end": [-77.01646, 38.88226],
        "km": 0.017234568898697747
    }, {
        "stage": 249,
        "start": [-77.01646, 38.88226],
        "end": [-77.016325, 38.88226],
        "km": 0.015010766988475971
    }, {
        "stage": 250,
        "start": [-77.016325, 38.88226],
        "end": [-77.016194, 38.882261],
        "km": 0.014565604075344888
    }, {
        "stage": 251,
        "start": [-77.016194, 38.882261],
        "end": [-77.016041, 38.882261],
        "km": 0.017011947138308735
    }, {
        "stage": 252,
        "start": [-77.016041, 38.882261],
        "end": [-77.015899, 38.882261],
        "km": 0.015789066773049424
    }, {
        "stage": 253,
        "start": [-77.015899, 38.882261],
        "end": [-77.01576, 38.882262],
        "km": 0.015455352681715922
    }, {
        "stage": 254,
        "start": [-77.01576, 38.882262],
        "end": [-77.015627, 38.882262],
        "km": 0.014787880066040513
    }, {
        "stage": 255,
        "start": [-77.015627, 38.882262],
        "end": [-77.015473, 38.882259],
        "km": 0.01712335666382859
    }, {
        "stage": 256,
        "start": [-77.015473, 38.882259],
        "end": [-77.015352, 38.882257],
        "km": 0.013453731034451737
    }, {
        "stage": 257,
        "start": [-77.015352, 38.882257],
        "end": [-77.015212, 38.882257],
        "km": 0.01556661371704889
    }, {
        "stage": 258,
        "start": [-77.015212, 38.882257],
        "end": [-77.015091, 38.882256],
        "km": 0.013453731034451737
    }, {
        "stage": 259,
        "start": [-77.015091, 38.882256],
        "end": [-77.014966, 38.882258],
        "km": 0.013898844536642505
    }, {
        "stage": 260,
        "start": [-77.014966, 38.882258],
        "end": [-77.014829, 38.882258],
        "km": 0.01523305487778011
    }, {
        "stage": 261,
        "start": [-77.014829, 38.882258],
        "end": [-77.014537, 38.88227],
        "km": 0.03246880792788737
    }, {
        "stage": 262,
        "start": [-77.014537, 38.88227],
        "end": [-77.014223, 38.882308],
        "km": 0.034926640054666204
    }, {
        "stage": 263,
        "start": [-77.014223, 38.882308],
        "end": [-77.013966, 38.882362],
        "km": 0.028607561116511165
    }, {
        "stage": 264,
        "start": [-77.013966, 38.882362],
        "end": [-77.013735, 38.882433],
        "km": 0.02574583718706687
    }, {
        "stage": 265,
        "start": [-77.013735, 38.882433],
        "end": [-77.013453, 38.882548],
        "km": 0.03148696495438468
    }, {
        "stage": 266,
        "start": [-77.013453, 38.882548],
        "end": [-77.013217, 38.882659],
        "km": 0.026386815809026173
    }, {
        "stage": 267,
        "start": [-77.013217, 38.882659],
        "end": [-77.013147, 38.882701],
        "km": 0.007853474238353475
    }, {
        "stage": 268,
        "start": [-77.013147, 38.882701],
        "end": [-77.01306, 38.882776],
        "km": 0.009853608626720205
    }, {
        "stage": 269,
        "start": [-77.01306, 38.882776],
        "end": [-77.01295, 38.882851],
        "km": 0.012373811975255892
    }, {
        "stage": 270,
        "start": [-77.01295, 38.882851],
        "end": [-77.012849, 38.882928],
        "km": 0.011393665217464344
    }, {
        "stage": 271,
        "start": [-77.012849, 38.882928],
        "end": [-77.012666, 38.883061],
        "km": 0.02061702275253545
    }, {
        "stage": 272,
        "start": [-77.012666, 38.883061],
        "end": [-77.012528, 38.883244],
        "km": 0.01601124339168676
    }, {
        "stage": 273,
        "start": [-77.012528, 38.883244],
        "end": [-77.012457, 38.883337],
        "km": 0.008229459561202251
    }, {
        "stage": 274,
        "start": [-77.012457, 38.883337],
        "end": [-77.012302, 38.883684],
        "km": 0.019292671262746825
    }, {
        "stage": 275,
        "start": [-77.012302, 38.883684],
        "end": [-77.012248, 38.883855],
        "km": 0.007369829128928288
    }, {
        "stage": 276,
        "start": [-77.012248, 38.883855],
        "end": [-77.012225, 38.883999],
        "km": 0.0044150444744361
    }, {
        "stage": 277,
        "start": [-77.012225, 38.883999],
        "end": [-77.012206, 38.884149],
        "km": 0.004302362927348705
    }, {
        "stage": 278,
        "start": [-77.012206, 38.884149],
        "end": [-77.012208, 38.88433],
        "km": 0.004527907264363874
    }, {
        "stage": 279,
        "start": [-77.012208, 38.88433],
        "end": [-77.012226, 38.884604],
        "km": 0.007133714377574822
    }, {
        "stage": 280,
        "start": [-77.012226, 38.884604],
        "end": [-77.012225, 38.884778],
        "km": 0.00434923668253604
    }, {
        "stage": 281,
        "start": [-77.012225, 38.884778],
        "end": [-77.012236, 38.884999],
        "km": 0.00565694764258114
    }, {
        "stage": 282,
        "start": [-77.012236, 38.884999],
        "end": [-77.012268, 38.885111],
        "km": 0.004527907264363874
    }, {
        "stage": 283,
        "start": [-77.012268, 38.885111],
        "end": [-77.012304, 38.885218],
        "km": 0.004814401493902447
    }, {
        "stage": 284,
        "start": [-77.012304, 38.885218],
        "end": [-77.012349, 38.885316],
        "km": 0.005571067165766732
    }, {
        "stage": 285,
        "start": [-77.012349, 38.885316],
        "end": [-77.0124, 38.885421],
        "km": 0.006248144243222254
    }, {
        "stage": 286,
        "start": [-77.0124, 38.885421],
        "end": [-77.012447, 38.885531],
        "km": 0.005904813536121073
    }, {
        "stage": 287,
        "start": [-77.012447, 38.885531],
        "end": [-77.012498, 38.885632],
        "km": 0.006207627827310216
    }, {
        "stage": 288,
        "start": [-77.012498, 38.885632],
        "end": [-77.012536, 38.885687],
        "km": 0.004443528927789976
    }, {
        "stage": 289,
        "start": [-77.012536, 38.885687],
        "end": [-77.012694, 38.885905],
        "km": 0.018393303690882556
    }, {
        "stage": 290,
        "start": [-77.012694, 38.885905],
        "end": [-77.012887, 38.886133],
        "km": 0.022202834700105013
    }, {
        "stage": 291,
        "start": [-77.012887, 38.886133],
        "end": [-77.013188, 38.886423],
        "km": 0.034243423860046446
    }, {
        "stage": 292,
        "start": [-77.013188, 38.886423],
        "end": [-77.013417, 38.886689],
        "km": 0.0263155108207575
    }, {
        "stage": 293,
        "start": [-77.013417, 38.886689],
        "end": [-77.013587, 38.886872],
        "km": 0.019447134200292645
    }, {
        "stage": 294,
        "start": [-77.013587, 38.886872],
        "end": [-77.013681, 38.887122],
        "km": 0.012176323375349258
    }, {
        "stage": 295,
        "start": [-77.013681, 38.887122],
        "end": [-77.013856, 38.887655],
        "km": 0.023579157728508902
    }, {
        "stage": 296,
        "start": [-77.013856, 38.887655],
        "end": [-77.01396, 38.888018],
        "km": 0.01469649126868659
    }, {
        "stage": 297,
        "start": [-77.01396, 38.888018],
        "end": [-77.014003, 38.891504],
        "km": 0.08723152752434658
    }, {
        "stage": 298,
        "start": [-77.014003, 38.891504],
        "end": [-77.013928, 38.892168],
        "km": 0.01856860620011425
    }, {
        "stage": 299,
        "start": [-77.013928, 38.892168],
        "end": [-77.013829, 38.892646],
        "km": 0.016242589739642613
    }, {
        "stage": 300,
        "start": [-77.013829, 38.892646],
        "end": [-77.013745, 38.89316],
        "km": 0.01588012655857863
    }, {
        "stage": 301,
        "start": [-77.013745, 38.89316],
        "end": [-77.013697, 38.893623],
        "km": 0.012740185050331553
    }, {
        "stage": 302,
        "start": [-77.013697, 38.893623],
        "end": [-77.013649, 38.893713],
        "km": 0.005791552631795396
    }, {
        "stage": 303,
        "start": [-77.013649, 38.893713],
        "end": [-77.013582, 38.893761],
        "km": 0.00754624673075304
    }, {
        "stage": 304,
        "start": [-77.013582, 38.893761],
        "end": [-77.013493, 38.893782],
        "km": 0.009910149926980433
    }, {
        "stage": 305,
        "start": [-77.013493, 38.893782],
        "end": [-77.013362, 38.893786],
        "km": 0.014566222769369822
    }, {
        "stage": 306,
        "start": [-77.013362, 38.893786],
        "end": [-77.013234, 38.893769],
        "km": 0.014238660242998526
    }, {
        "stage": 307,
        "start": [-77.013234, 38.893769],
        "end": [-77.013137, 38.893748],
        "km": 0.010797927232734688
    }, {
        "stage": 308,
        "start": [-77.013137, 38.893748],
        "end": [-77.012726, 38.893623],
        "km": 0.04580543010866514
    }, {
        "stage": 309,
        "start": [-77.012726, 38.893623],
        "end": [-77.012453, 38.893559],
        "km": 0.03039681399149243
    }, {
        "stage": 310,
        "start": [-77.012453, 38.893559],
        "end": [-77.012311, 38.893557],
        "km": 0.015789066773049424
    }, {
        "stage": 311,
        "start": [-77.012311, 38.893557],
        "end": [-77.012171, 38.893546],
        "km": 0.015569218644756492
    }, {
        "stage": 312,
        "start": [-77.012171, 38.893546],
        "end": [-77.012049, 38.893533],
        "km": 0.013568786415522997
    }, {
        "stage": 313,
        "start": [-77.012049, 38.893533],
        "end": [-77.011855, 38.893541],
        "km": 0.021571637773619045
    }, {
        "stage": 314,
        "start": [-77.011855, 38.893541],
        "end": [-77.011676, 38.893571],
        "km": 0.019916910696080377
    }, {
        "stage": 315,
        "start": [-77.011676, 38.893571],
        "end": [-77.011425, 38.893577],
        "km": 0.027908988985883794
    }, {
        "stage": 316,
        "start": [-77.011425, 38.893577],
        "end": [-77.011206, 38.893582],
        "km": 0.024350796400299267
    }, {
        "stage": 317,
        "start": [-77.011206, 38.893582],
        "end": [-77.010925, 38.893589],
        "km": 0.03124475946019621
    }, {
        "stage": 318,
        "start": [-77.010925, 38.893589],
        "end": [-77.01066, 38.893595],
        "km": 0.029465556779244204
    }, {
        "stage": 319,
        "start": [-77.01066, 38.893595],
        "end": [-77.010527, 38.893599],
        "km": 0.01478848946088824
    }, {
        "stage": 320,
        "start": [-77.010527, 38.893599],
        "end": [-77.010471, 38.893444],
        "km": 0.007333053304966245
    }, {
        "stage": 321,
        "start": [-77.010471, 38.893444],
        "end": [-77.010435, 38.893339],
        "km": 0.004786241368383797
    }, {
        "stage": 322,
        "start": [-77.010435, 38.893339],
        "end": [-77.01004, 38.892279],
        "km": 0.05129132935722883
    }],
    "km": 5.541823682055816
}