{
    "route_id": "route-b",
    "profile": "normal",
    "triggers": [{
        "occurances": 1,
        "type": "dtc"
    }, {
        "occurances": 1,
        "type": "brake"
    }, {
        "occurances": 1,
        "type": "oiltemp"
    }],
    "end": ["-79.38707584645641", "43.67043319167374"],
    "description": "Short normal route",
    "name": "Route B",
    "start": ["-79.39124554060913", "43.650041311254654"],
    "stages": [{
        "stage": 0,
        "start": [-79.391144, 43.650064],
        "end": [-79.391095, 43.649948],
        "km": 0.005943603866347721
    }, {
        "stage": 1,
        "start": [-79.391095, 43.649948],
        "end": [-79.391061, 43.649871],
        "km": 0.0040952461395412495
    }, {
        "stage": 2,
        "start": [-79.391061, 43.649871],
        "end": [-79.390959, 43.64989],
        "km": 0.01134769726551681
    }, {
        "stage": 3,
        "start": [-79.390959, 43.64989],
        "end": [-79.389676, 43.65015],
        "km": 0.14275549303239501
    }, {
        "stage": 4,
        "start": [-79.389676, 43.65015],
        "end": [-79.389426, 43.650199],
        "km": 0.02781551402746636
    }, {
        "stage": 5,
        "start": [-79.389426, 43.650199],
        "end": [-79.388652, 43.650366],
        "km": 0.08612864866212468
    }, {
        "stage": 6,
        "start": [-79.388652, 43.650366],
        "end": [-79.388597, 43.65038],
        "km": 0.006122848143189364
    }, {
        "stage": 7,
        "start": [-79.388597, 43.65038],
        "end": [-79.388491, 43.650404],
        "km": 0.0117966473585928
    }, {
        "stage": 8,
        "start": [-79.388491, 43.650404],
        "end": [-79.387431, 43.650652],
        "km": 0.11797029318880817
    }, {
        "stage": 9,
        "start": [-79.387431, 43.650652],
        "end": [-79.386901, 43.650779],
        "km": 0.05898782021074222
    }, {
        "stage": 10,
        "start": [-79.386901, 43.650779],
        "end": [-79.386779, 43.650808],
        "km": 0.013578081470183453
    }, {
        "stage": 11,
        "start": [-79.386779, 43.650808],
        "end": [-79.386622, 43.65084],
        "km": 0.017469318010163666
    }, {
        "stage": 12,
        "start": [-79.386622, 43.65084],
        "end": [-79.386449, 43.650874],
        "km": 0.01924871262851695
    }, {
        "stage": 13,
        "start": [-79.386449, 43.650874],
        "end": [-79.386479, 43.650962],
        "km": 0.003791291408646974
    }, {
        "stage": 14,
        "start": [-79.386479, 43.650962],
        "end": [-79.38707, 43.652355],
        "km": 0.07163780130711109
    }, {
        "stage": 15,
        "start": [-79.38707, 43.652355],
        "end": [-79.387396, 43.653141],
        "km": 0.0396606004705225
    }, {
        "stage": 16,
        "start": [-79.387396, 43.653141],
        "end": [-79.387447, 43.653267],
        "km": 0.006230089116060855
    }, {
        "stage": 17,
        "start": [-79.387447, 43.653267],
        "end": [-79.38754, 43.653468],
        "km": 0.011129995604397092
    }, {
        "stage": 18,
        "start": [-79.38754, 43.653468],
        "end": [-79.387615, 43.653629],
        "km": 0.008966809277416374
    }, {
        "stage": 19,
        "start": [-79.387615, 43.653629],
        "end": [-79.387689, 43.653788],
        "km": 0.00884844038317931
    }, {
        "stage": 20,
        "start": [-79.387689, 43.653788],
        "end": [-79.387769, 43.653959],
        "km": 0.009559293599679261
    }, {
        "stage": 21,
        "start": [-79.387769, 43.653959],
        "end": [-79.387784, 43.653991],
        "km": 0.001791149441652509
    }, {
        "stage": 22,
        "start": [-79.387784, 43.653991],
        "end": [-79.388097, 43.654711],
        "km": 0.037796262352277225
    }, {
        "stage": 23,
        "start": [-79.388097, 43.654711],
        "end": [-79.38815, 43.654826],
        "km": 0.006346174363945046
    }, {
        "stage": 24,
        "start": [-79.38815, 43.654826],
        "end": [-79.388201, 43.654929],
        "km": 0.006050298233273775
    }, {
        "stage": 25,
        "start": [-79.388201, 43.654929],
        "end": [-79.388436, 43.655476],
        "km": 0.02842886135463328
    }, {
        "stage": 26,
        "start": [-79.388436, 43.655476],
        "end": [-79.38877, 43.656274],
        "km": 0.04057275454754327
    }, {
        "stage": 27,
        "start": [-79.38877, 43.656274],
        "end": [-79.388806, 43.656362],
        "km": 0.004388429078565045
    }, {
        "stage": 28,
        "start": [-79.388806, 43.656362],
        "end": [-79.388848, 43.656458],
        "km": 0.0050670250070687425
    }, {
        "stage": 29,
        "start": [-79.388848, 43.656458],
        "end": [-79.38894, 43.656667],
        "km": 0.011088218173488755
    }, {
        "stage": 30,
        "start": [-79.38894, 43.656667],
        "end": [-79.389194, 43.657234],
        "km": 0.03053510069741615
    }, {
        "stage": 31,
        "start": [-79.389194, 43.657234],
        "end": [-79.389318, 43.65752],
        "km": 0.014979515808186366
    }, {
        "stage": 32,
        "start": [-79.389318, 43.65752],
        "end": [-79.389346, 43.657583],
        "km": 0.0033697066546795
    }, {
        "stage": 33,
        "start": [-79.389346, 43.657583],
        "end": [-79.389396, 43.657709],
        "km": 0.006128732669432883
    }, {
        "stage": 34,
        "start": [-79.389396, 43.657709],
        "end": [-79.389639, 43.658263],
        "km": 0.029303319023275407
    }, {
        "stage": 35,
        "start": [-79.389639, 43.658263],
        "end": [-79.389733, 43.658462],
        "km": 0.011217904619809703
    }, {
        "stage": 36,
        "start": [-79.389733, 43.658462],
        "end": [-79.38985, 43.658717],
        "km": 0.014017640240044567
    }, {
        "stage": 37,
        "start": [-79.38985, 43.658717],
        "end": [-79.389894, 43.658827],
        "km": 0.0053851752721168844
    }, {
        "stage": 38,
        "start": [-79.389894, 43.658827],
        "end": [-79.390072, 43.659265],
        "km": 0.021728149084194622
    }, {
        "stage": 39,
        "start": [-79.390072, 43.659265],
        "end": [-79.390299, 43.65979],
        "km": 0.027433174428215405
    }, {
        "stage": 40,
        "start": [-79.390299, 43.65979],
        "end": [-79.390328, 43.659872],
        "km": 0.003634743831498309
    }, {
        "stage": 41,
        "start": [-79.390328, 43.659872],
        "end": [-79.390369, 43.65998],
        "km": 0.005066135665244067
    }, {
        "stage": 42,
        "start": [-79.390369, 43.65998],
        "end": [-79.390551, 43.660345],
        "km": 0.021571846654374074
    }, {
        "stage": 43,
        "start": [-79.390551, 43.660345],
        "end": [-79.39057, 43.660416],
        "km": 0.0025631297247504254
    }, {
        "stage": 44,
        "start": [-79.39057, 43.660416],
        "end": [-79.390577, 43.660466],
        "km": 0.0012841991197537568
    }, {
        "stage": 45,
        "start": [-79.390577, 43.660466],
        "end": [-79.390579, 43.660519],
        "km": 0.0011070730463161279
    }, {
        "stage": 46,
        "start": [-79.390579, 43.660519],
        "end": [-79.390577, 43.660568],
        "km": 0.001031211687793857
    }, {
        "stage": 47,
        "start": [-79.390577, 43.660568],
        "end": [-79.390573, 43.660609],
        "km": 0.0009493073054631149
    }, {
        "stage": 48,
        "start": [-79.390573, 43.660609],
        "end": [-79.390561, 43.660656],
        "km": 0.0016442484850584262
    }, {
        "stage": 49,
        "start": [-79.390561, 43.660656],
        "end": [-79.390546, 43.660699],
        "km": 0.00188432119852488
    }, {
        "stage": 50,
        "start": [-79.390546, 43.660699],
        "end": [-79.390522, 43.660754],
        "km": 0.0028981094246278375
    }, {
        "stage": 51,
        "start": [-79.390522, 43.660754],
        "end": [-79.39048, 43.660819],
        "km": 0.004856335522447218
    }, {
        "stage": 52,
        "start": [-79.39048, 43.660819],
        "end": [-79.390298, 43.660989],
        "km": 0.02053358504417032
    }, {
        "stage": 53,
        "start": [-79.390298, 43.660989],
        "end": [-79.390208, 43.661084],
        "km": 0.010194340607363302
    }, {
        "stage": 54,
        "start": [-79.390208, 43.661084],
        "end": [-79.39014, 43.661165],
        "km": 0.007740784721853481
    }, {
        "stage": 55,
        "start": [-79.39014, 43.661165],
        "end": [-79.390086, 43.661239],
        "km": 0.006193093441112849
    }, {
        "stage": 56,
        "start": [-79.390086, 43.661239],
        "end": [-79.390036, 43.661318],
        "km": 0.005789218112668582
    }, {
        "stage": 57,
        "start": [-79.390036, 43.661318],
        "end": [-79.389986, 43.661407],
        "km": 0.005849612821119916
    }, {
        "stage": 58,
        "start": [-79.389986, 43.661407],
        "end": [-79.389942, 43.661498],
        "km": 0.005234980075783957
    }, {
        "stage": 59,
        "start": [-79.389942, 43.661498],
        "end": [-79.389917, 43.661563],
        "km": 0.0030804985494178624
    }, {
        "stage": 60,
        "start": [-79.389917, 43.661563],
        "end": [-79.389896, 43.661643],
        "km": 0.0028510845180483497
    }, {
        "stage": 61,
        "start": [-79.389896, 43.661643],
        "end": [-79.389878, 43.661783],
        "km": 0.0034970089745367857
    }, {
        "stage": 62,
        "start": [-79.389878, 43.661783],
        "end": [-79.389915, 43.661937],
        "km": 0.005183078793316919
    }, {
        "stage": 63,
        "start": [-79.389915, 43.661937],
        "end": [-79.389957, 43.662041],
        "km": 0.005132408679052384
    }, {
        "stage": 64,
        "start": [-79.389957, 43.662041],
        "end": [-79.390041, 43.662238],
        "km": 0.010173545290096248
    }, {
        "stage": 65,
        "start": [-79.390041, 43.662238],
        "end": [-79.390589, 43.66354],
        "km": 0.0665067516691612
    }, {
        "stage": 66,
        "start": [-79.390589, 43.66354],
        "end": [-79.39062, 43.663609],
        "km": 0.003724141149790804
    }, {
        "stage": 67,
        "start": [-79.39062, 43.663609],
        "end": [-79.390515, 43.663636],
        "km": 0.01168805104213748
    }, {
        "stage": 68,
        "start": [-79.390515, 43.663636],
        "end": [-79.389476, 43.663861],
        "km": 0.11561775761472098
    }, {
        "stage": 69,
        "start": [-79.389476, 43.663861],
        "end": [-79.38937, 43.663885],
        "km": 0.011795883401245976
    }, {
        "stage": 70,
        "start": [-79.38937, 43.663885],
        "end": [-79.389273, 43.663907],
        "km": 0.010794588355959521
    }, {
        "stage": 71,
        "start": [-79.389273, 43.663907],
        "end": [-79.389037, 43.663961],
        "km": 0.026264092534804644
    }, {
        "stage": 72,
        "start": [-79.389037, 43.663961],
        "end": [-79.38818, 43.664154],
        "km": 0.0953713730998112
    }, {
        "stage": 73,
        "start": [-79.38818, 43.664154],
        "end": [-79.388008, 43.664192],
        "km": 0.019140493148157748
    }, {
        "stage": 74,
        "start": [-79.388008, 43.664192],
        "end": [-79.387728, 43.664255],
        "km": 0.03115984643234768
    }, {
        "stage": 75,
        "start": [-79.387728, 43.664255],
        "end": [-79.387286, 43.664352],
        "km": 0.049186029137941824
    }, {
        "stage": 76,
        "start": [-79.387286, 43.664352],
        "end": [-79.387152, 43.664384],
        "km": 0.014914098155304506
    }, {
        "stage": 77,
        "start": [-79.387152, 43.664384],
        "end": [-79.387003, 43.664415],
        "km": 0.016579482909610872
    }, {
        "stage": 78,
        "start": [-79.387003, 43.664415],
        "end": [-79.386623, 43.664494],
        "km": 0.042282982869884266
    }, {
        "stage": 79,
        "start": [-79.386623, 43.664494],
        "end": [-79.385459, 43.66475],
        "km": 0.1295308163920825
    }, {
        "stage": 80,
        "start": [-79.385459, 43.66475],
        "end": [-79.385182, 43.66481],
        "km": 0.03082399505201521
    }, {
        "stage": 81,
        "start": [-79.385182, 43.66481],
        "end": [-79.384992, 43.664849],
        "km": 0.021141225018621757
    }, {
        "stage": 82,
        "start": [-79.384992, 43.664849],
        "end": [-79.384645, 43.664921],
        "km": 0.03861090845294818
    }, {
        "stage": 83,
        "start": [-79.384645, 43.664921],
        "end": [-79.384556, 43.664938],
        "km": 0.009901962350483523
    }, {
        "stage": 84,
        "start": [-79.384556, 43.664938],
        "end": [-79.384574, 43.664988],
        "km": 0.0022484759862523955
    }, {
        "stage": 85,
        "start": [-79.384574, 43.664988],
        "end": [-79.384926, 43.665822],
        "km": 0.04270427021980544
    }, {
        "stage": 86,
        "start": [-79.384926, 43.665822],
        "end": [-79.38503, 43.666054],
        "km": 0.012502056448205474
    }, {
        "stage": 87,
        "start": [-79.38503, 43.666054],
        "end": [-79.385218, 43.666516],
        "km": 0.022945564686089322
    }, {
        "stage": 88,
        "start": [-79.385218, 43.666516],
        "end": [-79.385239, 43.666569],
        "km": 0.002575406160416952
    }, {
        "stage": 89,
        "start": [-79.385239, 43.666569],
        "end": [-79.385284, 43.66668],
        "km": 0.0054961531778230915
    }, {
        "stage": 90,
        "start": [-79.385284, 43.66668],
        "end": [-79.385312, 43.666747],
        "km": 0.0034029720875497537
    }, {
        "stage": 91,
        "start": [-79.385312, 43.666747],
        "end": [-79.385653, 43.667566],
        "km": 0.04146028335692739
    }, {
        "stage": 92,
        "start": [-79.385653, 43.667566],
        "end": [-79.385827, 43.667997],
        "km": 0.021265543110751045
    }, {
        "stage": 93,
        "start": [-79.385827, 43.667997],
        "end": [-79.386072, 43.668583],
        "km": 0.029767861353281907
    }, {
        "stage": 94,
        "start": [-79.386072, 43.668583],
        "end": [-79.386117, 43.668699],
        "km": 0.005538620371663133
    }, {
        "stage": 95,
        "start": [-79.386117, 43.668699],
        "end": [-79.386168, 43.668826],
        "km": 0.006238762098147727
    }, {
        "stage": 96,
        "start": [-79.386168, 43.668826],
        "end": [-79.3864, 43.669387],
        "km": 0.02823882088219104
    }, {
        "stage": 97,
        "start": [-79.3864, 43.669387],
        "end": [-79.386549, 43.669725],
        "km": 0.01795496257797761
    }, {
        "stage": 98,
        "start": [-79.386549, 43.669725],
        "end": [-79.386747, 43.670167],
        "km": 0.023803584911444582
    }, {
        "stage": 99,
        "start": [-79.386747, 43.670167],
        "end": [-79.386783, 43.670261],
        "km": 0.004441500382179676
    }, {
        "stage": 100,
        "start": [-79.386783, 43.670261],
        "end": [-79.386815, 43.670334],
        "km": 0.003859608461256097
    }, {
        "stage": 101,
        "start": [-79.386815, 43.670334],
        "end": [-79.386871, 43.670475],
        "km": 0.006863957921750053
    }],
    "km": 2.1549986204955562
}