{
    "route_id": "route-l",
    "profile": "aggressive",
    "triggers": [{
        "occurances": 0,
        "type": "dtc"
    }, {
        "occurances": 5,
        "type": "brake"
    }, {
        "occurances": 0,
        "type": "oiltemp"
    }],
    "end": ["-77.30652018324503", "38.84611519511395"],
    "description": "Aggressive - Dulles Airport to Fairfax",
    "name": "Route L",
    "start": ["-77.454746", "38.95281499999999"],
    "stages": [{
        "stage": 0,
        "start": [-77.454746, 38.952815],
        "end": [-77.453068, 38.952805],
        "km": 0.18657627434573307
    }, {
        "stage": 1,
        "start": [-77.453068, 38.952805],
        "end": [-77.453041, 38.953702],
        "km": 0.02187365539915191
    }, {
        "stage": 2,
        "start": [-77.453041, 38.953702],
        "end": [-77.45299, 38.956213],
        "km": 0.06091735380015993
    }, {
        "stage": 3,
        "start": [-77.45299, 38.956213],
        "end": [-77.452968, 38.957499],
        "km": 0.031159412609301287
    }, {
        "stage": 4,
        "start": [-77.452968, 38.957499],
        "end": [-77.452952, 38.957629],
        "km": 0.0036086166331396057
    }, {
        "stage": 5,
        "start": [-77.452952, 38.957629],
        "end": [-77.452904, 38.957749],
        "km": 0.0060733414084192215
    }, {
        "stage": 6,
        "start": [-77.452904, 38.957749],
        "end": [-77.452836, 38.957847],
        "km": 0.007922024920733886
    }, {
        "stage": 7,
        "start": [-77.452836, 38.957847],
        "end": [-77.452754, 38.957928],
        "km": 0.009324981443212504
    }, {
        "stage": 8,
        "start": [-77.452754, 38.957928],
        "end": [-77.452637, 38.958009],
        "km": 0.013155358016183075
    }, {
        "stage": 9,
        "start": [-77.452637, 38.958009],
        "end": [-77.452549, 38.958069],
        "km": 0.009891035039061571
    }, {
        "stage": 10,
        "start": [-77.452549, 38.958069],
        "end": [-77.452444, 38.958129],
        "km": 0.011764518436401094
    }, {
        "stage": 11,
        "start": [-77.452444, 38.958129],
        "end": [-77.452288, 38.958169],
        "km": 0.01737258306162487
    }, {
        "stage": 12,
        "start": [-77.452288, 38.958169],
        "end": [-77.45223, 38.958184],
        "km": 0.006459476439892372
    }, {
        "stage": 13,
        "start": [-77.45223, 38.958184],
        "end": [-77.452162, 38.958193],
        "km": 0.007564138750013958
    }, {
        "stage": 14,
        "start": [-77.452162, 38.958193],
        "end": [-77.452054, 38.958198],
        "km": 0.012009018826022008
    }, {
        "stage": 15,
        "start": [-77.452054, 38.958198],
        "end": [-77.45181, 38.9582],
        "km": 0.027130100003484457
    }, {
        "stage": 16,
        "start": [-77.45181, 38.9582],
        "end": [-77.450293, 38.958191],
        "km": 0.16867473216787343
    }, {
        "stage": 17,
        "start": [-77.450293, 38.958191],
        "end": [-77.449838, 38.958188],
        "km": 0.05059131088402723
    }, {
        "stage": 18,
        "start": [-77.449838, 38.958188],
        "end": [-77.449698, 38.958188],
        "km": 0.01556661371704889
    }, {
        "stage": 19,
        "start": [-77.449698, 38.958188],
        "end": [-77.448152, 38.958163],
        "km": 0.17190013070403326
    }, {
        "stage": 20,
        "start": [-77.448152, 38.958163],
        "end": [-77.447817, 38.958163],
        "km": 0.03724854935608837
    }, {
        "stage": 21,
        "start": [-77.447817, 38.958163],
        "end": [-77.447361, 38.958163],
        "km": 0.05070243120032192
    }, {
        "stage": 22,
        "start": [-77.447361, 38.958163],
        "end": [-77.447194, 38.958106],
        "km": 0.018619495787248263
    }, {
        "stage": 23,
        "start": [-77.447194, 38.958106],
        "end": [-77.445017, 38.958086],
        "km": 0.2420602025447268
    }, {
        "stage": 24,
        "start": [-77.445017, 38.958086],
        "end": [-77.444822, 38.958085],
        "km": 0.021682062479047675
    }, {
        "stage": 25,
        "start": [-77.444822, 38.958085],
        "end": [-77.443986, 38.958073],
        "km": 0.09295497695418882
    }, {
        "stage": 26,
        "start": [-77.443986, 38.958073],
        "end": [-77.443788, 38.958073],
        "km": 0.022015334941950772
    }, {
        "stage": 27,
        "start": [-77.443788, 38.958073],
        "end": [-77.443787, 38.958169],
        "km": 0.002321439741632286
    }, {
        "stage": 28,
        "start": [-77.443787, 38.958169],
        "end": [-77.443781, 38.958742],
        "km": 0.01386671218916557
    }, {
        "stage": 29,
        "start": [-77.443781, 38.958742],
        "end": [-77.443774, 38.959423],
        "km": 0.0164797123394713
    }, {
        "stage": 30,
        "start": [-77.443774, 38.959423],
        "end": [-77.443762, 38.959571],
        "km": 0.0038173487009344077
    }, {
        "stage": 31,
        "start": [-77.443762, 38.959571],
        "end": [-77.443735, 38.959718],
        "km": 0.004651605796769363
    }, {
        "stage": 32,
        "start": [-77.443735, 38.959718],
        "end": [-77.443679, 38.95991],
        "km": 0.007765774744670927
    }, {
        "stage": 33,
        "start": [-77.443679, 38.95991],
        "end": [-77.443539, 38.960231],
        "km": 0.01739306119915694
    }, {
        "stage": 34,
        "start": [-77.443539, 38.960231],
        "end": [-77.443448, 38.960353],
        "km": 0.010539448953288417
    }, {
        "stage": 35,
        "start": [-77.443448, 38.960353],
        "end": [-77.443263, 38.960552],
        "km": 0.02112502059582998
    }, {
        "stage": 36,
        "start": [-77.443263, 38.960552],
        "end": [-77.443182, 38.960629],
        "km": 0.009196529356518896
    }, {
        "stage": 37,
        "start": [-77.443182, 38.960629],
        "end": [-77.44304, 38.960749],
        "km": 0.016053120557839855
    }, {
        "stage": 38,
        "start": [-77.44304, 38.960749],
        "end": [-77.442805, 38.960921],
        "km": 0.02645843953925378
    }, {
        "stage": 39,
        "start": [-77.442805, 38.960921],
        "end": [-77.442712, 38.960991],
        "km": 0.010478563949677444
    }, {
        "stage": 40,
        "start": [-77.442712, 38.960991],
        "end": [-77.442309, 38.96124],
        "km": 0.04521195015577873
    }, {
        "stage": 41,
        "start": [-77.442309, 38.96124],
        "end": [-77.441997, 38.961398],
        "km": 0.03490082831091253
    }, {
        "stage": 42,
        "start": [-77.441997, 38.961398],
        "end": [-77.441686, 38.961543],
        "km": 0.03475709508209596
    }, {
        "stage": 43,
        "start": [-77.441686, 38.961543],
        "end": [-77.441461, 38.96164],
        "km": 0.025127251632530184
    }, {
        "stage": 44,
        "start": [-77.441461, 38.96164],
        "end": [-77.441339, 38.961686],
        "km": 0.013610564172140016
    }, {
        "stage": 45,
        "start": [-77.441339, 38.961686],
        "end": [-77.441024, 38.961786],
        "km": 0.03510807435601072
    }, {
        "stage": 46,
        "start": [-77.441024, 38.961786],
        "end": [-77.440634, 38.961893],
        "km": 0.04344094954823533
    }, {
        "stage": 47,
        "start": [-77.440634, 38.961893],
        "end": [-77.440318, 38.961967],
        "km": 0.035181410709742435
    }, {
        "stage": 48,
        "start": [-77.440318, 38.961967],
        "end": [-77.440012, 38.962023],
        "km": 0.034050900103276785
    }, {
        "stage": 49,
        "start": [-77.440012, 38.962023],
        "end": [-77.439702, 38.962061],
        "km": 0.03448103157194986
    }, {
        "stage": 50,
        "start": [-77.439702, 38.962061],
        "end": [-77.439467, 38.962079],
        "km": 0.026133207680948706
    }, {
        "stage": 51,
        "start": [-77.439467, 38.962079],
        "end": [-77.439232, 38.962088],
        "km": 0.026130448794423018
    }, {
        "stage": 52,
        "start": [-77.439232, 38.962088],
        "end": [-77.43869, 38.962093],
        "km": 0.06026479126658136
    }, {
        "stage": 53,
        "start": [-77.43869, 38.962093],
        "end": [-77.438244, 38.962091],
        "km": 0.04959056338549079
    }, {
        "stage": 54,
        "start": [-77.438244, 38.962091],
        "end": [-77.436769, 38.962051],
        "km": 0.1640074469125724
    }, {
        "stage": 55,
        "start": [-77.436769, 38.962051],
        "end": [-77.435557, 38.962018],
        "km": 0.13476412783579397
    }, {
        "stage": 56,
        "start": [-77.435557, 38.962018],
        "end": [-77.43464, 38.961998],
        "km": 0.1019619684805379
    }, {
        "stage": 57,
        "start": [-77.43464, 38.961998],
        "end": [-77.433084, 38.961964],
        "km": 0.17301294277297805
    }, {
        "stage": 58,
        "start": [-77.433084, 38.961964],
        "end": [-77.432783, 38.961958],
        "km": 0.03346843456697335
    }, {
        "stage": 59,
        "start": [-77.432783, 38.961958],
        "end": [-77.432306, 38.961916],
        "km": 0.05304716991338913
    }, {
        "stage": 60,
        "start": [-77.432306, 38.961916],
        "end": [-77.431957, 38.961857],
        "km": 0.03883131060554541
    }, {
        "stage": 61,
        "start": [-77.431957, 38.961857],
        "end": [-77.431705, 38.961774],
        "km": 0.028091637700613854
    }, {
        "stage": 62,
        "start": [-77.431705, 38.961774],
        "end": [-77.43149, 38.961646],
        "km": 0.024105490321038626
    }, {
        "stage": 63,
        "start": [-77.43149, 38.961646],
        "end": [-77.431058, 38.961328],
        "km": 0.04864614113171044
    }, {
        "stage": 64,
        "start": [-77.431058, 38.961328],
        "end": [-77.430916, 38.961223],
        "km": 0.015991813459995407
    }, {
        "stage": 65,
        "start": [-77.430916, 38.961223],
        "end": [-77.430685, 38.961062],
        "km": 0.025978432278945036
    }, {
        "stage": 66,
        "start": [-77.430685, 38.961062],
        "end": [-77.429841, 38.960452],
        "km": 0.09499772800119859
    }, {
        "stage": 67,
        "start": [-77.429841, 38.960452],
        "end": [-77.429419, 38.960047],
        "km": 0.0479346611497354
    }, {
        "stage": 68,
        "start": [-77.429419, 38.960047],
        "end": [-77.429127, 38.959548],
        "km": 0.03464048243011596
    }, {
        "stage": 69,
        "start": [-77.429127, 38.959548],
        "end": [-77.429018, 38.959161],
        "km": 0.015316831411634941
    }, {
        "stage": 70,
        "start": [-77.429018, 38.959161],
        "end": [-77.429008, 38.959008],
        "km": 0.0038666068504325597
    }, {
        "stage": 71,
        "start": [-77.429008, 38.959008],
        "end": [-77.429005, 38.958842],
        "km": 0.004030924709605502
    }, {
        "stage": 72,
        "start": [-77.429005, 38.958842],
        "end": [-77.429033, 38.958626],
        "km": 0.006083719394716391
    }, {
        "stage": 73,
        "start": [-77.429033, 38.958626],
        "end": [-77.429124, 38.958176],
        "km": 0.014865376448853383
    }, {
        "stage": 74,
        "start": [-77.429124, 38.958176],
        "end": [-77.429277, 38.957838],
        "km": 0.01887618267389797
    }, {
        "stage": 75,
        "start": [-77.429277, 38.957838],
        "end": [-77.429387, 38.957538],
        "km": 0.014223145403849521
    }, {
        "stage": 76,
        "start": [-77.429387, 38.957538],
        "end": [-77.42949, 38.957192],
        "km": 0.014186983999723492
    }, {
        "stage": 77,
        "start": [-77.42949, 38.957192],
        "end": [-77.429558, 38.956862],
        "km": 0.010997224247037371
    }, {
        "stage": 78,
        "start": [-77.429558, 38.956862],
        "end": [-77.429594, 38.956588],
        "km": 0.007744276542821326
    }, {
        "stage": 79,
        "start": [-77.429594, 38.956588],
        "end": [-77.429615, 38.956346],
        "km": 0.006304143897871613
    }, {
        "stage": 80,
        "start": [-77.429615, 38.956346],
        "end": [-77.429623, 38.95606],
        "km": 0.006977247246465718
    }, {
        "stage": 81,
        "start": [-77.429623, 38.95606],
        "end": [-77.429635, 38.955376],
        "km": 0.0166058243510968
    }, {
        "stage": 82,
        "start": [-77.429635, 38.955376],
        "end": [-77.429684, 38.951854],
        "km": 0.08540310626795464
    }, {
        "stage": 83,
        "start": [-77.429684, 38.951854],
        "end": [-77.42973, 38.948633],
        "km": 0.07811259087350733
    }, {
        "stage": 84,
        "start": [-77.42973, 38.948633],
        "end": [-77.429761, 38.946818],
        "km": 0.044056144174085786
    }, {
        "stage": 85,
        "start": [-77.429761, 38.946818],
        "end": [-77.429767, 38.946406],
        "km": 0.009992558586808748
    }, {
        "stage": 86,
        "start": [-77.429767, 38.946406],
        "end": [-77.429779, 38.945611],
        "km": 0.019284261408795068
    }, {
        "stage": 87,
        "start": [-77.429779, 38.945611],
        "end": [-77.429819, 38.943061],
        "km": 0.06186709343606078
    }, {
        "stage": 88,
        "start": [-77.429819, 38.943061],
        "end": [-77.429824, 38.942431],
        "km": 0.015255223668619717
    }, {
        "stage": 89,
        "start": [-77.429824, 38.942431],
        "end": [-77.429856, 38.940228],
        "km": 0.053428378034562414
    }, {
        "stage": 90,
        "start": [-77.429856, 38.940228],
        "end": [-77.429871, 38.939596],
        "km": 0.015384051373982074
    }, {
        "stage": 91,
        "start": [-77.429871, 38.939596],
        "end": [-77.429912, 38.93708],
        "km": 0.06105411465676592
    }, {
        "stage": 92,
        "start": [-77.429912, 38.93708],
        "end": [-77.429911, 38.936609],
        "km": 0.011397619291925723
    }, {
        "stage": 93,
        "start": [-77.429911, 38.936609],
        "end": [-77.429931, 38.935452],
        "km": 0.02808586267738406
    }, {
        "stage": 94,
        "start": [-77.429931, 38.935452],
        "end": [-77.430029, 38.93037],
        "km": 0.12345842788670132
    }, {
        "stage": 95,
        "start": [-77.430029, 38.93037],
        "end": [-77.430081, 38.927424],
        "km": 0.07152241513535604
    }, {
        "stage": 96,
        "start": [-77.430081, 38.927424],
        "end": [-77.430097, 38.924385],
        "km": 0.07356010736918524
    }, {
        "stage": 97,
        "start": [-77.430097, 38.924385],
        "end": [-77.43015, 38.922372],
        "km": 0.049066149051769474
    }, {
        "stage": 98,
        "start": [-77.43015, 38.922372],
        "end": [-77.430169, 38.92054],
        "km": 0.04438130949422544
    }, {
        "stage": 99,
        "start": [-77.430169, 38.92054],
        "end": [-77.430191, 38.919325],
        "km": 0.02950223514880466
    }, {
        "stage": 100,
        "start": [-77.430191, 38.919325],
        "end": [-77.430208, 38.918219],
        "km": 0.02682964814452324
    }, {
        "stage": 101,
        "start": [-77.430208, 38.918219],
        "end": [-77.43021, 38.917673],
        "km": 0.013214139458682396
    }, {
        "stage": 102,
        "start": [-77.43021, 38.917673],
        "end": [-77.430216, 38.917243],
        "km": 0.010426402513409427
    }, {
        "stage": 103,
        "start": [-77.430216, 38.917243],
        "end": [-77.430235, 38.916793],
        "km": 0.011092281131440318
    }, {
        "stage": 104,
        "start": [-77.430235, 38.916793],
        "end": [-77.430279, 38.915951],
        "km": 0.020953902551462462
    }, {
        "stage": 105,
        "start": [-77.430279, 38.915951],
        "end": [-77.430303, 38.915707],
        "km": 0.006478978893188513
    }, {
        "stage": 106,
        "start": [-77.430303, 38.915707],
        "end": [-77.430324, 38.915498],
        "km": 0.005570258299386312
    }, {
        "stage": 107,
        "start": [-77.430324, 38.915498],
        "end": [-77.430413, 38.914816],
        "km": 0.019242391173603452
    }, {
        "stage": 108,
        "start": [-77.430413, 38.914816],
        "end": [-77.430518, 38.914138],
        "km": 0.020136058883109632
    }, {
        "stage": 109,
        "start": [-77.430518, 38.914138],
        "end": [-77.430603, 38.913688],
        "km": 0.014418224863426336
    }, {
        "stage": 110,
        "start": [-77.430603, 38.913688],
        "end": [-77.430801, 38.912787],
        "km": 0.03098379659684317
    }, {
        "stage": 111,
        "start": [-77.430801, 38.912787],
        "end": [-77.430838, 38.912642],
        "km": 0.0054068864094849135
    }, {
        "stage": 112,
        "start": [-77.430838, 38.912642],
        "end": [-77.430974, 38.912119],
        "km": 0.019718417588920085
    }, {
        "stage": 113,
        "start": [-77.430974, 38.912119],
        "end": [-77.431115, 38.911629],
        "km": 0.019656163683467585
    }, {
        "stage": 114,
        "start": [-77.431115, 38.911629],
        "end": [-77.431166, 38.911451],
        "km": 0.007121070421557181
    }, {
        "stage": 115,
        "start": [-77.431166, 38.911451],
        "end": [-77.431312, 38.910991],
        "km": 0.019682737223493844
    }, {
        "stage": 116,
        "start": [-77.431312, 38.910991],
        "end": [-77.431535, 38.91035],
        "km": 0.029246369409673435
    }, {
        "stage": 117,
        "start": [-77.431535, 38.91035],
        "end": [-77.431696, 38.909913],
        "km": 0.02079091364554767
    }, {
        "stage": 118,
        "start": [-77.431696, 38.909913],
        "end": [-77.431869, 38.909478],
        "km": 0.021926738384223557
    }, {
        "stage": 119,
        "start": [-77.431869, 38.909478],
        "end": [-77.432055, 38.909083],
        "km": 0.02278278200633528
    }, {
        "stage": 120,
        "start": [-77.432055, 38.909083],
        "end": [-77.432342, 38.908402],
        "km": 0.03591394024197476
    }, {
        "stage": 121,
        "start": [-77.432342, 38.908402],
        "end": [-77.432651, 38.907763],
        "km": 0.03767554211846772
    }, {
        "stage": 122,
        "start": [-77.432651, 38.907763],
        "end": [-77.432978, 38.907134],
        "km": 0.03941512043066031
    }, {
        "stage": 123,
        "start": [-77.432978, 38.907134],
        "end": [-77.433135, 38.906849],
        "km": 0.01876917628049353
    }, {
        "stage": 124,
        "start": [-77.433135, 38.906849],
        "end": [-77.433298, 38.906565],
        "km": 0.019382381799954676
    }, {
        "stage": 125,
        "start": [-77.433298, 38.906565],
        "end": [-77.43348, 38.906259],
        "km": 0.02154802120634732
    }, {
        "stage": 126,
        "start": [-77.43348, 38.906259],
        "end": [-77.433637, 38.905993],
        "km": 0.018605212296526848
    }, {
        "stage": 127,
        "start": [-77.433637, 38.905993],
        "end": [-77.433996, 38.905427],
        "km": 0.04220009997495359
    }, {
        "stage": 128,
        "start": [-77.433996, 38.905427],
        "end": [-77.434225, 38.905093],
        "km": 0.026713682997989707
    }, {
        "stage": 129,
        "start": [-77.434225, 38.905093],
        "end": [-77.434762, 38.90431],
        "km": 0.06264104799462249
    }, {
        "stage": 130,
        "start": [-77.434762, 38.90431],
        "end": [-77.435152, 38.903755],
        "km": 0.04539446188576899
    }, {
        "stage": 131,
        "start": [-77.435152, 38.903755],
        "end": [-77.435734, 38.902919],
        "km": 0.0677981560188171
    }, {
        "stage": 132,
        "start": [-77.435734, 38.902919],
        "end": [-77.435893, 38.9027],
        "km": 0.018455911048419236
    }, {
        "stage": 133,
        "start": [-77.435893, 38.9027],
        "end": [-77.436077, 38.902425],
        "km": 0.021512861924533548
    }, {
        "stage": 134,
        "start": [-77.436077, 38.902425],
        "end": [-77.436421, 38.901884],
        "km": 0.04042544657324135
    }, {
        "stage": 135,
        "start": [-77.436421, 38.901884],
        "end": [-77.437493, 38.900367],
        "km": 0.12471401658395834
    }, {
        "stage": 136,
        "start": [-77.437493, 38.900367],
        "end": [-77.437717, 38.90004],
        "km": 0.02613182827409479
    }, {
        "stage": 137,
        "start": [-77.437717, 38.90004],
        "end": [-77.438249, 38.899232],
        "km": 0.06229662383038175
    }, {
        "stage": 138,
        "start": [-77.438249, 38.899232],
        "end": [-77.438498, 38.898851],
        "km": 0.029178964135023185
    }, {
        "stage": 139,
        "start": [-77.438498, 38.898851],
        "end": [-77.438738, 38.89851],
        "km": 0.02793045365570098
    }, {
        "stage": 140,
        "start": [-77.438738, 38.89851],
        "end": [-77.439047, 38.898043],
        "km": 0.0361658674520932
    }, {
        "stage": 141,
        "start": [-77.439047, 38.898043],
        "end": [-77.439201, 38.897828],
        "km": 0.017894883362449782
    }, {
        "stage": 142,
        "start": [-77.439201, 38.897828],
        "end": [-77.439615, 38.897235],
        "km": 0.04821406480808206
    }, {
        "stage": 143,
        "start": [-77.439615, 38.897235],
        "end": [-77.440292, 38.896239],
        "km": 0.07903392393324685
    }, {
        "stage": 144,
        "start": [-77.440292, 38.896239],
        "end": [-77.441261, 38.89477],
        "km": 0.11344595662016894
    }, {
        "stage": 145,
        "start": [-77.441261, 38.89477],
        "end": [-77.441433, 38.894489],
        "km": 0.020295426468038055
    }, {
        "stage": 146,
        "start": [-77.441433, 38.894489],
        "end": [-77.441665, 38.894188],
        "km": 0.026802595261261254
    }, {
        "stage": 147,
        "start": [-77.441665, 38.894188],
        "end": [-77.441897, 38.893854],
        "km": 0.027030264890263604
    }, {
        "stage": 148,
        "start": [-77.441897, 38.893854],
        "end": [-77.442291, 38.893253],
        "km": 0.04615527823661587
    }, {
        "stage": 149,
        "start": [-77.442291, 38.893253],
        "end": [-77.442684, 38.892673],
        "km": 0.04589191486318352
    }, {
        "stage": 150,
        "start": [-77.442684, 38.892673],
        "end": [-77.442781, 38.8925],
        "km": 0.011567923999014344
    }, {
        "stage": 151,
        "start": [-77.442781, 38.8925],
        "end": [-77.443003, 38.892164],
        "km": 0.02598623629219567
    }, {
        "stage": 152,
        "start": [-77.443003, 38.892164],
        "end": [-77.44346, 38.891496],
        "km": 0.05331778375256496
    }, {
        "stage": 153,
        "start": [-77.44346, 38.891496],
        "end": [-77.443693, 38.891145],
        "km": 0.02726115724778234
    }, {
        "stage": 154,
        "start": [-77.443693, 38.891145],
        "end": [-77.444015, 38.890661],
        "km": 0.03766597305834893
    }, {
        "stage": 155,
        "start": [-77.444015, 38.890661],
        "end": [-77.444978, 38.88928],
        "km": 0.11215799659493284
    }, {
        "stage": 156,
        "start": [-77.444978, 38.88928],
        "end": [-77.448107, 38.8848],
        "km": 0.364369285563924
    }, {
        "stage": 157,
        "start": [-77.448107, 38.8848],
        "end": [-77.448466, 38.88419],
        "km": 0.04255163443211901
    }, {
        "stage": 158,
        "start": [-77.448466, 38.88419],
        "end": [-77.448746, 38.883706],
        "km": 0.03325720356509392
    }, {
        "stage": 159,
        "start": [-77.448746, 38.883706],
        "end": [-77.448953, 38.883193],
        "km": 0.026141999688610335
    }, {
        "stage": 160,
        "start": [-77.448953, 38.883193],
        "end": [-77.449185, 38.882587],
        "km": 0.029662017846295557
    }, {
        "stage": 161,
        "start": [-77.449185, 38.882587],
        "end": [-77.449297, 38.882191],
        "km": 0.015704653313626634
    }, {
        "stage": 162,
        "start": [-77.449297, 38.882191],
        "end": [-77.449426, 38.881648],
        "km": 0.019438791172151554
    }, {
        "stage": 163,
        "start": [-77.449426, 38.881648],
        "end": [-77.449453, 38.881425],
        "km": 0.006167575848279692
    }, {
        "stage": 164,
        "start": [-77.449453, 38.881425],
        "end": [-77.449487, 38.880529],
        "km": 0.021976412862928396
    }, {
        "stage": 165,
        "start": [-77.449487, 38.880529],
        "end": [-77.449448, 38.879967],
        "km": 0.014254474304429823
    }, {
        "stage": 166,
        "start": [-77.449448, 38.879967],
        "end": [-77.449337, 38.879393],
        "km": 0.018565451307417616
    }, {
        "stage": 167,
        "start": [-77.449337, 38.879393],
        "end": [-77.449151, 38.878738],
        "km": 0.026042010104323693
    }, {
        "stage": 168,
        "start": [-77.449151, 38.878738],
        "end": [-77.448941, 38.878164],
        "km": 0.027158153983064086
    }, {
        "stage": 169,
        "start": [-77.448941, 38.878164],
        "end": [-77.448062, 38.876775],
        "km": 0.10333788876372929
    }, {
        "stage": 170,
        "start": [-77.448062, 38.876775],
        "end": [-77.444813, 38.872043],
        "km": 0.37892380887512866
    }, {
        "stage": 171,
        "start": [-77.444813, 38.872043],
        "end": [-77.443358, 38.869984],
        "km": 0.1692632761712491
    }, {
        "stage": 172,
        "start": [-77.443358, 38.869984],
        "end": [-77.442266, 38.868384],
        "km": 0.12743081343268303
    }, {
        "stage": 173,
        "start": [-77.442266, 38.868384],
        "end": [-77.441192, 38.866798],
        "km": 0.12542242946643337
    }, {
        "stage": 174,
        "start": [-77.441192, 38.866798],
        "end": [-77.439185, 38.863932],
        "km": 0.23366940448153142
    }, {
        "stage": 175,
        "start": [-77.439185, 38.863932],
        "end": [-77.437709, 38.861828],
        "km": 0.17182186875630331
    }, {
        "stage": 176,
        "start": [-77.437709, 38.861828],
        "end": [-77.436569, 38.860168],
        "km": 0.13296200234856506
    }, {
        "stage": 177,
        "start": [-77.436569, 38.860168],
        "end": [-77.435211, 38.85819],
        "km": 0.15839356677983252
    }, {
        "stage": 178,
        "start": [-77.435211, 38.85819],
        "end": [-77.434014, 38.856453],
        "km": 0.13956883756902205
    }, {
        "stage": 179,
        "start": [-77.434014, 38.856453],
        "end": [-77.433799, 38.856104],
        "km": 0.025352548614100235
    }, {
        "stage": 180,
        "start": [-77.433799, 38.856104],
        "end": [-77.433393, 38.855263],
        "km": 0.049515727093579195
    }, {
        "stage": 181,
        "start": [-77.433393, 38.855263],
        "end": [-77.433243, 38.854845],
        "km": 0.019504511422168597
    }, {
        "stage": 182,
        "start": [-77.433243, 38.854845],
        "end": [-77.433095, 38.854329],
        "km": 0.02065523419883994
    }, {
        "stage": 183,
        "start": [-77.433095, 38.854329],
        "end": [-77.433006, 38.853871],
        "km": 0.014856280209327733
    }, {
        "stage": 184,
        "start": [-77.433006, 38.853871],
        "end": [-77.432947, 38.853301],
        "km": 0.015270575138053008
    }, {
        "stage": 185,
        "start": [-77.432947, 38.853301],
        "end": [-77.432935, 38.852782],
        "km": 0.012626857764607697
    }, {
        "stage": 186,
        "start": [-77.432935, 38.852782],
        "end": [-77.433019, 38.851518],
        "km": 0.03197432734681114
    }, {
        "stage": 187,
        "start": [-77.433019, 38.851518],
        "end": [-77.433128, 38.850131],
        "km": 0.03567678223099401
    }, {
        "stage": 188,
        "start": [-77.433128, 38.850131],
        "end": [-77.433136, 38.849704],
        "km": 0.010368330739755283
    }, {
        "stage": 189,
        "start": [-77.433136, 38.849704],
        "end": [-77.43311, 38.849279],
        "km": 0.010680445511066306
    }, {
        "stage": 190,
        "start": [-77.43311, 38.849279],
        "end": [-77.433072, 38.849082],
        "km": 0.006369561986232742
    }, {
        "stage": 191,
        "start": [-77.433072, 38.849082],
        "end": [-77.432967, 38.848434],
        "km": 0.01954651174386576
    }, {
        "stage": 192,
        "start": [-77.432967, 38.848434],
        "end": [-77.432529, 38.846839],
        "km": 0.062135625951111155
    }, {
        "stage": 193,
        "start": [-77.432529, 38.846839],
        "end": [-77.43232, 38.846183],
        "km": 0.02814131802562198
    }, {
        "stage": 194,
        "start": [-77.43232, 38.846183],
        "end": [-77.432243, 38.845954],
        "km": 0.010198317852045747
    }, {
        "stage": 195,
        "start": [-77.432243, 38.845954],
        "end": [-77.432156, 38.845696],
        "km": 0.011512479483390157
    }, {
        "stage": 196,
        "start": [-77.432156, 38.845696],
        "end": [-77.431918, 38.844988],
        "km": 0.03152343544344719
    }, {
        "stage": 197,
        "start": [-77.431918, 38.844988],
        "end": [-77.431802, 38.844873],
        "km": 0.013194347073826255
    }, {
        "stage": 198,
        "start": [-77.431802, 38.844873],
        "end": [-77.431762, 38.844848],
        "km": 0.004487924960446292
    }, {
        "stage": 199,
        "start": [-77.431762, 38.844848],
        "end": [-77.431693, 38.844824],
        "km": 0.007694661296348114
    }, {
        "stage": 200,
        "start": [-77.431693, 38.844824],
        "end": [-77.431636, 38.844809],
        "km": 0.0063490138157041
    }, {
        "stage": 201,
        "start": [-77.431636, 38.844809],
        "end": [-77.431523, 38.844811],
        "km": 0.012564612060102568
    }, {
        "stage": 202,
        "start": [-77.431523, 38.844811],
        "end": [-77.431421, 38.844825],
        "km": 0.01134610884203961
    }, {
        "stage": 203,
        "start": [-77.431421, 38.844825],
        "end": [-77.43104, 38.844896],
        "km": 0.042397917772754125
    }, {
        "stage": 204,
        "start": [-77.43104, 38.844896],
        "end": [-77.430677, 38.844967],
        "km": 0.04039835210315733
    }, {
        "stage": 205,
        "start": [-77.430677, 38.844967],
        "end": [-77.430552, 38.845004],
        "km": 0.013927344387597334
    }, {
        "stage": 206,
        "start": [-77.430552, 38.845004],
        "end": [-77.430458, 38.845045],
        "km": 0.010498755121288266
    }, {
        "stage": 207,
        "start": [-77.430458, 38.845045],
        "end": [-77.43036, 38.845089],
        "km": 0.010948357491011218
    }, {
        "stage": 208,
        "start": [-77.43036, 38.845089],
        "end": [-77.430231, 38.84517],
        "km": 0.014476547342716474
    }, {
        "stage": 209,
        "start": [-77.430231, 38.84517],
        "end": [-77.430127, 38.845263],
        "km": 0.01178059385055388
    }, {
        "stage": 210,
        "start": [-77.430127, 38.845263],
        "end": [-77.430012, 38.845418],
        "km": 0.013325515612350002
    }, {
        "stage": 211,
        "start": [-77.430012, 38.845418],
        "end": [-77.429813, 38.845686],
        "km": 0.023057617251223003
    }, {
        "stage": 212,
        "start": [-77.429813, 38.845686],
        "end": [-77.429613, 38.845973],
        "km": 0.02329713082380864
    }, {
        "stage": 213,
        "start": [-77.429613, 38.845973],
        "end": [-77.429422, 38.846241],
        "km": 0.02220526988900185
    }, {
        "stage": 214,
        "start": [-77.429422, 38.846241],
        "end": [-77.429297, 38.846397],
        "km": 0.01440227774307315
    }, {
        "stage": 215,
        "start": [-77.429297, 38.846397],
        "end": [-77.429149, 38.846542],
        "km": 0.016825785769430383
    }, {
        "stage": 216,
        "start": [-77.429149, 38.846542],
        "end": [-77.429026, 38.84664],
        "km": 0.013880353178807795
    }, {
        "stage": 217,
        "start": [-77.429026, 38.84664],
        "end": [-77.428919, 38.846714],
        "km": 0.012031135937070642
    }, {
        "stage": 218,
        "start": [-77.428919, 38.846714],
        "end": [-77.428752, 38.846813],
        "km": 0.018722544714579785
    }, {
        "stage": 219,
        "start": [-77.428752, 38.846813],
        "end": [-77.42856, 38.846903],
        "km": 0.021459175105812304
    }, {
        "stage": 220,
        "start": [-77.42856, 38.846903],
        "end": [-77.42843, 38.846949],
        "km": 0.014497697345815016
    }, {
        "stage": 221,
        "start": [-77.42843, 38.846949],
        "end": [-77.428282, 38.846999],
        "km": 0.016500752429785794
    }, {
        "stage": 222,
        "start": [-77.428282, 38.846999],
        "end": [-77.428039, 38.847062],
        "km": 0.027062252197653795
    }, {
        "stage": 223,
        "start": [-77.428039, 38.847062],
        "end": [-77.426613, 38.847387],
        "km": 0.15875134682906622
    }, {
        "stage": 224,
        "start": [-77.426613, 38.847387],
        "end": [-77.423954, 38.847868],
        "km": 0.2958822750598959
    }, {
        "stage": 225,
        "start": [-77.423954, 38.847868],
        "end": [-77.42318, 38.84802],
        "km": 0.08613937281117265
    }, {
        "stage": 226,
        "start": [-77.42318, 38.84802],
        "end": [-77.422578, 38.848129],
        "km": 0.06698814428173774
    }, {
        "stage": 227,
        "start": [-77.422578, 38.848129],
        "end": [-77.421734, 38.848284],
        "km": 0.09391902632592047
    }, {
        "stage": 228,
        "start": [-77.421734, 38.848284],
        "end": [-77.419777, 38.84865],
        "km": 0.2177784410976634
    }, {
        "stage": 229,
        "start": [-77.419777, 38.84865],
        "end": [-77.418032, 38.848977],
        "km": 0.19418737037901068
    }, {
        "stage": 230,
        "start": [-77.418032, 38.848977],
        "end": [-77.416532, 38.849246],
        "km": 0.16691160435481653
    }, {
        "stage": 231,
        "start": [-77.416532, 38.849246],
        "end": [-77.415198, 38.849482],
        "km": 0.14843703067315303
    }, {
        "stage": 232,
        "start": [-77.415198, 38.849482],
        "end": [-77.414151, 38.849672],
        "km": 0.11650646328750375
    }, {
        "stage": 233,
        "start": [-77.414151, 38.849672],
        "end": [-77.413692, 38.849756],
        "km": 0.051076614812319655
    }, {
        "stage": 234,
        "start": [-77.413692, 38.849756],
        "end": [-77.413004, 38.849886],
        "km": 0.07656326735386998
    }, {
        "stage": 235,
        "start": [-77.413004, 38.849886],
        "end": [-77.41025, 38.850388],
        "km": 0.30645764515842194
    }, {
        "stage": 236,
        "start": [-77.41025, 38.850388],
        "end": [-77.408348, 38.850725],
        "km": 0.21164026626990123
    }, {
        "stage": 237,
        "start": [-77.408348, 38.850725],
        "end": [-77.406003, 38.851167],
        "km": 0.2609596227828975
    }, {
        "stage": 238,
        "start": [-77.406003, 38.851167],
        "end": [-77.404553, 38.851419],
        "km": 0.16134060664483563
    }, {
        "stage": 239,
        "start": [-77.404553, 38.851419],
        "end": [-77.403104, 38.851677],
        "km": 0.16123511599858945
    }, {
        "stage": 240,
        "start": [-77.403104, 38.851677],
        "end": [-77.402433, 38.851803],
        "km": 0.07467072890425094
    }, {
        "stage": 241,
        "start": [-77.402433, 38.851803],
        "end": [-77.401513, 38.851954],
        "km": 0.10235993787244621
    }, {
        "stage": 242,
        "start": [-77.401513, 38.851954],
        "end": [-77.399882, 38.85225],
        "km": 0.18149223915055251
    }, {
        "stage": 243,
        "start": [-77.399882, 38.85225],
        "end": [-77.399532, 38.852313],
        "km": 0.038946366249513475
    }, {
        "stage": 244,
        "start": [-77.399532, 38.852313],
        "end": [-77.398785, 38.852437],
        "km": 0.08311303376506865
    }, {
        "stage": 245,
        "start": [-77.398785, 38.852437],
        "end": [-77.398445, 38.852508],
        "km": 0.03784368060265555
    }, {
        "stage": 246,
        "start": [-77.398445, 38.852508],
        "end": [-77.398086, 38.852581],
        "km": 0.03995625314229468
    }, {
        "stage": 247,
        "start": [-77.398086, 38.852581],
        "end": [-77.397088, 38.852772],
        "km": 0.11106388353878656
    }, {
        "stage": 248,
        "start": [-77.397088, 38.852772],
        "end": [-77.396829, 38.852821],
        "km": 0.02882269575548725
    }, {
        "stage": 249,
        "start": [-77.396829, 38.852821],
        "end": [-77.395501, 38.853079],
        "km": 0.147792361430739
    }, {
        "stage": 250,
        "start": [-77.395501, 38.853079],
        "end": [-77.394431, 38.853279],
        "km": 0.11907182383584458
    }, {
        "stage": 251,
        "start": [-77.394431, 38.853279],
        "end": [-77.393796, 38.853394],
        "km": 0.07066054639960621
    }, {
        "stage": 252,
        "start": [-77.393796, 38.853394],
        "end": [-77.393063, 38.853513],
        "km": 0.08155312258544659
    }, {
        "stage": 253,
        "start": [-77.393063, 38.853513],
        "end": [-77.392826, 38.853556],
        "km": 0.02637246772065327
    }, {
        "stage": 254,
        "start": [-77.392826, 38.853556],
        "end": [-77.388861, 38.854273],
        "km": 0.44121004369385747
    }, {
        "stage": 255,
        "start": [-77.388861, 38.854273],
        "end": [-77.388126, 38.854406],
        "km": 0.08178809965599572
    }, {
        "stage": 256,
        "start": [-77.388126, 38.854406],
        "end": [-77.384463, 38.85506],
        "km": 0.4075968846003295
    }, {
        "stage": 257,
        "start": [-77.384463, 38.85506],
        "end": [-77.383779, 38.855185],
        "km": 0.07611426156521318
    }, {
        "stage": 258,
        "start": [-77.383779, 38.855185],
        "end": [-77.383336, 38.855264],
        "km": 0.04929437579667078
    }, {
        "stage": 259,
        "start": [-77.383336, 38.855264],
        "end": [-77.382494, 38.85541],
        "km": 0.09368879196372812
    }, {
        "stage": 260,
        "start": [-77.382494, 38.85541],
        "end": [-77.382188, 38.855463],
        "km": 0.03404838575931163
    }, {
        "stage": 261,
        "start": [-77.382188, 38.855463],
        "end": [-77.381338, 38.855611],
        "km": 0.09457950161306568
    }, {
        "stage": 262,
        "start": [-77.381338, 38.855611],
        "end": [-77.380066, 38.855835],
        "km": 0.1415378035394222
    }, {
        "stage": 263,
        "start": [-77.380066, 38.855835],
        "end": [-77.379793, 38.855883],
        "km": 0.030377092119462518
    }, {
        "stage": 264,
        "start": [-77.379793, 38.855883],
        "end": [-77.378924, 38.85605],
        "km": 0.09670888503317854
    }, {
        "stage": 265,
        "start": [-77.378924, 38.85605],
        "end": [-77.378798, 38.856075],
        "km": 0.014023103766304796
    }, {
        "stage": 266,
        "start": [-77.378798, 38.856075],
        "end": [-77.378284, 38.856176],
        "km": 0.05720401683630514
    }, {
        "stage": 267,
        "start": [-77.378284, 38.856176],
        "end": [-77.378141, 38.856204],
        "km": 0.01591470591735601
    }, {
        "stage": 268,
        "start": [-77.378141, 38.856204],
        "end": [-77.377614, 38.856295],
        "km": 0.05863868997445029
    }, {
        "stage": 269,
        "start": [-77.377614, 38.856295],
        "end": [-77.376309, 38.856535],
        "km": 0.1452195384387546
    }, {
        "stage": 270,
        "start": [-77.376309, 38.856535],
        "end": [-77.375442, 38.856706],
        "km": 0.09649091200318567
    }, {
        "stage": 271,
        "start": [-77.375442, 38.856706],
        "end": [-77.374705, 38.856843],
        "km": 0.08201432768871401
    }, {
        "stage": 272,
        "start": [-77.374705, 38.856843],
        "end": [-77.371753, 38.857378],
        "km": 0.32848910748784743
    }, {
        "stage": 273,
        "start": [-77.371753, 38.857378],
        "end": [-77.371313, 38.857458],
        "km": 0.04896208304201148
    }, {
        "stage": 274,
        "start": [-77.371313, 38.857458],
        "end": [-77.370291, 38.857643],
        "km": 0.11372471718347012
    }, {
        "stage": 275,
        "start": [-77.370291, 38.857643],
        "end": [-77.369787, 38.857735],
        "km": 0.05608422077394373
    }, {
        "stage": 276,
        "start": [-77.369787, 38.857735],
        "end": [-77.369371, 38.85781],
        "km": 0.04629077847375646
    }, {
        "stage": 277,
        "start": [-77.369371, 38.85781],
        "end": [-77.3651, 38.858586],
        "km": 0.4752654573374983
    }, {
        "stage": 278,
        "start": [-77.3651, 38.858586],
        "end": [-77.363058, 38.858958],
        "km": 0.227229350407433
    }, {
        "stage": 279,
        "start": [-77.363058, 38.858958],
        "end": [-77.358752, 38.859731],
        "km": 0.4791515379606779
    }, {
        "stage": 280,
        "start": [-77.358752, 38.859731],
        "end": [-77.358013, 38.859864],
        "km": 0.08223281040713704
    }, {
        "stage": 281,
        "start": [-77.358013, 38.859864],
        "end": [-77.356037, 38.860215],
        "km": 0.21987658177018438
    }, {
        "stage": 282,
        "start": [-77.356037, 38.860215],
        "end": [-77.354892, 38.860425],
        "km": 0.12741461763763703
    }, {
        "stage": 283,
        "start": [-77.354892, 38.860425],
        "end": [-77.353742, 38.860644],
        "km": 0.1279790891116865
    }, {
        "stage": 284,
        "start": [-77.353742, 38.860644],
        "end": [-77.352724, 38.860837],
        "km": 0.11328844220514475
    }, {
        "stage": 285,
        "start": [-77.352724, 38.860837],
        "end": [-77.35049, 38.86113],
        "km": 0.24849993238619775
    }, {
        "stage": 286,
        "start": [-77.35049, 38.86113],
        "end": [-77.349981, 38.861175],
        "km": 0.05660602529170059
    }, {
        "stage": 287,
        "start": [-77.349981, 38.861175],
        "end": [-77.349292, 38.8612],
        "km": 0.07661204034775772
    }, {
        "stage": 288,
        "start": [-77.349292, 38.8612],
        "end": [-77.348805, 38.861203],
        "km": 0.054149390737919974
    }, {
        "stage": 289,
        "start": [-77.348805, 38.861203],
        "end": [-77.348472, 38.861197],
        "km": 0.037026270831044955
    }, {
        "stage": 290,
        "start": [-77.348472, 38.861197],
        "end": [-77.347703, 38.861159],
        "km": 0.08550977441101724
    }, {
        "stage": 291,
        "start": [-77.347703, 38.861159],
        "end": [-77.347371, 38.861133],
        "km": 0.03692036618945781
    }, {
        "stage": 292,
        "start": [-77.347371, 38.861133],
        "end": [-77.347054, 38.861101],
        "km": 0.035255744789472264
    }, {
        "stage": 293,
        "start": [-77.347054, 38.861101],
        "end": [-77.346657, 38.861052],
        "km": 0.04415840457867067
    }, {
        "stage": 294,
        "start": [-77.346657, 38.861052],
        "end": [-77.346529, 38.861034],
        "km": 0.014238976696348262
    }, {
        "stage": 295,
        "start": [-77.346529, 38.861034],
        "end": [-77.346316, 38.861004],
        "km": 0.02369467991783725
    }, {
        "stage": 296,
        "start": [-77.346316, 38.861004],
        "end": [-77.345978, 38.860948],
        "km": 0.037606710356653424
    }, {
        "stage": 297,
        "start": [-77.345978, 38.860948],
        "end": [-77.345668, 38.860891],
        "km": 0.03449657878188
    }, {
        "stage": 298,
        "start": [-77.345668, 38.860891],
        "end": [-77.345641, 38.860886],
        "km": 0.003004973758497845
    }, {
        "stage": 299,
        "start": [-77.345641, 38.860886],
        "end": [-77.345288, 38.860812],
        "km": 0.039291231894482116
    }, {
        "stage": 300,
        "start": [-77.345288, 38.860812],
        "end": [-77.34484, 38.860706],
        "km": 0.04987975322381252
    }, {
        "stage": 301,
        "start": [-77.34484, 38.860706],
        "end": [-77.344164, 38.860528],
        "km": 0.07528910695286165
    }, {
        "stage": 302,
        "start": [-77.344164, 38.860528],
        "end": [-77.343608, 38.860397],
        "km": 0.06190364444614369
    }, {
        "stage": 303,
        "start": [-77.343608, 38.860397],
        "end": [-77.343468, 38.860344],
        "km": 0.015619783668111242
    }, {
        "stage": 304,
        "start": [-77.343468, 38.860344],
        "end": [-77.342884, 38.860125],
        "km": 0.06515354072932375
    }, {
        "stage": 305,
        "start": [-77.342884, 38.860125],
        "end": [-77.341798, 38.85971],
        "km": 0.12117445734516001
    }, {
        "stage": 306,
        "start": [-77.341798, 38.85971],
        "end": [-77.34115, 38.859452],
        "km": 0.07232457059863813
    }, {
        "stage": 307,
        "start": [-77.34115, 38.859452],
        "end": [-77.340537, 38.859221],
        "km": 0.06839125027193634
    }, {
        "stage": 308,
        "start": [-77.340537, 38.859221],
        "end": [-77.34029, 38.859135],
        "km": 0.027543657015666894
    }, {
        "stage": 309,
        "start": [-77.34029, 38.859135],
        "end": [-77.339053, 38.858646],
        "km": 0.1380567989398112
    }, {
        "stage": 310,
        "start": [-77.339053, 38.858646],
        "end": [-77.337446, 38.858029],
        "km": 0.17931331983838703
    }, {
        "stage": 311,
        "start": [-77.337446, 38.858029],
        "end": [-77.337239, 38.857936],
        "km": 0.02312766666045328
    }, {
        "stage": 312,
        "start": [-77.337239, 38.857936],
        "end": [-77.337128, 38.857891],
        "km": 0.012390915198171723
    }, {
        "stage": 313,
        "start": [-77.337128, 38.857891],
        "end": [-77.336941, 38.857814],
        "km": 0.020876992215600527
    }, {
        "stage": 314,
        "start": [-77.336941, 38.857814],
        "end": [-77.336626, 38.857705],
        "km": 0.03512539656535512
    }, {
        "stage": 315,
        "start": [-77.336626, 38.857705],
        "end": [-77.335961, 38.857441],
        "km": 0.07422059467709836
    }, {
        "stage": 316,
        "start": [-77.335961, 38.857441],
        "end": [-77.335641, 38.857318],
        "km": 0.03570670241413324
    }, {
        "stage": 317,
        "start": [-77.335641, 38.857318],
        "end": [-77.335488, 38.857259],
        "km": 0.01707249418279251
    }, {
        "stage": 318,
        "start": [-77.335488, 38.857259],
        "end": [-77.335344, 38.857204],
        "km": 0.01606714883931322
    }, {
        "stage": 319,
        "start": [-77.335344, 38.857204],
        "end": [-77.333998, 38.856683],
        "km": 0.15019916667681363
    }, {
        "stage": 320,
        "start": [-77.333998, 38.856683],
        "end": [-77.333531, 38.856519],
        "km": 0.05207926180072068
    }, {
        "stage": 321,
        "start": [-77.333531, 38.856519],
        "end": [-77.333209, 38.85639],
        "km": 0.03594103034029753
    }, {
        "stage": 322,
        "start": [-77.333209, 38.85639],
        "end": [-77.333055, 38.856313],
        "km": 0.017225938995743928
    }, {
        "stage": 323,
        "start": [-77.333055, 38.856313],
        "end": [-77.333008, 38.856294],
        "km": 0.005246157675926425
    }, {
        "stage": 324,
        "start": [-77.333008, 38.856294],
        "end": [-77.332905, 38.856251],
        "km": 0.011500339851665922
    }, {
        "stage": 325,
        "start": [-77.332905, 38.856251],
        "end": [-77.332699, 38.85617],
        "km": 0.022989902466465113
    }, {
        "stage": 326,
        "start": [-77.332699, 38.85617],
        "end": [-77.332649, 38.856151],
        "km": 0.005578341685295253
    }, {
        "stage": 327,
        "start": [-77.332649, 38.856151],
        "end": [-77.332517, 38.856103],
        "km": 0.014723447213460673
    }, {
        "stage": 328,
        "start": [-77.332517, 38.856103],
        "end": [-77.332351, 38.856042],
        "km": 0.018517090089192813
    }, {
        "stage": 329,
        "start": [-77.332351, 38.856042],
        "end": [-77.33212, 38.855947],
        "km": 0.025789029796265486
    }, {
        "stage": 330,
        "start": [-77.33212, 38.855947],
        "end": [-77.331759, 38.855816],
        "km": 0.04026652303341049
    }, {
        "stage": 331,
        "start": [-77.331759, 38.855816],
        "end": [-77.331162, 38.855604],
        "km": 0.06658123643749729
    }, {
        "stage": 332,
        "start": [-77.331162, 38.855604],
        "end": [-77.3303, 38.855264],
        "km": 0.09620338499626177
    }, {
        "stage": 333,
        "start": [-77.3303, 38.855264],
        "end": [-77.329733, 38.855049],
        "km": 0.0632621978170575
    }, {
        "stage": 334,
        "start": [-77.329733, 38.855049],
        "end": [-77.328768, 38.854675],
        "km": 0.10768497034464636
    }, {
        "stage": 335,
        "start": [-77.328768, 38.854675],
        "end": [-77.328502, 38.854572],
        "km": 0.02968282205733549
    }, {
        "stage": 336,
        "start": [-77.328502, 38.854572],
        "end": [-77.327545, 38.854176],
        "km": 0.10684591837787434
    }, {
        "stage": 337,
        "start": [-77.327545, 38.854176],
        "end": [-77.326933, 38.853924],
        "km": 0.06832513618446434
    }, {
        "stage": 338,
        "start": [-77.326933, 38.853924],
        "end": [-77.326083, 38.853572],
        "km": 0.09490044281248013
    }, {
        "stage": 339,
        "start": [-77.326083, 38.853572],
        "end": [-77.325695, 38.853412],
        "km": 0.043317756764867286
    }, {
        "stage": 340,
        "start": [-77.325695, 38.853412],
        "end": [-77.325108, 38.853176],
        "km": 0.06552173763385608
    }, {
        "stage": 341,
        "start": [-77.325108, 38.853176],
        "end": [-77.324753, 38.853024],
        "km": 0.039646169115627565
    }, {
        "stage": 342,
        "start": [-77.324753, 38.853024],
        "end": [-77.324455, 38.852896],
        "km": 0.03328131152961477
    }, {
        "stage": 343,
        "start": [-77.324455, 38.852896],
        "end": [-77.324167, 38.852771],
        "km": 0.03216751302531662
    }, {
        "stage": 344,
        "start": [-77.324167, 38.852771],
        "end": [-77.323936, 38.852672],
        "km": 0.025798113762443516
    }, {
        "stage": 345,
        "start": [-77.323936, 38.852672],
        "end": [-77.322875, 38.852239],
        "km": 0.11844430062375885
    }, {
        "stage": 346,
        "start": [-77.322875, 38.852239],
        "end": [-77.32276, 38.852189],
        "km": 0.012844797883443093
    }, {
        "stage": 347,
        "start": [-77.32276, 38.852189],
        "end": [-77.321796, 38.851788],
        "km": 0.10763252760245601
    }, {
        "stage": 348,
        "start": [-77.321796, 38.851788],
        "end": [-77.321686, 38.85174],
        "km": 0.01228683865042979
    }, {
        "stage": 349,
        "start": [-77.321686, 38.85174],
        "end": [-77.321556, 38.851683],
        "km": 0.014520988830000746
    }, {
        "stage": 350,
        "start": [-77.321556, 38.851683],
        "end": [-77.320991, 38.851442],
        "km": 0.06309687963104518
    }, {
        "stage": 351,
        "start": [-77.320991, 38.851442],
        "end": [-77.320088, 38.851086],
        "km": 0.10077937744093966
    }, {
        "stage": 352,
        "start": [-77.320088, 38.851086],
        "end": [-77.319898, 38.851009],
        "km": 0.021209318358699367
    }, {
        "stage": 353,
        "start": [-77.319898, 38.851009],
        "end": [-77.319163, 38.8507],
        "km": 0.0820716107987955
    }, {
        "stage": 354,
        "start": [-77.319163, 38.8507],
        "end": [-77.319049, 38.850655],
        "km": 0.012723197185605219
    }, {
        "stage": 355,
        "start": [-77.319049, 38.850655],
        "end": [-77.318428, 38.850386],
        "km": 0.06936020133586183
    }, {
        "stage": 356,
        "start": [-77.318428, 38.850386],
        "end": [-77.318398, 38.850375],
        "km": 0.0033455507399760475
    }, {
        "stage": 357,
        "start": [-77.318398, 38.850375],
        "end": [-77.318208, 38.850303],
        "km": 0.02119911830118796
    }, {
        "stage": 358,
        "start": [-77.318208, 38.850303],
        "end": [-77.318151, 38.850282],
        "km": 0.00635894191217614
    }, {
        "stage": 359,
        "start": [-77.318151, 38.850282],
        "end": [-77.318033, 38.850234],
        "km": 0.013172472687922166
    }, {
        "stage": 360,
        "start": [-77.318033, 38.850234],
        "end": [-77.317838, 38.850145],
        "km": 0.02179068698762877
    }, {
        "stage": 361,
        "start": [-77.317838, 38.850145],
        "end": [-77.317784, 38.850121],
        "km": 0.006033144810851837
    }, {
        "stage": 362,
        "start": [-77.317784, 38.850121],
        "end": [-77.31768, 38.850076],
        "km": 0.011615735982279623
    }, {
        "stage": 363,
        "start": [-77.31768, 38.850076],
        "end": [-77.317491, 38.850006],
        "km": 0.021084241343862605
    }, {
        "stage": 364,
        "start": [-77.317491, 38.850006],
        "end": [-77.317371, 38.849955],
        "km": 0.013400709214748441
    }, {
        "stage": 365,
        "start": [-77.317371, 38.849955],
        "end": [-77.316675, 38.849664],
        "km": 0.07771331343303922
    }, {
        "stage": 366,
        "start": [-77.316675, 38.849664],
        "end": [-77.315985, 38.849365],
        "km": 0.07706726716402312
    }, {
        "stage": 367,
        "start": [-77.315985, 38.849365],
        "end": [-77.315455, 38.849137],
        "km": 0.059192793216890215
    }, {
        "stage": 368,
        "start": [-77.315455, 38.849137],
        "end": [-77.315387, 38.84911],
        "km": 0.007589710422957601
    }, {
        "stage": 369,
        "start": [-77.315387, 38.84911],
        "end": [-77.315326, 38.849087],
        "km": 0.00680594417509975
    }, {
        "stage": 370,
        "start": [-77.315326, 38.849087],
        "end": [-77.314759, 38.848885],
        "km": 0.0632370499932827
    }, {
        "stage": 371,
        "start": [-77.314759, 38.848885],
        "end": [-77.314659, 38.848849],
        "km": 0.011153451890908845
    }, {
        "stage": 372,
        "start": [-77.314659, 38.848849],
        "end": [-77.314399, 38.848757],
        "km": 0.028996327084410328
    }, {
        "stage": 373,
        "start": [-77.314399, 38.848757],
        "end": [-77.314384, 38.848751],
        "km": 0.0016741216682904353
    }, {
        "stage": 374,
        "start": [-77.314384, 38.848751],
        "end": [-77.314278, 38.848708],
        "km": 0.011832878518990647
    }, {
        "stage": 375,
        "start": [-77.314278, 38.848708],
        "end": [-77.31377, 38.848546],
        "km": 0.05662265955107991
    }, {
        "stage": 376,
        "start": [-77.31377, 38.848546],
        "end": [-77.31363, 38.848503],
        "km": 0.015601887947785891
    }, {
        "stage": 377,
        "start": [-77.31363, 38.848503],
        "end": [-77.313586, 38.84849],
        "km": 0.004902508224030385
    }, {
        "stage": 378,
        "start": [-77.313586, 38.84849],
        "end": [-77.313366, 38.848412],
        "km": 0.024535875291199914
    }, {
        "stage": 379,
        "start": [-77.313366, 38.848412],
        "end": [-77.312803, 38.848214],
        "km": 0.06278618333631249
    }, {
        "stage": 380,
        "start": [-77.312803, 38.848214],
        "end": [-77.312274, 38.848038],
        "km": 0.058976131791969144
    }, {
        "stage": 381,
        "start": [-77.312274, 38.848038],
        "end": [-77.31221, 38.848013],
        "km": 0.0071419209452110635
    }, {
        "stage": 382,
        "start": [-77.31221, 38.848013],
        "end": [-77.312171, 38.848],
        "km": 0.004348200533222339
    }, {
        "stage": 383,
        "start": [-77.312171, 38.848],
        "end": [-77.311794, 38.847869],
        "km": 0.04204038243639215
    }, {
        "stage": 384,
        "start": [-77.311794, 38.847869],
        "end": [-77.31141, 38.847727],
        "km": 0.042837432991710035
    }, {
        "stage": 385,
        "start": [-77.31141, 38.847727],
        "end": [-77.311212, 38.847662],
        "km": 0.02207277283574634
    }, {
        "stage": 386,
        "start": [-77.311212, 38.847662],
        "end": [-77.310686, 38.847474],
        "km": 0.05866573216851269
    }, {
        "stage": 387,
        "start": [-77.310686, 38.847474],
        "end": [-77.309806, 38.847162],
        "km": 0.09814317978422349
    }, {
        "stage": 388,
        "start": [-77.309806, 38.847162],
        "end": [-77.30903, 38.846887],
        "km": 0.08654423973303528
    }, {
        "stage": 389,
        "start": [-77.30903, 38.846887],
        "end": [-77.308809, 38.846809],
        "km": 0.024646730851871045
    }, {
        "stage": 390,
        "start": [-77.308809, 38.846809],
        "end": [-77.308638, 38.846749],
        "km": 0.01906973845845959
    }, {
        "stage": 391,
        "start": [-77.308638, 38.846749],
        "end": [-77.308102, 38.846574],
        "km": 0.05975065667639504
    }, {
        "stage": 392,
        "start": [-77.308102, 38.846574],
        "end": [-77.307916, 38.846547],
        "km": 0.02069163303585469
    }, {
        "stage": 393,
        "start": [-77.307916, 38.846547],
        "end": [-77.307769, 38.846515],
        "km": 0.016363370591184645
    }, {
        "stage": 394,
        "start": [-77.307769, 38.846515],
        "end": [-77.307238, 38.846399],
        "km": 0.059109608657171284
    }, {
        "stage": 395,
        "start": [-77.307238, 38.846399],
        "end": [-77.306713, 38.846288],
        "km": 0.05843747943523565
    }, {
        "stage": 396,
        "start": [-77.306713, 38.846288],
        "end": [-77.306601, 38.846265],
        "km": 0.012465962901994771
    }, {
        "stage": 397,
        "start": [-77.306601, 38.846265],
        "end": [-77.306628, 38.846196],
        "km": 0.0034437749897904897
    }, {
        "stage": 398,
        "start": [-77.306628, 38.846196],
        "end": [-77.306647, 38.846144],
        "km": 0.002466372727587648
    }],
    "km": 22.648329668340434
}