{
    "route_id": "route-p",
    "profile": "aggressive",
    "triggers": [{
        "occurances": 0,
        "type": "dtc"
    }, {
        "occurances": 1,
        "type": "brake"
    }, {
        "occurances": 0,
        "type": "oiltemp"
    }],
    "end": ["-77.22713973244714", "38.91874198479309"],
    "description": "Aggressive - Dunn Loring to Tysons Corner",
    "name": "Route P",
    "start": ["-77.22118799999998", "38.89418599999999"],
    "stages": [{
        "stage": 0,
        "start": [-77.221188, 38.894186],
        "end": [-77.221214, 38.894131],
        "km": 0.0031911413742302186
    }, {
        "stage": 1,
        "start": [-77.221214, 38.894131],
        "end": [-77.221267, 38.894005],
        "km": 0.006658022129620731
    }, {
        "stage": 2,
        "start": [-77.221267, 38.894005],
        "end": [-77.221428, 38.893643],
        "km": 0.019993006851635374
    }, {
        "stage": 3,
        "start": [-77.221428, 38.893643],
        "end": [-77.221543, 38.893386],
        "km": 0.014263638426436286
    }, {
        "stage": 4,
        "start": [-77.221543, 38.893386],
        "end": [-77.22157, 38.893324],
        "km": 0.0033670312222174583
    }, {
        "stage": 5,
        "start": [-77.22157, 38.893324],
        "end": [-77.222065, 38.893667],
        "km": 0.05568146604596195
    }, {
        "stage": 6,
        "start": [-77.222065, 38.893667],
        "end": [-77.222283, 38.893786],
        "km": 0.024415290675024803
    }, {
        "stage": 7,
        "start": [-77.222283, 38.893786],
        "end": [-77.222386, 38.893834],
        "km": 0.01151287087129363
    }, {
        "stage": 8,
        "start": [-77.222386, 38.893834],
        "end": [-77.222548, 38.893894],
        "km": 0.0180730260708259
    }, {
        "stage": 9,
        "start": [-77.222548, 38.893894],
        "end": [-77.222718, 38.89394],
        "km": 0.018936241890250755
    }, {
        "stage": 10,
        "start": [-77.222718, 38.89394],
        "end": [-77.222894, 38.893974],
        "km": 0.019587271828170678
    }, {
        "stage": 11,
        "start": [-77.222894, 38.893974],
        "end": [-77.223328, 38.894035],
        "km": 0.04827962675421841
    }, {
        "stage": 12,
        "start": [-77.223328, 38.894035],
        "end": [-77.223586, 38.894083],
        "km": 0.02871117130959127
    }, {
        "stage": 13,
        "start": [-77.223586, 38.894083],
        "end": [-77.223763, 38.894135],
        "km": 0.019721844991406466
    }, {
        "stage": 14,
        "start": [-77.223763, 38.894135],
        "end": [-77.223987, 38.894214],
        "km": 0.024982298306225045
    }, {
        "stage": 15,
        "start": [-77.223987, 38.894214],
        "end": [-77.224325, 38.894364],
        "km": 0.03776262845600625
    }, {
        "stage": 16,
        "start": [-77.224325, 38.894364],
        "end": [-77.224541, 38.894521],
        "km": 0.024325247191174463
    }, {
        "stage": 17,
        "start": [-77.224541, 38.894521],
        "end": [-77.224712, 38.89464],
        "km": 0.019237473050334044
    }, {
        "stage": 18,
        "start": [-77.224712, 38.89464],
        "end": [-77.224792, 38.89468],
        "km": 0.008949707589362364
    }, {
        "stage": 19,
        "start": [-77.224792, 38.89468],
        "end": [-77.224959, 38.894765],
        "km": 0.018685927334813352
    }, {
        "stage": 20,
        "start": [-77.224959, 38.894765],
        "end": [-77.225158, 38.894852],
        "km": 0.022229607105742132
    }, {
        "stage": 21,
        "start": [-77.225158, 38.894852],
        "end": [-77.225144, 38.894958],
        "km": 0.003034815342208122
    }, {
        "stage": 22,
        "start": [-77.225144, 38.894958],
        "end": [-77.225121, 38.895123],
        "km": 0.0047956464499010944
    }, {
        "stage": 23,
        "start": [-77.225121, 38.895123],
        "end": [-77.22507, 38.895362],
        "km": 0.008166250219974058
    }, {
        "stage": 24,
        "start": [-77.22507, 38.895362],
        "end": [-77.225011, 38.895575],
        "km": 0.008394260248794354
    }, {
        "stage": 25,
        "start": [-77.225011, 38.895575],
        "end": [-77.224944, 38.895801],
        "km": 0.009293519735930178
    }, {
        "stage": 26,
        "start": [-77.224944, 38.895801],
        "end": [-77.224901, 38.895964],
        "km": 0.006238762098147727
    }, {
        "stage": 27,
        "start": [-77.224901, 38.895964],
        "end": [-77.224924, 38.896146],
        "km": 0.005154310326208898
    }, {
        "stage": 28,
        "start": [-77.224924, 38.896146],
        "end": [-77.224727, 38.896806],
        "km": 0.027260330798988944
    }, {
        "stage": 29,
        "start": [-77.224727, 38.896806],
        "end": [-77.224696, 38.896993],
        "km": 0.00574625051298121
    }, {
        "stage": 30,
        "start": [-77.224696, 38.896993],
        "end": [-77.224616, 38.89747],
        "km": 0.014719774309558488
    }, {
        "stage": 31,
        "start": [-77.224616, 38.89747],
        "end": [-77.224503, 38.897903],
        "km": 0.016468224596489923
    }, {
        "stage": 32,
        "start": [-77.224503, 38.897903],
        "end": [-77.224318, 38.898588],
        "km": 0.026585689641427542
    }, {
        "stage": 33,
        "start": [-77.224318, 38.898588],
        "end": [-77.2241, 38.899394],
        "km": 0.031309732275924436
    }, {
        "stage": 34,
        "start": [-77.2241, 38.899394],
        "end": [-77.223987, 38.899815],
        "km": 0.016279720774418104
    }, {
        "stage": 35,
        "start": [-77.223987, 38.899815],
        "end": [-77.22394, 38.899989],
        "km": 0.006754106329753307
    }, {
        "stage": 36,
        "start": [-77.22394, 38.899989],
        "end": [-77.223793, 38.900532],
        "km": 0.021104961072592538
    }, {
        "stage": 37,
        "start": [-77.223793, 38.900532],
        "end": [-77.223683, 38.900936],
        "km": 0.01575707152615555
    }, {
        "stage": 38,
        "start": [-77.223683, 38.900936],
        "end": [-77.223518, 38.901535],
        "km": 0.023527313267131426
    }, {
        "stage": 39,
        "start": [-77.223518, 38.901535],
        "end": [-77.223405, 38.901947],
        "km": 0.016140178530759292
    }, {
        "stage": 40,
        "start": [-77.223405, 38.901947],
        "end": [-77.223325, 38.902243],
        "km": 0.011493285149119825
    }, {
        "stage": 41,
        "start": [-77.223325, 38.902243],
        "end": [-77.223262, 38.902479],
        "km": 0.009097019280934707
    }, {
        "stage": 42,
        "start": [-77.223262, 38.902479],
        "end": [-77.223151, 38.90289],
        "km": 0.01595203522411479
    }, {
        "stage": 43,
        "start": [-77.223151, 38.90289],
        "end": [-77.223043, 38.903301],
        "km": 0.015695469305055453
    }, {
        "stage": 44,
        "start": [-77.223043, 38.903301],
        "end": [-77.222856, 38.904015],
        "km": 0.02721384403604386
    }, {
        "stage": 45,
        "start": [-77.222856, 38.904015],
        "end": [-77.222784, 38.904279],
        "km": 0.01030687209492113
    }, {
        "stage": 46,
        "start": [-77.222784, 38.904279],
        "end": [-77.222695, 38.9046],
        "km": 0.012658221804211488
    }, {
        "stage": 47,
        "start": [-77.222695, 38.9046],
        "end": [-77.222474, 38.905435],
        "km": 0.032022768204515904
    }, {
        "stage": 48,
        "start": [-77.222474, 38.905435],
        "end": [-77.222411, 38.905659],
        "km": 0.008911361614328856
    }, {
        "stage": 49,
        "start": [-77.222411, 38.905659],
        "end": [-77.22224, 38.906279],
        "km": 0.024371697184559442
    }, {
        "stage": 50,
        "start": [-77.22224, 38.906279],
        "end": [-77.222165, 38.906559],
        "km": 0.010814606154063858
    }, {
        "stage": 51,
        "start": [-77.222165, 38.906559],
        "end": [-77.222116, 38.906751],
        "km": 0.0072097374360420895
    }, {
        "stage": 52,
        "start": [-77.222116, 38.906751],
        "end": [-77.221979, 38.906994],
        "km": 0.0163630952225074
    }, {
        "stage": 53,
        "start": [-77.221979, 38.906994],
        "end": [-77.221946, 38.90715],
        "km": 0.005309335814132875
    }, {
        "stage": 54,
        "start": [-77.221946, 38.90715],
        "end": [-77.221932, 38.907273],
        "km": 0.003401647716187064
    }, {
        "stage": 55,
        "start": [-77.221932, 38.907273],
        "end": [-77.221938, 38.907366],
        "km": 0.002380850609696781
    }, {
        "stage": 56,
        "start": [-77.221938, 38.907366],
        "end": [-77.221968, 38.907496],
        "km": 0.004620504030219268
    }, {
        "stage": 57,
        "start": [-77.221968, 38.907496],
        "end": [-77.221998, 38.907575],
        "km": 0.003860775740418202
    }, {
        "stage": 58,
        "start": [-77.221998, 38.907575],
        "end": [-77.222054, 38.907683],
        "km": 0.006768767455959687
    }, {
        "stage": 59,
        "start": [-77.222054, 38.907683],
        "end": [-77.222222, 38.907947],
        "km": 0.019775919113880772
    }, {
        "stage": 60,
        "start": [-77.222222, 38.907947],
        "end": [-77.222541, 38.908414],
        "km": 0.03728240530520452
    }, {
        "stage": 61,
        "start": [-77.222541, 38.908414],
        "end": [-77.222828, 38.908836],
        "km": 0.03355650264737299
    }, {
        "stage": 62,
        "start": [-77.222828, 38.908836],
        "end": [-77.223067, 38.909208],
        "km": 0.028104787490353327
    }, {
        "stage": 63,
        "start": [-77.223067, 38.909208],
        "end": [-77.223102, 38.909264],
        "km": 0.004128122606159998
    }, {
        "stage": 64,
        "start": [-77.223102, 38.909264],
        "end": [-77.223297, 38.909579],
        "km": 0.023023980459606453
    }, {
        "stage": 65,
        "start": [-77.223297, 38.909579],
        "end": [-77.223339, 38.909638],
        "km": 0.004889623817458431
    }, {
        "stage": 66,
        "start": [-77.223339, 38.909638],
        "end": [-77.223388, 38.909717],
        "km": 0.005783767236917093
    }, {
        "stage": 67,
        "start": [-77.223388, 38.909717],
        "end": [-77.223464, 38.909831],
        "km": 0.008902761620985862
    }, {
        "stage": 68,
        "start": [-77.223464, 38.909831],
        "end": [-77.223635, 38.910089],
        "km": 0.02004365205694823
    }, {
        "stage": 69,
        "start": [-77.223635, 38.910089],
        "end": [-77.223727, 38.910214],
        "km": 0.010681289248122653
    }, {
        "stage": 70,
        "start": [-77.223727, 38.910214],
        "end": [-77.223839, 38.910343],
        "km": 0.012851110685514356
    }, {
        "stage": 71,
        "start": [-77.223839, 38.910343],
        "end": [-77.223965, 38.91046],
        "km": 0.01430212662786768
    }, {
        "stage": 72,
        "start": [-77.223965, 38.91046],
        "end": [-77.224035, 38.910517],
        "km": 0.007908362320877776
    }, {
        "stage": 73,
        "start": [-77.224035, 38.910517],
        "end": [-77.224073, 38.910548],
        "km": 0.004292926759939656
    }, {
        "stage": 74,
        "start": [-77.224073, 38.910548],
        "end": [-77.224183, 38.91062],
        "km": 0.01235814361156632
    }, {
        "stage": 75,
        "start": [-77.224183, 38.91062],
        "end": [-77.224322, 38.91069],
        "km": 0.015550685233059703
    }, {
        "stage": 76,
        "start": [-77.224322, 38.91069],
        "end": [-77.224443, 38.910739],
        "km": 0.013507545504913239
    }, {
        "stage": 77,
        "start": [-77.224443, 38.910739],
        "end": [-77.224529, 38.910773],
        "km": 0.009598337207237503
    }, {
        "stage": 78,
        "start": [-77.224529, 38.910773],
        "end": [-77.224928, 38.910886],
        "km": 0.04445151097763607
    }, {
        "stage": 79,
        "start": [-77.224928, 38.910886],
        "end": [-77.22521, 38.910977],
        "km": 0.031435118492773195
    }, {
        "stage": 80,
        "start": [-77.22521, 38.910977],
        "end": [-77.225277, 38.911001],
        "km": 0.007472441566071144
    }, {
        "stage": 81,
        "start": [-77.225277, 38.911001],
        "end": [-77.2255, 38.91108],
        "km": 0.02487130790066212
    }, {
        "stage": 82,
        "start": [-77.2255, 38.91108],
        "end": [-77.225743, 38.911185],
        "km": 0.027142055540036344
    }, {
        "stage": 83,
        "start": [-77.225743, 38.911185],
        "end": [-77.225953, 38.911276],
        "km": 0.02345672848297848
    }, {
        "stage": 84,
        "start": [-77.225953, 38.911276],
        "end": [-77.22668, 38.911616],
        "km": 0.08126580660583715
    }, {
        "stage": 85,
        "start": [-77.22668, 38.911616],
        "end": [-77.226929, 38.911731],
        "km": 0.02783008958908263
    }, {
        "stage": 86,
        "start": [-77.226929, 38.911731],
        "end": [-77.227236, 38.9119],
        "km": 0.034387076563143534
    }, {
        "stage": 87,
        "start": [-77.227236, 38.9119],
        "end": [-77.227267, 38.91192],
        "km": 0.0034815125512866005
    }, {
        "stage": 88,
        "start": [-77.227267, 38.91192],
        "end": [-77.227391, 38.912015],
        "km": 0.013984169841814064
    }, {
        "stage": 89,
        "start": [-77.227391, 38.912015],
        "end": [-77.227476, 38.912088],
        "km": 0.009619907585290756
    }, {
        "stage": 90,
        "start": [-77.227476, 38.912088],
        "end": [-77.227592, 38.912205],
        "km": 0.013214821425986477
    }, {
        "stage": 91,
        "start": [-77.227592, 38.912205],
        "end": [-77.227651, 38.912278],
        "km": 0.006801308198380647
    }, {
        "stage": 92,
        "start": [-77.227651, 38.912278],
        "end": [-77.227669, 38.912303],
        "km": 0.0020927866567329416
    }, {
        "stage": 93,
        "start": [-77.227669, 38.912303],
        "end": [-77.227729, 38.912385],
        "km": 0.006968846760511145
    }, {
        "stage": 94,
        "start": [-77.227729, 38.912385],
        "end": [-77.22778, 38.912465],
        "km": 0.0060024453950889125
    }, {
        "stage": 95,
        "start": [-77.22778, 38.912465],
        "end": [-77.227836, 38.912566],
        "km": 0.0067032120807757
    }, {
        "stage": 96,
        "start": [-77.227836, 38.912566],
        "end": [-77.227887, 38.91268],
        "km": 0.006325550220584263
    }, {
        "stage": 97,
        "start": [-77.227887, 38.91268],
        "end": [-77.227935, 38.912812],
        "km": 0.006245980383679187
    }, {
        "stage": 98,
        "start": [-77.227935, 38.912812],
        "end": [-77.227962, 38.912933],
        "km": 0.0042262837125867925
    }, {
        "stage": 99,
        "start": [-77.227962, 38.912933],
        "end": [-77.227973, 38.913034],
        "km": 0.0027660540880731148
    }, {
        "stage": 100,
        "start": [-77.227973, 38.913034],
        "end": [-77.227981, 38.913137],
        "km": 0.002681688124007171
    }, {
        "stage": 101,
        "start": [-77.227981, 38.913137],
        "end": [-77.227978, 38.913242],
        "km": 0.0026032491983570254
    }, {
        "stage": 102,
        "start": [-77.227978, 38.913242],
        "end": [-77.22797, 38.913365],
        "km": 0.003151357112335309
    }, {
        "stage": 103,
        "start": [-77.22797, 38.913365],
        "end": [-77.227946, 38.913486],
        "km": 0.0039961214774884455
    }, {
        "stage": 104,
        "start": [-77.227946, 38.913486],
        "end": [-77.227919, 38.913594],
        "km": 0.004008505599655196
    }, {
        "stage": 105,
        "start": [-77.227919, 38.913594],
        "end": [-77.227897, 38.913656],
        "km": 0.0028825196965668993
    }, {
        "stage": 106,
        "start": [-77.227897, 38.913656],
        "end": [-77.227879, 38.913706],
        "km": 0.0023484565749569584
    }, {
        "stage": 107,
        "start": [-77.227879, 38.913706],
        "end": [-77.227825, 38.913809],
        "km": 0.006516425941641121
    }, {
        "stage": 108,
        "start": [-77.227825, 38.913809],
        "end": [-77.227766, 38.913916],
        "km": 0.00706771880356057
    }, {
        "stage": 109,
        "start": [-77.227766, 38.913916],
        "end": [-77.227691, 38.914033],
        "km": 0.008821409723154757
    }, {
        "stage": 110,
        "start": [-77.227691, 38.914033],
        "end": [-77.227654, 38.914079],
        "km": 0.004265549464319049
    }, {
        "stage": 111,
        "start": [-77.227654, 38.914079],
        "end": [-77.227595, 38.914148],
        "km": 0.006775421116718837
    }, {
        "stage": 112,
        "start": [-77.227595, 38.914148],
        "end": [-77.227464, 38.91428],
        "km": 0.014922857208005347
    }, {
        "stage": 113,
        "start": [-77.227464, 38.91428],
        "end": [-77.227292, 38.914483],
        "km": 0.019764979339879297
    }, {
        "stage": 114,
        "start": [-77.227292, 38.914483],
        "end": [-77.227058, 38.914758],
        "km": 0.02688233134328148
    }, {
        "stage": 115,
        "start": [-77.227058, 38.914758],
        "end": [-77.22701, 38.91482],
        "km": 0.005550810145864541
    }, {
        "stage": 116,
        "start": [-77.22701, 38.91482],
        "end": [-77.226989, 38.914848],
        "km": 0.0024332655520002567
    }, {
        "stage": 117,
        "start": [-77.226989, 38.914848],
        "end": [-77.226871, 38.915],
        "km": 0.013641648374831224
    }, {
        "stage": 118,
        "start": [-77.226871, 38.915],
        "end": [-77.226793, 38.915085],
        "km": 0.008920963560612324
    }, {
        "stage": 119,
        "start": [-77.226793, 38.915085],
        "end": [-77.226565, 38.915334],
        "km": 0.026079702302345232
    }, {
        "stage": 120,
        "start": [-77.226565, 38.915334],
        "end": [-77.226495, 38.91541],
        "km": 0.008004636657002571
    }, {
        "stage": 121,
        "start": [-77.226495, 38.91541],
        "end": [-77.226361, 38.915545],
        "km": 0.015264672553804792
    }, {
        "stage": 122,
        "start": [-77.226361, 38.915545],
        "end": [-77.2263, 38.915614],
        "km": 0.006991440459415982
    }, {
        "stage": 123,
        "start": [-77.2263, 38.915614],
        "end": [-77.225915, 38.916045],
        "km": 0.044099794746755246
    }, {
        "stage": 124,
        "start": [-77.225915, 38.916045],
        "end": [-77.225675, 38.916346],
        "km": 0.027692613726504754
    }, {
        "stage": 125,
        "start": [-77.225675, 38.916346],
        "end": [-77.225544, 38.916524],
        "km": 0.015208780021227575
    }, {
        "stage": 126,
        "start": [-77.225544, 38.916524],
        "end": [-77.225476, 38.916617],
        "km": 0.007898670347409388
    }, {
        "stage": 127,
        "start": [-77.225476, 38.916617],
        "end": [-77.225372, 38.916814],
        "km": 0.012536967905499168
    }, {
        "stage": 128,
        "start": [-77.225372, 38.916814],
        "end": [-77.225328, 38.916943],
        "km": 0.005830323667426968
    }, {
        "stage": 129,
        "start": [-77.225328, 38.916943],
        "end": [-77.225447, 38.917003],
        "km": 0.013313336920746412
    }, {
        "stage": 130,
        "start": [-77.225447, 38.917003],
        "end": [-77.225557, 38.91706],
        "km": 0.012310652860666219
    }, {
        "stage": 131,
        "start": [-77.225557, 38.91706],
        "end": [-77.225936, 38.917254],
        "km": 0.042409819121857345
    }, {
        "stage": 132,
        "start": [-77.225936, 38.917254],
        "end": [-77.226281, 38.917431],
        "km": 0.03860647356992172
    }, {
        "stage": 133,
        "start": [-77.226281, 38.917431],
        "end": [-77.226652, 38.917625],
        "km": 0.04152609147583715
    }, {
        "stage": 134,
        "start": [-77.226652, 38.917625],
        "end": [-77.226856, 38.917732],
        "km": 0.02283473824714312
    }, {
        "stage": 135,
        "start": [-77.226856, 38.917732],
        "end": [-77.227121, 38.917872],
        "km": 0.029665663433680465
    }, {
        "stage": 136,
        "start": [-77.227121, 38.917872],
        "end": [-77.227425, 38.918031],
        "km": 0.03402694012325167
    }, {
        "stage": 137,
        "start": [-77.227425, 38.918031],
        "end": [-77.227685, 38.918167],
        "km": 0.029101959553939485
    }, {
        "stage": 138,
        "start": [-77.227685, 38.918167],
        "end": [-77.227801, 38.918258],
        "km": 0.013090462409447667
    }, {
        "stage": 139,
        "start": [-77.227801, 38.918258],
        "end": [-77.228147, 38.91853],
        "km": 0.03904816100989525
    }, {
        "stage": 140,
        "start": [-77.228147, 38.91853],
        "end": [-77.228207, 38.918577],
        "km": 0.006770098711249571
    }, {
        "stage": 141,
        "start": [-77.228207, 38.918577],
        "end": [-77.228066, 38.918668],
        "km": 0.015836084862053314
    }, {
        "stage": 142,
        "start": [-77.228066, 38.918668],
        "end": [-77.227907, 38.918537],
        "km": 0.01796976293525038
    }, {
        "stage": 143,
        "start": [-77.227907, 38.918537],
        "end": [-77.227675, 38.918347],
        "km": 0.026215323631299872
    }, {
        "stage": 144,
        "start": [-77.227675, 38.918347],
        "end": [-77.227213, 38.918522],
        "km": 0.05154939715108284
    }, {
        "stage": 145,
        "start": [-77.227213, 38.918522],
        "end": [-77.227279, 38.918713],
        "km": 0.008712448488234105
    }],
    "km": 2.3808647110321015
}