{
    "end": ["-74.00001", "40.733004"],
    "description": "Short aggressive route",
    "route_id": "route-a",
    "name": "Route A",
    "start": ["-73.9889", "40.733123"],
    "profile": "aggressive",
    "stages": [{
        "stage": 0,
        "start": [-73.988903, 40.733119],
        "end": [-73.989868, 40.733528],
        "km": 0.10802858534553632
    }, {
        "stage": 1,
        "start": [-73.989868, 40.733528],
        "end": [-73.98983, 40.733689],
        "km": 0.00649911616782174
    }, {
        "stage": 2,
        "start": [-73.98983, 40.733689],
        "end": [-73.989816, 40.733829],
        "km": 0.004567539593562537
    }, {
        "stage": 3,
        "start": [-73.989816, 40.733829],
        "end": [-73.989817, 40.73386],
        "km": 0.0009587533819547928
    }, {
        "stage": 4,
        "start": [-73.989817, 40.73386],
        "end": [-73.989819, 40.733958],
        "km": 0.003012461868185379
    }, {
        "stage": 5,
        "start": [-73.989819, 40.733958],
        "end": [-73.98982, 40.733995],
        "km": 0.0011391687665557385
    }, {
        "stage": 6,
        "start": [-73.98982, 40.733995],
        "end": [-73.989876, 40.734312],
        "km": 0.01154452922517191
    }, {
        "stage": 7,
        "start": [-73.989876, 40.734312],
        "end": [-73.9899, 40.734447],
        "km": 0.004925432262932563
    }, {
        "stage": 8,
        "start": [-73.9899, 40.734447],
        "end": [-73.990028, 40.734502],
        "km": 0.014331710971763131
    }, {
        "stage": 9,
        "start": [-73.990028, 40.734502],
        "end": [-73.990611, 40.734749],
        "km": 0.06526458382795684
    }, {
        "stage": 10,
        "start": [-73.990611, 40.734749],
        "end": [-73.990717, 40.734794],
        "km": 0.011866341318290641
    }, {
        "stage": 11,
        "start": [-73.990717, 40.734794],
        "end": [-73.990831, 40.734842],
        "km": 0.012760681880119543
    }, {
        "stage": 12,
        "start": [-73.990831, 40.734842],
        "end": [-73.99161, 40.735171],
        "km": 0.08720223436878388
    }, {
        "stage": 13,
        "start": [-73.99161, 40.735171],
        "end": [-73.991691, 40.735205],
        "km": 0.009066257524159026
    }, {
        "stage": 14,
        "start": [-73.991691, 40.735205],
        "end": [-73.991782, 40.735243],
        "km": 0.010185496725584628
    }, {
        "stage": 15,
        "start": [-73.991782, 40.735243],
        "end": [-73.992043, 40.735353],
        "km": 0.02921600230109299
    }, {
        "stage": 16,
        "start": [-73.992043, 40.735353],
        "end": [-73.993064, 40.735784],
        "km": 0.11429115906740918
    }, {
        "stage": 17,
        "start": [-73.993064, 40.735784],
        "end": [-73.993607, 40.736013],
        "km": 0.06078273161305825
    }, {
        "stage": 18,
        "start": [-73.993607, 40.736013],
        "end": [-73.994118, 40.735313],
        "km": 0.06073601074219223
    }, {
        "stage": 19,
        "start": [-73.994118, 40.735313],
        "end": [-73.994585, 40.734672],
        "km": 0.055519951879738565
    }, {
        "stage": 20,
        "start": [-73.994585, 40.734672],
        "end": [-73.994768, 40.734421],
        "km": 0.0217540557845025
    }, {
        "stage": 21,
        "start": [-73.994768, 40.734421],
        "end": [-73.994822, 40.734347],
        "km": 0.006418890009075189
    }, {
        "stage": 22,
        "start": [-73.994822, 40.734347],
        "end": [-73.99505, 40.734034],
        "km": 0.027106339342743598
    }, {
        "stage": 23,
        "start": [-73.99505, 40.734034],
        "end": [-73.995489, 40.733437],
        "km": 0.05213062962220662
    }, {
        "stage": 24,
        "start": [-73.995489, 40.733437],
        "end": [-73.995904, 40.732859],
        "km": 0.049428837036788194
    }, {
        "stage": 25,
        "start": [-73.995904, 40.732859],
        "end": [-73.996351, 40.732255],
        "km": 0.05303859009830634
    }, {
        "stage": 26,
        "start": [-73.996351, 40.732255],
        "end": [-73.996639, 40.731856],
        "km": 0.03427893340568467
    }, {
        "stage": 27,
        "start": [-73.996639, 40.731856],
        "end": [-73.996932, 40.731469],
        "km": 0.034671166955862164
    }, {
        "stage": 28,
        "start": [-73.996932, 40.731469],
        "end": [-73.996976, 40.731414],
        "km": 0.0051752487075804425
    }, {
        "stage": 29,
        "start": [-73.996976, 40.731414],
        "end": [-73.997072, 40.731465],
        "km": 0.010787907502244535
    }, {
        "stage": 30,
        "start": [-73.997072, 40.731465],
        "end": [-73.99856, 40.73219],
        "km": 0.16693587186610906
    }, {
        "stage": 31,
        "start": [-73.99856, 40.73219],
        "end": [-73.998612, 40.732215],
        "km": 0.00583264173404858
    }, {
        "stage": 32,
        "start": [-73.998612, 40.732215],
        "end": [-74.000066, 40.732929],
        "km": 0.16314400511524402
    }, {
        "stage": 33,
        "start": [-74.000066, 40.732929],
        "end": [-74.000011, 40.733004],
        "km": 0.006533000175979086
    }],
    "km": 1.3091348661882451
}