{
    "end": ["-77.39684499999998", "38.955754999999954"],
    "description": "Normal - IAD21 to Reston Town Center",
    "route_id": "route-c",
    "name": "Route C",
    "start": ["-77.35799370359143", "38.95869952935732"],
    "profile": "normal",
    "stages": [{
        "stage": 0,
        "start": [-77.357994, 38.958718],
        "end": [-77.357789, 38.958717],
        "km": 0.022794052536429608
    }, {
        "stage": 1,
        "start": [-77.357789, 38.958717],
        "end": [-77.357071, 38.958714],
        "km": 0.07983414814466146
    }, {
        "stage": 2,
        "start": [-77.357071, 38.958714],
        "end": [-77.356759, 38.958712],
        "km": 0.03469117527550763
    }, {
        "stage": 3,
        "start": [-77.356759, 38.958712],
        "end": [-77.355552, 38.958706],
        "km": 0.1342059008578878
    }, {
        "stage": 4,
        "start": [-77.355552, 38.958706],
        "end": [-77.355459, 38.958705],
        "km": 0.01034091563557234
    }, {
        "stage": 5,
        "start": [-77.355459, 38.958705],
        "end": [-77.355362, 38.958705],
        "km": 0.010785401115182114
    }, {
        "stage": 6,
        "start": [-77.355362, 38.958705],
        "end": [-77.354829, 38.958702],
        "km": 0.05926407736793658
    }, {
        "stage": 7,
        "start": [-77.354829, 38.958702],
        "end": [-77.354666, 38.958701],
        "km": 0.01812406409432434
    }, {
        "stage": 8,
        "start": [-77.354666, 38.958701],
        "end": [-77.354684, 38.958583],
        "km": 0.003500872362540084
    }, {
        "stage": 9,
        "start": [-77.354684, 38.958583],
        "end": [-77.354709, 38.958427],
        "km": 0.004704581584652506
    }, {
        "stage": 10,
        "start": [-77.354709, 38.958427],
        "end": [-77.354798, 38.958017],
        "km": 0.014054237370627831
    }, {
        "stage": 11,
        "start": [-77.354798, 38.958017],
        "end": [-77.35492, 38.957478],
        "km": 0.018871407882464004
    }, {
        "stage": 12,
        "start": [-77.35492, 38.957478],
        "end": [-77.354952, 38.957364],
        "km": 0.004511956858952247
    }, {
        "stage": 13,
        "start": [-77.354952, 38.957364],
        "end": [-77.354983, 38.957255],
        "km": 0.00434923668253604
    }, {
        "stage": 14,
        "start": [-77.354983, 38.957255],
        "end": [-77.355005, 38.957182],
        "km": 0.003022914059725374
    }, {
        "stage": 15,
        "start": [-77.355005, 38.957182],
        "end": [-77.355006, 38.957177],
        "km": 0.00013425232662457948
    }, {
        "stage": 16,
        "start": [-77.355006, 38.957177],
        "end": [-77.35504, 38.957059],
        "km": 0.004747485739709394
    }, {
        "stage": 17,
        "start": [-77.35504, 38.957059],
        "end": [-77.355124, 38.956763],
        "km": 0.011795883401245976
    }, {
        "stage": 18,
        "start": [-77.355124, 38.956763],
        "end": [-77.355216, 38.956433],
        "km": 0.013006202991429095
    }, {
        "stage": 19,
        "start": [-77.355216, 38.956433],
        "end": [-77.355329, 38.956035],
        "km": 0.015865364907532598
    }, {
        "stage": 20,
        "start": [-77.355329, 38.956035],
        "end": [-77.355424, 38.95571],
        "km": 0.01319639593852048
    }, {
        "stage": 21,
        "start": [-77.355424, 38.95571],
        "end": [-77.355553, 38.95527],
        "km": 0.017900422093205724
    }, {
        "stage": 22,
        "start": [-77.355553, 38.95527],
        "end": [-77.355619, 38.955105],
        "km": 0.008365762213545156
    }, {
        "stage": 23,
        "start": [-77.355619, 38.955105],
        "end": [-77.3557, 38.954795],
        "km": 0.011749188069664167
    }, {
        "stage": 24,
        "start": [-77.3557, 38.954795],
        "end": [-77.355792, 38.954459],
        "km": 0.013096656797748027
    }, {
        "stage": 25,
        "start": [-77.355792, 38.954459],
        "end": [-77.355893, 38.9541],
        "km": 0.014229163369906364
    }, {
        "stage": 26,
        "start": [-77.355893, 38.9541],
        "end": [-77.356026, 38.953626],
        "km": 0.018755967766290467
    }, {
        "stage": 27,
        "start": [-77.356026, 38.953626],
        "end": [-77.356198, 38.953179],
        "km": 0.022002436830027443
    }, {
        "stage": 28,
        "start": [-77.356198, 38.953179],
        "end": [-77.356236, 38.95312],
        "km": 0.004461744335676727
    }, {
        "stage": 29,
        "start": [-77.356236, 38.95312],
        "end": [-77.356273, 38.953071],
        "km": 0.004282417743539908
    }, {
        "stage": 30,
        "start": [-77.356273, 38.953071],
        "end": [-77.356314, 38.953039],
        "km": 0.004624403190432332
    }, {
        "stage": 31,
        "start": [-77.356314, 38.953039],
        "end": [-77.356343, 38.953015],
        "km": 0.0032747662338627062
    }, {
        "stage": 32,
        "start": [-77.356343, 38.953015],
        "end": [-77.356391, 38.952995],
        "km": 0.005359173962445648
    }, {
        "stage": 33,
        "start": [-77.356391, 38.952995],
        "end": [-77.35645, 38.952976],
        "km": 0.006576308801012345
    }, {
        "stage": 34,
        "start": [-77.35645, 38.952976],
        "end": [-77.356523, 38.952964],
        "km": 0.00812198837521094
    }, {
        "stage": 35,
        "start": [-77.356523, 38.952964],
        "end": [-77.356927, 38.952939],
        "km": 0.04492470823744653
    }, {
        "stage": 36,
        "start": [-77.356927, 38.952939],
        "end": [-77.357354, 38.952949],
        "km": 0.047478653715420545
    }, {
        "stage": 37,
        "start": [-77.357354, 38.952949],
        "end": [-77.357658, 38.952951],
        "km": 0.03380160598850585
    }, {
        "stage": 38,
        "start": [-77.357658, 38.952951],
        "end": [-77.357893, 38.952961],
        "km": 0.026130621233364605
    }, {
        "stage": 39,
        "start": [-77.357893, 38.952961],
        "end": [-77.358199, 38.95298],
        "km": 0.034027072545180205
    }, {
        "stage": 40,
        "start": [-77.358199, 38.95298],
        "end": [-77.358656, 38.953013],
        "km": 0.0508199587814928
    }, {
        "stage": 41,
        "start": [-77.358656, 38.953013],
        "end": [-77.359736, 38.953092],
        "km": 0.1201001684728051
    }, {
        "stage": 42,
        "start": [-77.359736, 38.953092],
        "end": [-77.361106, 38.953208],
        "km": 0.1523558670684023
    }, {
        "stage": 43,
        "start": [-77.361106, 38.953208],
        "end": [-77.361415, 38.953243],
        "km": 0.034368071188782046
    }, {
        "stage": 44,
        "start": [-77.361415, 38.953243],
        "end": [-77.36169, 38.953271],
        "km": 0.030584789780138254
    }, {
        "stage": 45,
        "start": [-77.36169, 38.953271],
        "end": [-77.362141, 38.953315],
        "km": 0.05015793411527106
    }, {
        "stage": 46,
        "start": [-77.362141, 38.953315],
        "end": [-77.362554, 38.953352],
        "km": 0.04593009315221246
    }, {
        "stage": 47,
        "start": [-77.362554, 38.953352],
        "end": [-77.363034, 38.953394],
        "km": 0.0533807914854444
    }, {
        "stage": 48,
        "start": [-77.363034, 38.953394],
        "end": [-77.363629, 38.953442],
        "km": 0.06616808116745422
    }, {
        "stage": 49,
        "start": [-77.363629, 38.953442],
        "end": [-77.364189, 38.953479],
        "km": 0.06227267796097866
    }, {
        "stage": 50,
        "start": [-77.364189, 38.953479],
        "end": [-77.36496, 38.953523],
        "km": 0.0857338553307955
    }, {
        "stage": 51,
        "start": [-77.36496, 38.953523],
        "end": [-77.365669, 38.95356],
        "km": 0.07883852859887494
    }, {
        "stage": 52,
        "start": [-77.365669, 38.95356],
        "end": [-77.366314, 38.953587],
        "km": 0.07172021404792146
    }, {
        "stage": 53,
        "start": [-77.366314, 38.953587],
        "end": [-77.366959, 38.95361],
        "km": 0.07171946012733532
    }, {
        "stage": 54,
        "start": [-77.366959, 38.95361],
        "end": [-77.36742, 38.953622],
        "km": 0.0512592542309868
    }, {
        "stage": 55,
        "start": [-77.36742, 38.953622],
        "end": [-77.36763, 38.953627],
        "km": 0.023350065305446657
    }, {
        "stage": 56,
        "start": [-77.36763, 38.953627],
        "end": [-77.369647, 38.95364],
        "km": 0.22426958653800955
    }, {
        "stage": 57,
        "start": [-77.369647, 38.95364],
        "end": [-77.370492, 38.953633],
        "km": 0.09395533764303095
    }, {
        "stage": 58,
        "start": [-77.370492, 38.953633],
        "end": [-77.371348, 38.953608],
        "km": 0.09518021293894294
    }, {
        "stage": 59,
        "start": [-77.371348, 38.953608],
        "end": [-77.372337, 38.953562],
        "km": 0.10997216052516555
    }, {
        "stage": 60,
        "start": [-77.372337, 38.953562],
        "end": [-77.373331, 38.953513],
        "km": 0.11052884877841854
    }, {
        "stage": 61,
        "start": [-77.373331, 38.953513],
        "end": [-77.374436, 38.953471],
        "km": 0.12286875323315054
    }, {
        "stage": 62,
        "start": [-77.374436, 38.953471],
        "end": [-77.374705, 38.953456],
        "km": 0.02991206913919881
    }, {
        "stage": 63,
        "start": [-77.374705, 38.953456],
        "end": [-77.376159, 38.953379],
        "km": 0.16168043981710337
    }, {
        "stage": 64,
        "start": [-77.376159, 38.953379],
        "end": [-77.377628, 38.953289],
        "km": 0.16335209424420033
    }, {
        "stage": 65,
        "start": [-77.377628, 38.953289],
        "end": [-77.377905, 38.953269],
        "km": 0.030803230174369065
    }, {
        "stage": 66,
        "start": [-77.377905, 38.953269],
        "end": [-77.378958, 38.953199],
        "km": 0.11709496855936863
    }, {
        "stage": 67,
        "start": [-77.378958, 38.953199],
        "end": [-77.379629, 38.953148],
        "km": 0.07461845280178744
    }, {
        "stage": 68,
        "start": [-77.379629, 38.953148],
        "end": [-77.380409, 38.953098],
        "km": 0.08673635443824063
    }, {
        "stage": 69,
        "start": [-77.380409, 38.953098],
        "end": [-77.381161, 38.953056],
        "km": 0.08362082666583233
    }, {
        "stage": 70,
        "start": [-77.381161, 38.953056],
        "end": [-77.381838, 38.953029],
        "km": 0.07527821378210185
    }, {
        "stage": 71,
        "start": [-77.381838, 38.953029],
        "end": [-77.382445, 38.953022],
        "km": 0.06749227788221733
    }, {
        "stage": 72,
        "start": [-77.382445, 38.953022],
        "end": [-77.382976, 38.95302],
        "km": 0.05904172503237006
    }, {
        "stage": 73,
        "start": [-77.382976, 38.95302],
        "end": [-77.383412, 38.953024],
        "km": 0.04847875494634761
    }, {
        "stage": 74,
        "start": [-77.383412, 38.953024],
        "end": [-77.384035, 38.953044],
        "km": 0.06927283458578759
    }, {
        "stage": 75,
        "start": [-77.384035, 38.953044],
        "end": [-77.384595, 38.953079],
        "km": 0.062271954377518424
    }, {
        "stage": 76,
        "start": [-77.384595, 38.953079],
        "end": [-77.38505, 38.953108],
        "km": 0.05059612017258642
    }, {
        "stage": 77,
        "start": [-77.38505, 38.953108],
        "end": [-77.385619, 38.953148],
        "km": 0.06327423388878987
    }, {
        "stage": 78,
        "start": [-77.385619, 38.953148],
        "end": [-77.386095, 38.95319],
        "km": 0.05293603457222645
    }, {
        "stage": 79,
        "start": [-77.386095, 38.95319],
        "end": [-77.386647, 38.953259],
        "km": 0.06139949102840042
    }, {
        "stage": 80,
        "start": [-77.386647, 38.953259],
        "end": [-77.387883, 38.953431],
        "km": 0.13749371921000159
    }, {
        "stage": 81,
        "start": [-77.387883, 38.953431],
        "end": [-77.38827, 38.953491],
        "km": 0.04305503720762594
    }, {
        "stage": 82,
        "start": [-77.38827, 38.953491],
        "end": [-77.389688, 38.953716],
        "km": 0.15776142222246206
    }, {
        "stage": 83,
        "start": [-77.389688, 38.953716],
        "end": [-77.390402, 38.953839],
        "km": 0.07944550872314693
    }, {
        "stage": 84,
        "start": [-77.390402, 38.953839],
        "end": [-77.392254, 38.954145],
        "km": 0.20605698573856293
    }, {
        "stage": 85,
        "start": [-77.392254, 38.954145],
        "end": [-77.393236, 38.954301],
        "km": 0.1092537647487512
    }, {
        "stage": 86,
        "start": [-77.393236, 38.954301],
        "end": [-77.394063, 38.954429],
        "km": 0.09200619604181433
    }, {
        "stage": 87,
        "start": [-77.394063, 38.954429],
        "end": [-77.39475, 38.954534],
        "km": 0.07642967386172868
    }, {
        "stage": 88,
        "start": [-77.39475, 38.954534],
        "end": [-77.395455, 38.954649],
        "km": 0.07843829335263267
    }, {
        "stage": 89,
        "start": [-77.395455, 38.954649],
        "end": [-77.395892, 38.954725],
        "km": 0.048624832369662696
    }, {
        "stage": 90,
        "start": [-77.395892, 38.954725],
        "end": [-77.396407, 38.954822],
        "km": 0.057310964375620485
    }, {
        "stage": 91,
        "start": [-77.396407, 38.954822],
        "end": [-77.397, 38.954944],
        "km": 0.06600178087625362
    }, {
        "stage": 92,
        "start": [-77.397, 38.954944],
        "end": [-77.397349, 38.955023],
        "km": 0.03885242384819677
    }, {
        "stage": 93,
        "start": [-77.397349, 38.955023],
        "end": [-77.398403, 38.955349],
        "km": 0.11746031364991465
    }, {
        "stage": 94,
        "start": [-77.398403, 38.955349],
        "end": [-77.398912, 38.955492],
        "km": 0.05670170497593581
    }, {
        "stage": 95,
        "start": [-77.398912, 38.955492],
        "end": [-77.399534, 38.955694],
        "km": 0.06933323600017789
    }, {
        "stage": 96,
        "start": [-77.399534, 38.955694],
        "end": [-77.39993, 38.955819],
        "km": 0.04413523542970945
    }, {
        "stage": 97,
        "start": [-77.39993, 38.955819],
        "end": [-77.400414, 38.955975],
        "km": 0.05394864222474853
    }, {
        "stage": 98,
        "start": [-77.400414, 38.955975],
        "end": [-77.400632, 38.956048],
        "km": 0.024303935666831863
    }, {
        "stage": 99,
        "start": [-77.400632, 38.956048],
        "end": [-77.400848, 38.956121],
        "km": 0.024082113345124577
    }, {
        "stage": 100,
        "start": [-77.400848, 38.956121],
        "end": [-77.401063, 38.956205],
        "km": 0.023992509704606434
    }, {
        "stage": 101,
        "start": [-77.401063, 38.956205],
        "end": [-77.401548, 38.95641],
        "km": 0.054155548134189276
    }, {
        "stage": 102,
        "start": [-77.401548, 38.95641],
        "end": [-77.401706, 38.956483],
        "km": 0.017656605493971314
    }, {
        "stage": 103,
        "start": [-77.401706, 38.956483],
        "end": [-77.402263, 38.956739],
        "km": 0.062242931749004686
    }, {
        "stage": 104,
        "start": [-77.402263, 38.956739],
        "end": [-77.402601, 38.956912],
        "km": 0.03781557042364573
    }, {
        "stage": 105,
        "start": [-77.402601, 38.956912],
        "end": [-77.403001, 38.957095],
        "km": 0.04469675112101176
    }, {
        "stage": 106,
        "start": [-77.403001, 38.957095],
        "end": [-77.403209, 38.957194],
        "km": 0.023252022386501585
    }, {
        "stage": 107,
        "start": [-77.403209, 38.957194],
        "end": [-77.403361, 38.957303],
        "km": 0.017106507108295095
    }, {
        "stage": 108,
        "start": [-77.403361, 38.957303],
        "end": [-77.403386, 38.957341],
        "km": 0.002929039963735188
    }, {
        "stage": 109,
        "start": [-77.403386, 38.957341],
        "end": [-77.403403, 38.957395],
        "km": 0.002298029667085501
    }, {
        "stage": 110,
        "start": [-77.403403, 38.957395],
        "end": [-77.403398, 38.957443],
        "km": 0.0012877030802084695
    }, {
        "stage": 111,
        "start": [-77.403398, 38.957443],
        "end": [-77.403385, 38.957487],
        "km": 0.0017961737136302286
    }, {
        "stage": 112,
        "start": [-77.403385, 38.957487],
        "end": [-77.403245, 38.957738],
        "km": 0.016714279872728832
    }, {
        "stage": 113,
        "start": [-77.403245, 38.957738],
        "end": [-77.402914, 38.958087],
        "km": 0.03776417961340085
    }, {
        "stage": 114,
        "start": [-77.402914, 38.958087],
        "end": [-77.402324, 38.958658],
        "km": 0.06704724367815032
    }, {
        "stage": 115,
        "start": [-77.402324, 38.958658],
        "end": [-77.401886, 38.959086],
        "km": 0.049794765273896174
    }, {
        "stage": 116,
        "start": [-77.401886, 38.959086],
        "end": [-77.401828, 38.959142],
        "km": 0.006589998051465081
    }, {
        "stage": 117,
        "start": [-77.401828, 38.959142],
        "end": [-77.401773, 38.9591],
        "km": 0.006198911284989603
    }, {
        "stage": 118,
        "start": [-77.401773, 38.9591],
        "end": [-77.401641, 38.959002],
        "km": 0.0148681042355286
    }, {
        "stage": 119,
        "start": [-77.401641, 38.959002],
        "end": [-77.401432, 38.958859],
        "km": 0.023496074971420228
    }, {
        "stage": 120,
        "start": [-77.401432, 38.958859],
        "end": [-77.401333, 38.95878],
        "km": 0.011173230035192109
    }, {
        "stage": 121,
        "start": [-77.401333, 38.95878],
        "end": [-77.401153, 38.95867],
        "km": 0.020191255352596825
    }, {
        "stage": 122,
        "start": [-77.401153, 38.95867],
        "end": [-77.400974, 38.958561],
        "km": 0.02007756898042982
    }, {
        "stage": 123,
        "start": [-77.400974, 38.958561],
        "end": [-77.400655, 38.958368],
        "km": 0.03577692264823569
    }, {
        "stage": 124,
        "start": [-77.400655, 38.958368],
        "end": [-77.400248, 38.958123],
        "km": 0.0456426320648698
    }, {
        "stage": 125,
        "start": [-77.400248, 38.958123],
        "end": [-77.400144, 38.958049],
        "km": 0.01170192136075462
    }, {
        "stage": 126,
        "start": [-77.400144, 38.958049],
        "end": [-77.400021, 38.957961],
        "km": 0.013841994322473771
    }, {
        "stage": 127,
        "start": [-77.400021, 38.957961],
        "end": [-77.399905, 38.957858],
        "km": 0.01313787808248528
    }, {
        "stage": 128,
        "start": [-77.399905, 38.957858],
        "end": [-77.399817, 38.957773],
        "km": 0.009999320215136434
    }, {
        "stage": 129,
        "start": [-77.399817, 38.957773],
        "end": [-77.399639, 38.957571],
        "km": 0.020389344207375034
    }, {
        "stage": 130,
        "start": [-77.399639, 38.957571],
        "end": [-77.399477, 38.957332],
        "km": 0.01892243562539367
    }, {
        "stage": 131,
        "start": [-77.399477, 38.957332],
        "end": [-77.399272, 38.957074],
        "km": 0.023637370655056677
    }, {
        "stage": 132,
        "start": [-77.399272, 38.957074],
        "end": [-77.399197, 38.95698],
        "km": 0.008645474587058081
    }, {
        "stage": 133,
        "start": [-77.399197, 38.95698],
        "end": [-77.399056, 38.956774],
        "km": 0.016454812093242954
    }, {
        "stage": 134,
        "start": [-77.399056, 38.956774],
        "end": [-77.398996, 38.95667],
        "km": 0.00713245099062122
    }, {
        "stage": 135,
        "start": [-77.398996, 38.95667],
        "end": [-77.398921, 38.95655],
        "km": 0.008833150168915768
    }, {
        "stage": 136,
        "start": [-77.398921, 38.95655],
        "end": [-77.398821, 38.956414],
        "km": 0.011598266657045475
    }, {
        "stage": 137,
        "start": [-77.398821, 38.956414],
        "end": [-77.398687, 38.956251],
        "km": 0.015415359351722576
    }, {
        "stage": 138,
        "start": [-77.398687, 38.956251],
        "end": [-77.398509, 38.956072],
        "km": 0.020262318989267513
    }, {
        "stage": 139,
        "start": [-77.398509, 38.956072],
        "end": [-77.398313, 38.9559],
        "km": 0.02218882717747029
    }, {
        "stage": 140,
        "start": [-77.398313, 38.9559],
        "end": [-77.398111, 38.955757],
        "km": 0.022726543783980997
    }, {
        "stage": 141,
        "start": [-77.398111, 38.955757],
        "end": [-77.397896, 38.955628],
        "km": 0.02410978921559736
    }, {
        "stage": 142,
        "start": [-77.397896, 38.955628],
        "end": [-77.397699, 38.955526],
        "km": 0.022043765986486226
    }, {
        "stage": 143,
        "start": [-77.397699, 38.955526],
        "end": [-77.39748, 38.955438],
        "km": 0.024443879694194932
    }, {
        "stage": 144,
        "start": [-77.39748, 38.955438],
        "end": [-77.397281, 38.955369],
        "km": 0.022190045573933746
    }, {
        "stage": 145,
        "start": [-77.397281, 38.955369],
        "end": [-77.397044, 38.955296],
        "km": 0.026411223791686957
    }, {
        "stage": 146,
        "start": [-77.397044, 38.955296],
        "end": [-77.3967, 38.955219],
        "km": 0.03829463781888852
    }, {
        "stage": 147,
        "start": [-77.3967, 38.955219],
        "end": [-77.396255, 38.955132],
        "km": 0.049524280337067135
    }, {
        "stage": 148,
        "start": [-77.396255, 38.955132],
        "end": [-77.396101, 38.955102],
        "km": 0.017138612264871476
    }, {
        "stage": 149,
        "start": [-77.396101, 38.955102],
        "end": [-77.395553, 38.955009],
        "km": 0.06097369120234341
    }, {
        "stage": 150,
        "start": [-77.395553, 38.955009],
        "end": [-77.395129, 38.954933],
        "km": 0.04718047757777487
    }, {
        "stage": 151,
        "start": [-77.395129, 38.954933],
        "end": [-77.395019, 38.955072],
        "km": 0.01268737760216761
    }, {
        "stage": 152,
        "start": [-77.395019, 38.955072],
        "end": [-77.395164, 38.955094],
        "km": 0.016131521808345272
    }, {
        "stage": 153,
        "start": [-77.395164, 38.955094],
        "end": [-77.396566, 38.955345],
        "km": 0.15600672026734708
    }, {
        "stage": 154,
        "start": [-77.396566, 38.955345],
        "end": [-77.396709, 38.955374],
        "km": 0.015915555283015814
    }, {
        "stage": 155,
        "start": [-77.396709, 38.955374],
        "end": [-77.39697, 38.955438],
        "km": 0.02906183033441268
    }, {
        "stage": 156,
        "start": [-77.39697, 38.955438],
        "end": [-77.396919, 38.955581],
        "km": 0.006647862891522997
    }, {
        "stage": 157,
        "start": [-77.396919, 38.955581],
        "end": [-77.396878, 38.955698],
        "km": 0.0053700930649833375
    }, {
        "stage": 158,
        "start": [-77.396878, 38.955698],
        "end": [-77.396845, 38.955755],
        "km": 0.003922144442611813
    }],
    "km": 7.022559695118993
}