{
    "route_id": "route-n",
    "profile": "normal",
    "triggers": [{
        "occurances": 0,
        "type": "dtc"
    }, {
        "occurances": 0,
        "type": "brake"
    }, {
        "occurances": 0,
        "type": "oiltemp"
    }],
    "end": ["-76.94607000000002", "38.99199599999997"],
    "description": "Normal - Silver Spring Metro to U of MD",
    "name": "Route N",
    "start": ["-77.03020900000001", "38.99354100000005"],
    "stages": [{
        "stage": 0,
        "start": [-77.029971, 38.993713],
        "end": [-77.029803, 38.993572],
        "km": 0.019008441739951143
    }, {
        "stage": 1,
        "start": [-77.029803, 38.993572],
        "end": [-77.029749, 38.993516],
        "km": 0.006164652826386474
    }, {
        "stage": 2,
        "start": [-77.029749, 38.993516],
        "end": [-77.029703, 38.99348],
        "km": 0.005192632863717035
    }, {
        "stage": 3,
        "start": [-77.029703, 38.99348],
        "end": [-77.02966, 38.993465],
        "km": 0.0047956464499010944
    }, {
        "stage": 4,
        "start": [-77.02966, 38.993465],
        "end": [-77.029595, 38.993451],
        "km": 0.0072359388698325245
    }, {
        "stage": 5,
        "start": [-77.029595, 38.993451],
        "end": [-77.029533, 38.993463],
        "km": 0.006900621826565385
    }, {
        "stage": 6,
        "start": [-77.029533, 38.993463],
        "end": [-77.029506, 38.993453],
        "km": 0.003012461868185379
    }, {
        "stage": 7,
        "start": [-77.029506, 38.993453],
        "end": [-77.029448, 38.99343],
        "km": 0.006474804741208023
    }, {
        "stage": 8,
        "start": [-77.029448, 38.99343],
        "end": [-77.029271, 38.993368],
        "km": 0.01974125569894783
    }, {
        "stage": 9,
        "start": [-77.029271, 38.993368],
        "end": [-77.029148, 38.993505],
        "km": 0.014097133577881301
    }, {
        "stage": 10,
        "start": [-77.029148, 38.993505],
        "end": [-77.029161, 38.993997],
        "km": 0.012363611575026464
    }, {
        "stage": 11,
        "start": [-77.029161, 38.993997],
        "end": [-77.029162, 38.994357],
        "km": 0.008984881467622958
    }, {
        "stage": 12,
        "start": [-77.029162, 38.994357],
        "end": [-77.029162, 38.99445],
        "km": 0.0023194979263684887
    }, {
        "stage": 13,
        "start": [-77.029162, 38.99445],
        "end": [-77.029151, 38.994603],
        "km": 0.004009629532272167
    }, {
        "stage": 14,
        "start": [-77.029151, 38.994603],
        "end": [-77.029609, 38.994697],
        "km": 0.05097886297102446
    }, {
        "stage": 15,
        "start": [-77.029609, 38.994697],
        "end": [-77.029823, 38.994755],
        "km": 0.02383876795361578
    }, {
        "stage": 16,
        "start": [-77.029823, 38.994755],
        "end": [-77.029893, 38.994772],
        "km": 0.0077947321676290916
    }, {
        "stage": 17,
        "start": [-77.029893, 38.994772],
        "end": [-77.030038, 38.994806],
        "km": 0.016144644700408127
    }, {
        "stage": 18,
        "start": [-77.030038, 38.994806],
        "end": [-77.029925, 38.994881],
        "km": 0.01270299458940588
    }, {
        "stage": 19,
        "start": [-77.029925, 38.994881],
        "end": [-77.029653, 38.995043],
        "km": 0.030512514850962787
    }, {
        "stage": 20,
        "start": [-77.029653, 38.995043],
        "end": [-77.029389, 38.995206],
        "km": 0.02963450959644816
    }, {
        "stage": 21,
        "start": [-77.029389, 38.995206],
        "end": [-77.028608, 38.995668],
        "km": 0.08760116052144065
    }, {
        "stage": 22,
        "start": [-77.028608, 38.995668],
        "end": [-77.028268, 38.995896],
        "km": 0.038230338987159065
    }, {
        "stage": 23,
        "start": [-77.028268, 38.995896],
        "end": [-77.028216, 38.99593],
        "km": 0.005844218275509231
    }, {
        "stage": 24,
        "start": [-77.028216, 38.99593],
        "end": [-77.028071, 38.996068],
        "km": 0.016486546481351828
    }, {
        "stage": 25,
        "start": [-77.028071, 38.996068],
        "end": [-77.028038, 38.996153],
        "km": 0.0042390584028179044
    }, {
        "stage": 26,
        "start": [-77.028038, 38.996153],
        "end": [-77.027948, 38.996269],
        "km": 0.010417755636392571
    }, {
        "stage": 27,
        "start": [-77.027948, 38.996269],
        "end": [-77.027441, 38.997031],
        "km": 0.0594950663349309
    }, {
        "stage": 28,
        "start": [-77.027441, 38.997031],
        "end": [-77.027058, 38.997564],
        "km": 0.04461532251353505
    }, {
        "stage": 29,
        "start": [-77.027058, 38.997564],
        "end": [-77.026998, 38.997643],
        "km": 0.00695590312608259
    }, {
        "stage": 30,
        "start": [-77.026998, 38.997643],
        "end": [-77.026943, 38.997734],
        "km": 0.006523336990292159
    }, {
        "stage": 31,
        "start": [-77.026943, 38.997734],
        "end": [-77.026299, 38.998673],
        "km": 0.07534474527337356
    }, {
        "stage": 32,
        "start": [-77.026299, 38.998673],
        "end": [-77.026195, 38.998869],
        "km": 0.012556361089823255
    }, {
        "stage": 33,
        "start": [-77.026195, 38.998869],
        "end": [-77.026177, 38.998914],
        "km": 0.002298029667085501
    }, {
        "stage": 34,
        "start": [-77.026177, 38.998914],
        "end": [-77.02614, 38.999004],
        "km": 0.004687309964341429
    }, {
        "stage": 35,
        "start": [-77.02614, 38.999004],
        "end": [-77.026102, 38.999105],
        "km": 0.004920855998576539
    }, {
        "stage": 36,
        "start": [-77.026102, 38.999105],
        "end": [-77.025902, 38.999639],
        "km": 0.025927214462975377
    }, {
        "stage": 37,
        "start": [-77.025902, 38.999639],
        "end": [-77.025765, 39.00002],
        "km": 0.017958726536996084
    }, {
        "stage": 38,
        "start": [-77.025765, 39.00002],
        "end": [-77.025741, 39.000066],
        "km": 0.002905872924807102
    }, {
        "stage": 39,
        "start": [-77.025741, 39.000066],
        "end": [-77.02571, 39.000146],
        "km": 0.003983698856994817
    }, {
        "stage": 40,
        "start": [-77.02571, 39.000146],
        "end": [-77.025426, 39.000919],
        "km": 0.037007281500428556
    }, {
        "stage": 41,
        "start": [-77.025426, 39.000919],
        "end": [-77.025002, 39.001796],
        "km": 0.051980188154980136
    }, {
        "stage": 42,
        "start": [-77.025002, 39.001796],
        "end": [-77.024816, 39.002144],
        "km": 0.02243199302800672
    }, {
        "stage": 43,
        "start": [-77.024816, 39.002144],
        "end": [-77.024547, 39.002615],
        "km": 0.03213850405056652
    }, {
        "stage": 44,
        "start": [-77.024547, 39.002615],
        "end": [-77.024398, 39.002876],
        "km": 0.01780273932969101
    }, {
        "stage": 45,
        "start": [-77.024398, 39.002876],
        "end": [-77.023869, 39.003784],
        "km": 0.06303664993492238
    }, {
        "stage": 46,
        "start": [-77.023869, 39.003784],
        "end": [-77.023718, 39.004043],
        "km": 0.01799181542218796
    }, {
        "stage": 47,
        "start": [-77.023718, 39.004043],
        "end": [-77.023473, 39.004457],
        "km": 0.02913662133546024
    }, {
        "stage": 48,
        "start": [-77.023473, 39.004457],
        "end": [-77.022971, 39.005109],
        "km": 0.05814272820472453
    }, {
        "stage": 49,
        "start": [-77.022971, 39.005109],
        "end": [-77.022924, 39.00517],
        "km": 0.0054434310653817585
    }, {
        "stage": 50,
        "start": [-77.022924, 39.00517],
        "end": [-77.022868, 39.005243],
        "km": 0.0064880136764042815
    }, {
        "stage": 51,
        "start": [-77.022868, 39.005243],
        "end": [-77.022811, 39.005316],
        "km": 0.006594782575910141
    }, {
        "stage": 52,
        "start": [-77.022811, 39.005316],
        "end": [-77.022776, 39.005361],
        "km": 0.004049883375573076
    }, {
        "stage": 53,
        "start": [-77.022776, 39.005361],
        "end": [-77.022756, 39.005386],
        "km": 0.0023097643629637716
    }, {
        "stage": 54,
        "start": [-77.022756, 39.005386],
        "end": [-77.022668, 39.0055],
        "km": 0.010190361810383273
    }, {
        "stage": 55,
        "start": [-77.022668, 39.0055],
        "end": [-77.022347, 39.005854],
        "km": 0.03677006776954144
    }, {
        "stage": 56,
        "start": [-77.022347, 39.005854],
        "end": [-77.021959, 39.006255],
        "km": 0.044288314435370846
    }, {
        "stage": 57,
        "start": [-77.021959, 39.006255],
        "end": [-77.021467, 39.006704],
        "km": 0.055842432374343616
    }, {
        "stage": 58,
        "start": [-77.021467, 39.006704],
        "end": [-77.02103, 39.007072],
        "km": 0.049451257257379144
    }, {
        "stage": 59,
        "start": [-77.02103, 39.007072],
        "end": [-77.020521, 39.007429],
        "km": 0.057293350265949304
    }, {
        "stage": 60,
        "start": [-77.020521, 39.007429],
        "end": [-77.020375, 39.007525],
        "km": 0.016409566929983056
    }, {
        "stage": 61,
        "start": [-77.020375, 39.007525],
        "end": [-77.020226, 39.007621],
        "km": 0.016739601696650442
    }, {
        "stage": 62,
        "start": [-77.020226, 39.007621],
        "end": [-77.0201, 39.007702],
        "km": 0.014154869084686087
    }, {
        "stage": 63,
        "start": [-77.0201, 39.007702],
        "end": [-77.019857, 39.00775],
        "km": 0.027045763466628393
    }, {
        "stage": 64,
        "start": [-77.019857, 39.00775],
        "end": [-77.019679, 39.007842],
        "km": 0.01992460123460722
    }, {
        "stage": 65,
        "start": [-77.019679, 39.007842],
        "end": [-77.018974, 39.008284],
        "km": 0.0791621550504722
    }, {
        "stage": 66,
        "start": [-77.018974, 39.008284],
        "end": [-77.018337, 39.008702],
        "km": 0.07159312932928362
    }, {
        "stage": 67,
        "start": [-77.018337, 39.008702],
        "end": [-77.01811, 39.008905],
        "km": 0.025744261998949133
    }, {
        "stage": 68,
        "start": [-77.01811, 39.008905],
        "end": [-77.017968, 39.009063],
        "km": 0.016274737948986557
    }, {
        "stage": 69,
        "start": [-77.017968, 39.009063],
        "end": [-77.017877, 39.009205],
        "km": 0.010722130797162494
    }, {
        "stage": 70,
        "start": [-77.017877, 39.009205],
        "end": [-77.017783, 39.009372],
        "km": 0.011253596675718002
    }, {
        "stage": 71,
        "start": [-77.017783, 39.009372],
        "end": [-77.01736, 39.010587],
        "km": 0.05597509042469083
    }, {
        "stage": 72,
        "start": [-77.01736, 39.010587],
        "end": [-77.017202, 39.011038],
        "km": 0.020870084450595277
    }, {
        "stage": 73,
        "start": [-77.017202, 39.011038],
        "end": [-77.01693, 39.01182],
        "km": 0.03600366069892394
    }, {
        "stage": 74,
        "start": [-77.01693, 39.01182],
        "end": [-77.016844, 39.012087],
        "km": 0.011658715068559413
    }, {
        "stage": 75,
        "start": [-77.016844, 39.012087],
        "end": [-77.016704, 39.012514],
        "km": 0.01887045277919733
    }, {
        "stage": 76,
        "start": [-77.016704, 39.012514],
        "end": [-77.016659, 39.012723],
        "km": 0.00723095544026768
    }, {
        "stage": 77,
        "start": [-77.016659, 39.012723],
        "end": [-77.016616, 39.012992],
        "km": 0.008247508442452854
    }, {
        "stage": 78,
        "start": [-77.016616, 39.012992],
        "end": [-77.016605, 39.013113],
        "km": 0.003262359160795884
    }, {
        "stage": 79,
        "start": [-77.016605, 39.013113],
        "end": [-77.016611, 39.013245],
        "km": 0.003364353662173922
    }, {
        "stage": 80,
        "start": [-77.016611, 39.013245],
        "end": [-77.016615, 39.013449],
        "km": 0.005115700716458416
    }, {
        "stage": 81,
        "start": [-77.016615, 39.013449],
        "end": [-77.01662, 39.013544],
        "km": 0.0024388146254599357
    }, {
        "stage": 82,
        "start": [-77.01662, 39.013544],
        "end": [-77.016627, 39.013705],
        "km": 0.004096346272842368
    }, {
        "stage": 83,
        "start": [-77.016627, 39.013705],
        "end": [-77.01667, 39.014138],
        "km": 0.011826022190929339
    }, {
        "stage": 84,
        "start": [-77.01667, 39.014138],
        "end": [-77.01658, 39.014337],
        "km": 0.011173633306267087
    }, {
        "stage": 85,
        "start": [-77.01658, 39.014337],
        "end": [-77.016519, 39.014422],
        "km": 0.007107770060513588
    }, {
        "stage": 86,
        "start": [-77.016519, 39.014422],
        "end": [-77.016427, 39.014503],
        "km": 0.010427698926533916
    }, {
        "stage": 87,
        "start": [-77.016427, 39.014503],
        "end": [-77.0163, 39.014588],
        "km": 0.014279740375224444
    }, {
        "stage": 88,
        "start": [-77.0163, 39.014588],
        "end": [-77.015939, 39.014744],
        "km": 0.040328134137658095
    }, {
        "stage": 89,
        "start": [-77.015939, 39.014744],
        "end": [-77.015773, 39.014827],
        "km": 0.018573458834771805
    }, {
        "stage": 90,
        "start": [-77.015773, 39.014827],
        "end": [-77.0156, 39.014924],
        "km": 0.019387727990717783
    }, {
        "stage": 91,
        "start": [-77.0156, 39.014924],
        "end": [-77.015443, 39.015034],
        "km": 0.017671910711234997
    }, {
        "stage": 92,
        "start": [-77.015443, 39.015034],
        "end": [-77.015307, 39.015147],
        "km": 0.015382879746748054
    }, {
        "stage": 93,
        "start": [-77.015307, 39.015147],
        "end": [-77.015165, 39.015289],
        "km": 0.016182557376147235
    }, {
        "stage": 94,
        "start": [-77.015165, 39.015289],
        "end": [-77.015008, 39.015436],
        "km": 0.01783889630207046
    }, {
        "stage": 95,
        "start": [-77.015008, 39.015436],
        "end": [-77.014888, 39.015537],
        "km": 0.0135794088157529
    }, {
        "stage": 96,
        "start": [-77.014888, 39.015537],
        "end": [-77.014724, 39.015647],
        "km": 0.018441012178495985
    }, {
        "stage": 97,
        "start": [-77.014724, 39.015647],
        "end": [-77.01455, 39.015747],
        "km": 0.019507745426571837
    }, {
        "stage": 98,
        "start": [-77.01455, 39.015747],
        "end": [-77.014378, 39.015828],
        "km": 0.01923138220276106
    }, {
        "stage": 99,
        "start": [-77.014378, 39.015828],
        "end": [-77.014198, 39.015893],
        "km": 0.02007981311167856
    }, {
        "stage": 100,
        "start": [-77.014198, 39.015893],
        "end": [-77.013989, 39.01595],
        "km": 0.023282233412288755
    }, {
        "stage": 101,
        "start": [-77.013989, 39.01595],
        "end": [-77.013776, 39.016],
        "km": 0.02371634893020839
    }, {
        "stage": 102,
        "start": [-77.013776, 39.016],
        "end": [-77.012424, 39.01628],
        "km": 0.15049101967697012
    }, {
        "stage": 103,
        "start": [-77.012424, 39.01628],
        "end": [-77.011906, 39.016343],
        "km": 0.05761771402819938
    }, {
        "stage": 104,
        "start": [-77.011906, 39.016343],
        "end": [-77.011477, 39.01638],
        "km": 0.04770918567529767
    }, {
        "stage": 105,
        "start": [-77.011477, 39.01638],
        "end": [-77.011009, 39.016389],
        "km": 0.05203719586716175
    }, {
        "stage": 106,
        "start": [-77.011009, 39.016389],
        "end": [-77.010589, 39.016378],
        "km": 0.04670042006890972
    }, {
        "stage": 107,
        "start": [-77.010589, 39.016378],
        "end": [-77.010164, 39.016347],
        "km": 0.04726187223396405
    }, {
        "stage": 108,
        "start": [-77.010164, 39.016347],
        "end": [-77.009676, 39.016286],
        "km": 0.05428186986453012
    }, {
        "stage": 109,
        "start": [-77.009676, 39.016286],
        "end": [-77.009163, 39.016185],
        "km": 0.05709607979815165
    }, {
        "stage": 110,
        "start": [-77.009163, 39.016185],
        "end": [-77.00863, 39.016053],
        "km": 0.05935585205642502
    }, {
        "stage": 111,
        "start": [-77.00863, 39.016053],
        "end": [-77.006783, 39.015508],
        "km": 0.2058185373091307
    }, {
        "stage": 112,
        "start": [-77.006783, 39.015508],
        "end": [-77.006327, 39.015392],
        "km": 0.05078536788827849
    }, {
        "stage": 113,
        "start": [-77.006327, 39.015392],
        "end": [-77.005846, 39.015282],
        "km": 0.053552881194648225
    }, {
        "stage": 114,
        "start": [-77.005846, 39.015282],
        "end": [-77.005392, 39.01521],
        "km": 0.05051215912872444
    }, {
        "stage": 115,
        "start": [-77.005392, 39.01521],
        "end": [-77.004882, 39.015159],
        "km": 0.056721012201594145
    }, {
        "stage": 116,
        "start": [-77.004882, 39.015159],
        "end": [-77.004351, 39.015131],
        "km": 0.05904576972577213
    }, {
        "stage": 117,
        "start": [-77.004351, 39.015131],
        "end": [-77.003891, 39.015137],
        "km": 0.05114731741992927
    }, {
        "stage": 118,
        "start": [-77.003891, 39.015137],
        "end": [-77.003547, 39.015156],
        "km": 0.038252137327729606
    }, {
        "stage": 119,
        "start": [-77.003547, 39.015156],
        "end": [-77.003158, 39.015194],
        "km": 0.04326321584316972
    }, {
        "stage": 120,
        "start": [-77.003158, 39.015194],
        "end": [-77.002768, 39.015252],
        "km": 0.04338812129210995
    }, {
        "stage": 121,
        "start": [-77.002768, 39.015252],
        "end": [-77.002255, 39.015353],
        "km": 0.05709615871633137
    }, {
        "stage": 122,
        "start": [-77.002255, 39.015353],
        "end": [-77.001825, 39.015459],
        "km": 0.04788500272651159
    }, {
        "stage": 123,
        "start": [-77.001825, 39.015459],
        "end": [-77.001147, 39.015636],
        "km": 0.07551636688148376
    }, {
        "stage": 124,
        "start": [-77.001147, 39.015636],
        "end": [-77.000264, 39.015867],
        "km": 0.09835025272983954
    }, {
        "stage": 125,
        "start": [-77.000264, 39.015867],
        "end": [-76.994883, 39.017276],
        "km": 0.5993485262156759
    }, {
        "stage": 126,
        "start": [-76.994883, 39.017276],
        "end": [-76.993205, 39.017715],
        "km": 0.18689922595752356
    }, {
        "stage": 127,
        "start": [-76.993205, 39.017715],
        "end": [-76.989929, 39.018572],
        "km": 0.3648880190160462
    }, {
        "stage": 128,
        "start": [-76.989929, 39.018572],
        "end": [-76.988187, 39.019025],
        "km": 0.1940239222980073
    }, {
        "stage": 129,
        "start": [-76.988187, 39.019025],
        "end": [-76.987702, 39.019144],
        "km": 0.05400916204224512
    }, {
        "stage": 130,
        "start": [-76.987702, 39.019144],
        "end": [-76.987263, 39.019243],
        "km": 0.04887503845122582
    }, {
        "stage": 131,
        "start": [-76.987263, 39.019243],
        "end": [-76.986841, 39.019332],
        "km": 0.04697488716760823
    }, {
        "stage": 132,
        "start": [-76.986841, 39.019332],
        "end": [-76.986278, 39.019439],
        "km": 0.06265701495558407
    }, {
        "stage": 133,
        "start": [-76.986278, 39.019439],
        "end": [-76.985814, 39.019518],
        "km": 0.05162983880081028
    }, {
        "stage": 134,
        "start": [-76.985814, 39.019518],
        "end": [-76.985314, 39.019589],
        "km": 0.055623170834051244
    }, {
        "stage": 135,
        "start": [-76.985314, 39.019589],
        "end": [-76.984835, 39.019649],
        "km": 0.053281008927368666
    }, {
        "stage": 136,
        "start": [-76.984835, 39.019649],
        "end": [-76.984409, 39.019693],
        "km": 0.04737956527609541
    }, {
        "stage": 137,
        "start": [-76.984409, 39.019693],
        "end": [-76.984037, 39.019724],
        "km": 0.0413697624136246
    }, {
        "stage": 138,
        "start": [-76.984037, 39.019724],
        "end": [-76.983688, 39.019746],
        "km": 0.038808908739220396
    }, {
        "stage": 139,
        "start": [-76.983688, 39.019746],
        "end": [-76.983341, 39.01976],
        "km": 0.03858429150860053
    }, {
        "stage": 140,
        "start": [-76.983341, 39.01976],
        "end": [-76.982928, 39.019772],
        "km": 0.045922244168624234
    }, {
        "stage": 141,
        "start": [-76.982928, 39.019772],
        "end": [-76.982471, 39.019775],
        "km": 0.050813663218241545
    }, {
        "stage": 142,
        "start": [-76.982471, 39.019775],
        "end": [-76.982036, 39.01977],
        "km": 0.0483676497246565
    }, {
        "stage": 143,
        "start": [-76.982036, 39.01977],
        "end": [-76.9816, 39.019754],
        "km": 0.04848033500801392
    }, {
        "stage": 144,
        "start": [-76.9816, 39.019754],
        "end": [-76.98124, 39.019731],
        "km": 0.040032301452733926
    }, {
        "stage": 145,
        "start": [-76.98124, 39.019731],
        "end": [-76.980802, 39.019696],
        "km": 0.048708901414100315
    }, {
        "stage": 146,
        "start": [-76.980802, 39.019696],
        "end": [-76.980289, 39.01965],
        "km": 0.05705186846983789
    }, {
        "stage": 147,
        "start": [-76.980289, 39.01965],
        "end": [-76.979677, 39.019569],
        "km": 0.06807824156868382
    }, {
        "stage": 148,
        "start": [-76.979677, 39.019569],
        "end": [-76.979253, 39.019503],
        "km": 0.04717340975634853
    }, {
        "stage": 149,
        "start": [-76.979253, 39.019503],
        "end": [-76.977018, 39.019104],
        "km": 0.24870969112999577
    }, {
        "stage": 150,
        "start": [-76.977018, 39.019104],
        "end": [-76.976328, 39.018972],
        "km": 0.07679203744558301
    }, {
        "stage": 151,
        "start": [-76.976328, 39.018972],
        "end": [-76.97486, 39.018702],
        "km": 0.16336646493232107
    }, {
        "stage": 152,
        "start": [-76.97486, 39.018702],
        "end": [-76.974279, 39.0186],
        "km": 0.06465166086163028
    }, {
        "stage": 153,
        "start": [-76.974279, 39.0186],
        "end": [-76.973543, 39.018492],
        "km": 0.08188027278611949
    }, {
        "stage": 154,
        "start": [-76.973543, 39.018492],
        "end": [-76.972891, 39.018419],
        "km": 0.07251875258276314
    }, {
        "stage": 155,
        "start": [-76.972891, 39.018419],
        "end": [-76.972257, 39.018364],
        "km": 0.07050771917958444
    }, {
        "stage": 156,
        "start": [-76.972257, 39.018364],
        "end": [-76.971594, 39.018333],
        "km": 0.07372274327818287
    }, {
        "stage": 157,
        "start": [-76.971594, 39.018333],
        "end": [-76.971023, 39.018321],
        "km": 0.0634899252456827
    }, {
        "stage": 158,
        "start": [-76.971023, 39.018321],
        "end": [-76.970239, 39.01833],
        "km": 0.08717293136969634
    }, {
        "stage": 159,
        "start": [-76.970239, 39.01833],
        "end": [-76.968652, 39.018342],
        "km": 0.17645812444938624
    }, {
        "stage": 160,
        "start": [-76.968652, 39.018342],
        "end": [-76.967177, 39.018371],
        "km": 0.16400623805715964
    }, {
        "stage": 161,
        "start": [-76.967177, 39.018371],
        "end": [-76.966426, 39.018385],
        "km": 0.08350413775808817
    }, {
        "stage": 162,
        "start": [-76.966426, 39.018385],
        "end": [-76.965753, 39.018408],
        "km": 0.07483287789723331
    }, {
        "stage": 163,
        "start": [-76.965753, 39.018408],
        "end": [-76.965216, 39.018432],
        "km": 0.0597118068208064
    }, {
        "stage": 164,
        "start": [-76.965216, 39.018432],
        "end": [-76.964402, 39.018476],
        "km": 0.09051499549580805
    }, {
        "stage": 165,
        "start": [-76.964402, 39.018476],
        "end": [-76.963426, 39.018555],
        "km": 0.10853912456306608
    }, {
        "stage": 166,
        "start": [-76.963426, 39.018555],
        "end": [-76.962711, 39.01862],
        "km": 0.07951728019921275
    }, {
        "stage": 167,
        "start": [-76.962711, 39.01862],
        "end": [-76.961887, 39.018711],
        "km": 0.09164867602752323
    }, {
        "stage": 168,
        "start": [-76.961887, 39.018711],
        "end": [-76.961201, 39.018794],
        "km": 0.07630446850929631
    }, {
        "stage": 169,
        "start": [-76.961201, 39.018794],
        "end": [-76.960464, 39.018894],
        "km": 0.081985094044194
    }, {
        "stage": 170,
        "start": [-76.960464, 39.018894],
        "end": [-76.958247, 39.019251],
        "km": 0.24666995461483823
    }, {
        "stage": 171,
        "start": [-76.958247, 39.019251],
        "end": [-76.952353, 39.020161],
        "km": 0.6557491851984645
    }, {
        "stage": 172,
        "start": [-76.952353, 39.020161],
        "end": [-76.951902, 39.020229],
        "km": 0.050175538622499044
    }, {
        "stage": 173,
        "start": [-76.951902, 39.020229],
        "end": [-76.949921, 39.020529],
        "km": 0.22039528202687492
    }, {
        "stage": 174,
        "start": [-76.949921, 39.020529],
        "end": [-76.945462, 39.021202],
        "km": 0.4960822664511453
    }, {
        "stage": 175,
        "start": [-76.945462, 39.021202],
        "end": [-76.944762, 39.021302],
        "km": 0.07787317749446265
    }, {
        "stage": 176,
        "start": [-76.944762, 39.021302],
        "end": [-76.944058, 39.021381],
        "km": 0.07830254722120263
    }, {
        "stage": 177,
        "start": [-76.944058, 39.021381],
        "end": [-76.943343, 39.021439],
        "km": 0.07951388016984191
    }, {
        "stage": 178,
        "start": [-76.943343, 39.021439],
        "end": [-76.942626, 39.021474],
        "km": 0.07972774232747992
    }, {
        "stage": 179,
        "start": [-76.942626, 39.021474],
        "end": [-76.941907, 39.021488],
        "km": 0.07994610509295812
    }, {
        "stage": 180,
        "start": [-76.941907, 39.021488],
        "end": [-76.941188, 39.021479],
        "km": 0.07994565419574402
    }, {
        "stage": 181,
        "start": [-76.941188, 39.021479],
        "end": [-76.940471, 39.021448],
        "km": 0.07972678154356788
    }, {
        "stage": 182,
        "start": [-76.940471, 39.021448],
        "end": [-76.939755, 39.021395],
        "km": 0.0796228920512084
    }, {
        "stage": 183,
        "start": [-76.939755, 39.021395],
        "end": [-76.939043, 39.02132],
        "km": 0.07918941510909457
    }, {
        "stage": 184,
        "start": [-76.939043, 39.02132],
        "end": [-76.938335, 39.021222],
        "km": 0.0787607610700691
    }, {
        "stage": 185,
        "start": [-76.938335, 39.021222],
        "end": [-76.937633, 39.021104],
        "km": 0.07811143716575632
    }, {
        "stage": 186,
        "start": [-76.937633, 39.021104],
        "end": [-76.936937, 39.020963],
        "km": 0.07746906008562778
    }, {
        "stage": 187,
        "start": [-76.936937, 39.020963],
        "end": [-76.936249, 39.020801],
        "km": 0.07660668801402817
    }, {
        "stage": 188,
        "start": [-76.936249, 39.020801],
        "end": [-76.93557, 39.020618],
        "km": 0.07563769409963181
    }, {
        "stage": 189,
        "start": [-76.93557, 39.020618],
        "end": [-76.934901, 39.020415],
        "km": 0.07456058041862074
    }, {
        "stage": 190,
        "start": [-76.934901, 39.020415],
        "end": [-76.934243, 39.020191],
        "km": 0.07337905991393047
    }, {
        "stage": 191,
        "start": [-76.934243, 39.020191],
        "end": [-76.933596, 39.019946],
        "km": 0.07220273104168978
    }, {
        "stage": 192,
        "start": [-76.933596, 39.019946],
        "end": [-76.932963, 39.019682],
        "km": 0.07069522798895639
    }, {
        "stage": 193,
        "start": [-76.932963, 39.019682],
        "end": [-76.932344, 39.019399],
        "km": 0.06919310733835526
    }, {
        "stage": 194,
        "start": [-76.932344, 39.019399],
        "end": [-76.931739, 39.019096],
        "km": 0.06769958941776061
    }, {
        "stage": 195,
        "start": [-76.931739, 39.019096],
        "end": [-76.930991, 39.018842],
        "km": 0.08341462333445575
    }, {
        "stage": 196,
        "start": [-76.930991, 39.018842],
        "end": [-76.930415, 39.018625],
        "km": 0.06427728850716882
    }, {
        "stage": 197,
        "start": [-76.930415, 39.018625],
        "end": [-76.930155, 39.018516],
        "km": 0.02903887445361958
    }, {
        "stage": 198,
        "start": [-76.930155, 39.018516],
        "end": [-76.929939, 39.018399],
        "km": 0.02419635161448723
    }, {
        "stage": 199,
        "start": [-76.929939, 39.018399],
        "end": [-76.929627, 39.018222],
        "km": 0.03497537222660836
    }, {
        "stage": 200,
        "start": [-76.929627, 39.018222],
        "end": [-76.929379, 39.01807],
        "km": 0.027838831263019614
    }, {
        "stage": 201,
        "start": [-76.929379, 39.01807],
        "end": [-76.928359, 39.017344],
        "km": 0.11487344083466235
    }, {
        "stage": 202,
        "start": [-76.928359, 39.017344],
        "end": [-76.92793, 39.017039],
        "km": 0.0483131204889501
    }, {
        "stage": 203,
        "start": [-76.92793, 39.017039],
        "end": [-76.927752, 39.016899],
        "km": 0.020102464794242214
    }, {
        "stage": 204,
        "start": [-76.927752, 39.016899],
        "end": [-76.927633, 39.016789],
        "km": 0.013517549366485176
    }, {
        "stage": 205,
        "start": [-76.927633, 39.016789],
        "end": [-76.927525, 39.016662],
        "km": 0.012426138912698628
    }, {
        "stage": 206,
        "start": [-76.927525, 39.016662],
        "end": [-76.927453, 39.016546],
        "km": 0.008520528860239665
    }, {
        "stage": 207,
        "start": [-76.927453, 39.016546],
        "end": [-76.927381, 39.016381],
        "km": 0.009016920371044998
    }, {
        "stage": 208,
        "start": [-76.927381, 39.016381],
        "end": [-76.927346, 39.016223],
        "km": 0.005561353004643697
    }, {
        "stage": 209,
        "start": [-76.927346, 39.016223],
        "end": [-76.927327, 39.016026],
        "km": 0.0053851752721168844
    }, {
        "stage": 210,
        "start": [-76.927327, 39.016026],
        "end": [-76.927412, 39.015752],
        "km": 0.011696529302440806
    }, {
        "stage": 211,
        "start": [-76.927412, 39.015752],
        "end": [-76.927579, 39.015261],
        "km": 0.02229963071357862
    }, {
        "stage": 212,
        "start": [-76.927579, 39.015261],
        "end": [-76.927701, 39.014826],
        "km": 0.01742670701956877
    }, {
        "stage": 213,
        "start": [-76.927701, 39.014826],
        "end": [-76.927806, 39.014377],
        "km": 0.01624231232327286
    }, {
        "stage": 214,
        "start": [-76.927806, 39.014377],
        "end": [-76.92801, 39.013537],
        "km": 0.03099615554001381
    }, {
        "stage": 215,
        "start": [-76.92801, 39.013537],
        "end": [-76.928103, 39.013088],
        "km": 0.015310946659838037
    }, {
        "stage": 216,
        "start": [-76.928103, 39.013088],
        "end": [-76.928068, 39.012916],
        "km": 0.0058179450469496635
    }, {
        "stage": 217,
        "start": [-76.928068, 39.012916],
        "end": [-76.928221, 39.012352],
        "km": 0.022148989371202413
    }, {
        "stage": 218,
        "start": [-76.928221, 39.012352],
        "end": [-76.928366, 39.011824],
        "km": 0.02088648666216356
    }, {
        "stage": 219,
        "start": [-76.928366, 39.011824],
        "end": [-76.928469, 39.011462],
        "km": 0.014629808117297137
    }, {
        "stage": 220,
        "start": [-76.928469, 39.011462],
        "end": [-76.928676, 39.010729],
        "km": 0.02948772208281214
    }, {
        "stage": 221,
        "start": [-76.928676, 39.010729],
        "end": [-76.928736, 39.010516],
        "km": 0.008555887188335
    }, {
        "stage": 222,
        "start": [-76.928736, 39.010516],
        "end": [-76.929214, 39.008823],
        "km": 0.06809723470301793
    }, {
        "stage": 223,
        "start": [-76.929214, 39.008823],
        "end": [-76.929313, 39.008458],
        "km": 0.014332339762417016
    }, {
        "stage": 224,
        "start": [-76.929313, 39.008458],
        "end": [-76.929414, 39.00809],
        "km": 0.014551676505393149
    }, {
        "stage": 225,
        "start": [-76.929414, 39.00809],
        "end": [-76.929552, 39.007583],
        "km": 0.019949236208705767
    }, {
        "stage": 226,
        "start": [-76.929552, 39.007583],
        "end": [-76.929721, 39.006966],
        "km": 0.02436818414710918
    }, {
        "stage": 227,
        "start": [-76.929721, 39.006966],
        "end": [-76.930017, 39.005813],
        "km": 0.043860565909424526
    }, {
        "stage": 228,
        "start": [-76.930017, 39.005813],
        "end": [-76.930166, 39.005224],
        "km": 0.02222190320424383
    }, {
        "stage": 229,
        "start": [-76.930166, 39.005224],
        "end": [-76.930281, 39.004758],
        "km": 0.017343509326247203
    }, {
        "stage": 230,
        "start": [-76.930281, 39.004758],
        "end": [-76.930484, 39.003939],
        "km": 0.03055383574510425
    }, {
        "stage": 231,
        "start": [-76.930484, 39.003939],
        "end": [-76.930589, 39.003514],
        "km": 0.015827261816451072
    }, {
        "stage": 232,
        "start": [-76.930589, 39.003514],
        "end": [-76.930679, 39.003149],
        "km": 0.013578081470183453
    }, {
        "stage": 233,
        "start": [-76.930679, 39.003149],
        "end": [-76.930699, 39.003065],
        "km": 0.0030673057755214173
    }, {
        "stage": 234,
        "start": [-76.930699, 39.003065],
        "end": [-76.930774, 39.002749],
        "km": 0.011518348905529396
    }, {
        "stage": 235,
        "start": [-76.930774, 39.002749],
        "end": [-76.931014, 39.002452],
        "km": 0.027710506271117256
    }, {
        "stage": 236,
        "start": [-76.931014, 39.002452],
        "end": [-76.931115, 39.002318],
        "km": 0.011724617789327159
    }, {
        "stage": 237,
        "start": [-76.931115, 39.002318],
        "end": [-76.931209, 39.002193],
        "km": 0.01091455727803984
    }, {
        "stage": 238,
        "start": [-76.931209, 39.002193],
        "end": [-76.931316, 39.002085],
        "km": 0.012203307564919736
    }, {
        "stage": 239,
        "start": [-76.931316, 39.002085],
        "end": [-76.931432, 39.001974],
        "km": 0.01319639593852048
    }, {
        "stage": 240,
        "start": [-76.931432, 39.001974],
        "end": [-76.931554, 39.001888],
        "km": 0.013736447187680285
    }, {
        "stage": 241,
        "start": [-76.931554, 39.001888],
        "end": [-76.93169, 39.001804],
        "km": 0.015268804602368524
    }, {
        "stage": 242,
        "start": [-76.93169, 39.001804],
        "end": [-76.931809, 39.001748],
        "km": 0.01330622753637056
    }, {
        "stage": 243,
        "start": [-76.931809, 39.001748],
        "end": [-76.931944, 39.001691],
        "km": 0.015078753730994768
    }, {
        "stage": 244,
        "start": [-76.931944, 39.001691],
        "end": [-76.932096, 39.001639],
        "km": 0.016951183830391823
    }, {
        "stage": 245,
        "start": [-76.932096, 39.001639],
        "end": [-76.93225, 39.001598],
        "km": 0.017154116973430163
    }, {
        "stage": 246,
        "start": [-76.93225, 39.001598],
        "end": [-76.932399, 39.001562],
        "km": 0.016591979940795917
    }, {
        "stage": 247,
        "start": [-76.932399, 39.001562],
        "end": [-76.932562, 39.001542],
        "km": 0.018130775468038665
    }, {
        "stage": 248,
        "start": [-76.932562, 39.001542],
        "end": [-76.932816, 39.001518],
        "km": 0.028248552658077835
    }, {
        "stage": 249,
        "start": [-76.932816, 39.001518],
        "end": [-76.933563, 39.001436],
        "km": 0.08308418670744157
    }, {
        "stage": 250,
        "start": [-76.933563, 39.001436],
        "end": [-76.933976, 39.001422],
        "km": 0.045922636649664964
    }, {
        "stage": 251,
        "start": [-76.933976, 39.001422],
        "end": [-76.93548, 39.001383],
        "km": 0.16723200761308676
    }, {
        "stage": 252,
        "start": [-76.93548, 39.001383],
        "end": [-76.935823, 39.001386],
        "km": 0.03813817731905716
    }, {
        "stage": 253,
        "start": [-76.935823, 39.001386],
        "end": [-76.93694, 39.001367],
        "km": 0.12419969276244157
    }, {
        "stage": 254,
        "start": [-76.93694, 39.001367],
        "end": [-76.93761, 39.001365],
        "km": 0.07449703822794322
    }, {
        "stage": 255,
        "start": [-76.93761, 39.001365],
        "end": [-76.938509, 39.001337],
        "km": 0.09996196911361015
    }, {
        "stage": 256,
        "start": [-76.938509, 39.001337],
        "end": [-76.939034, 39.001304],
        "km": 0.05838046976790763
    }, {
        "stage": 257,
        "start": [-76.939034, 39.001304],
        "end": [-76.939277, 39.001282],
        "km": 0.027024763258888106
    }, {
        "stage": 258,
        "start": [-76.939277, 39.001282],
        "end": [-76.939607, 39.001246],
        "km": 0.03670383478918153
    }, {
        "stage": 259,
        "start": [-76.939607, 39.001246],
        "end": [-76.940112, 39.001173],
        "km": 0.05618070892958074
    }, {
        "stage": 260,
        "start": [-76.940112, 39.001173],
        "end": [-76.940456, 39.001121],
        "km": 0.03827156861606058
    }, {
        "stage": 261,
        "start": [-76.940456, 39.001121],
        "end": [-76.940622, 39.001094],
        "km": 0.018470309997390008
    }, {
        "stage": 262,
        "start": [-76.940622, 39.001094],
        "end": [-76.940779, 39.001072],
        "km": 0.017465706568295474
    }, {
        "stage": 263,
        "start": [-76.940779, 39.001072],
        "end": [-76.941294, 39.000961],
        "km": 0.05733053799434105
    }, {
        "stage": 264,
        "start": [-76.941294, 39.000961],
        "end": [-76.941745, 39.000854],
        "km": 0.050218535911984954
    }, {
        "stage": 265,
        "start": [-76.941745, 39.000854],
        "end": [-76.942314, 39.0007],
        "km": 0.06338501490653703
    }, {
        "stage": 266,
        "start": [-76.942314, 39.0007],
        "end": [-76.942479, 39.000649],
        "km": 0.018391098772847017
    }, {
        "stage": 267,
        "start": [-76.942479, 39.000649],
        "end": [-76.942747, 39.000567],
        "km": 0.02987001131274019
    }, {
        "stage": 268,
        "start": [-76.942747, 39.000567],
        "end": [-76.942972, 39.00049],
        "km": 0.025092438640867236
    }, {
        "stage": 269,
        "start": [-76.942972, 39.00049],
        "end": [-76.943212, 39.000404],
        "km": 0.026772654044338106
    }, {
        "stage": 270,
        "start": [-76.943212, 39.000404],
        "end": [-76.943344, 39.000351],
        "km": 0.01473721245044855
    }, {
        "stage": 271,
        "start": [-76.943344, 39.000351],
        "end": [-76.944024, 39.000079],
        "km": 0.07591693082748885
    }, {
        "stage": 272,
        "start": [-76.944024, 39.000079],
        "end": [-76.944378, 38.999925],
        "km": 0.03955058503889879
    }, {
        "stage": 273,
        "start": [-76.944378, 38.999925],
        "end": [-76.94471, 38.999773],
        "km": 0.03711184540749454
    }, {
        "stage": 274,
        "start": [-76.94471, 38.999773],
        "end": [-76.945302, 38.999472],
        "km": 0.06625695762051943
    }, {
        "stage": 275,
        "start": [-76.945302, 38.999472],
        "end": [-76.945389, 38.999425],
        "km": 0.00974555384378388
    }, {
        "stage": 276,
        "start": [-76.945389, 38.999425],
        "end": [-76.945719, 38.999246],
        "km": 0.03696695773010899
    }, {
        "stage": 277,
        "start": [-76.945719, 38.999246],
        "end": [-76.946227, 38.99893],
        "km": 0.057039151370613266
    }, {
        "stage": 278,
        "start": [-76.946227, 38.99893],
        "end": [-76.946303, 38.998882],
        "km": 0.008536379054742053
    }, {
        "stage": 279,
        "start": [-76.946303, 38.998882],
        "end": [-76.946583, 38.998707],
        "km": 0.03144171145883105
    }, {
        "stage": 280,
        "start": [-76.946583, 38.998707],
        "end": [-76.946964, 38.998427],
        "km": 0.042942805502810114
    }, {
        "stage": 281,
        "start": [-76.946964, 38.998427],
        "end": [-76.947156, 38.998275],
        "km": 0.021687049536342578
    }, {
        "stage": 282,
        "start": [-76.947156, 38.998275],
        "end": [-76.947359, 38.998099],
        "km": 0.02300028789229579
    }, {
        "stage": 283,
        "start": [-76.947359, 38.998099],
        "end": [-76.947665, 38.997848],
        "km": 0.03460286982592867
    }, {
        "stage": 284,
        "start": [-76.947665, 38.997848],
        "end": [-76.94774, 38.997786],
        "km": 0.00848342990812283
    }, {
        "stage": 285,
        "start": [-76.94774, 38.997786],
        "end": [-76.947939, 38.99762],
        "km": 0.022516000392561103
    }, {
        "stage": 286,
        "start": [-76.947939, 38.99762],
        "end": [-76.948047, 38.997517],
        "km": 0.012283904479963966
    }, {
        "stage": 287,
        "start": [-76.948047, 38.997517],
        "end": [-76.94816, 38.997386],
        "km": 0.012988175406382215
    }, {
        "stage": 288,
        "start": [-76.94816, 38.997386],
        "end": [-76.948429, 38.997108],
        "km": 0.03071372254765422
    }, {
        "stage": 289,
        "start": [-76.948429, 38.997108],
        "end": [-76.948748, 38.996766],
        "km": 0.03649416828175629
    }, {
        "stage": 290,
        "start": [-76.948748, 38.996766],
        "end": [-76.949082, 38.996368],
        "km": 0.03845831243907082
    }, {
        "stage": 291,
        "start": [-76.949082, 38.996368],
        "end": [-76.949345, 38.996029],
        "km": 0.030456494772134107
    }, {
        "stage": 292,
        "start": [-76.949345, 38.996029],
        "end": [-76.949801, 38.995382],
        "km": 0.05324124665919576
    }, {
        "stage": 293,
        "start": [-76.949801, 38.995382],
        "end": [-76.950203, 38.994736],
        "km": 0.04754987332447927
    }, {
        "stage": 294,
        "start": [-76.950203, 38.994736],
        "end": [-76.950371, 38.994492],
        "km": 0.01965868512975608
    }, {
        "stage": 295,
        "start": [-76.950371, 38.994492],
        "end": [-76.950635, 38.994108],
        "km": 0.0308967080621949
    }, {
        "stage": 296,
        "start": [-76.950635, 38.994108],
        "end": [-76.951027, 38.993553],
        "km": 0.04575927089443631
    }, {
        "stage": 297,
        "start": [-76.951027, 38.993553],
        "end": [-76.95134, 38.993141],
        "km": 0.036307002231673755
    }, {
        "stage": 298,
        "start": [-76.95134, 38.993141],
        "end": [-76.951506, 38.992786],
        "km": 0.020496685708695124
    }, {
        "stage": 299,
        "start": [-76.951506, 38.992786],
        "end": [-76.951521, 38.992746],
        "km": 0.0019478157398649817
    }, {
        "stage": 300,
        "start": [-76.951521, 38.992746],
        "end": [-76.951526, 38.992699],
        "km": 0.001305081775517788
    }, {
        "stage": 301,
        "start": [-76.951526, 38.992699],
        "end": [-76.951525, 38.992649],
        "km": 0.001262971225944592
    }, {
        "stage": 302,
        "start": [-76.951525, 38.992649],
        "end": [-76.95152, 38.992626],
        "km": 0.0008055139597474773
    }, {
        "stage": 303,
        "start": [-76.95152, 38.992626],
        "end": [-76.951511, 38.99258],
        "km": 0.0015277655228904123
    }, {
        "stage": 304,
        "start": [-76.951511, 38.99258],
        "end": [-76.951492, 38.992527],
        "km": 0.0024954326136005034
    }, {
        "stage": 305,
        "start": [-76.951492, 38.992527],
        "end": [-76.951468, 38.992477],
        "km": 0.002948970850311099
    }, {
        "stage": 306,
        "start": [-76.951468, 38.992477],
        "end": [-76.951152, 38.992262],
        "km": 0.035547977911139034
    }, {
        "stage": 307,
        "start": [-76.951152, 38.992262],
        "end": [-76.95074, 38.992059],
        "km": 0.04609265795493311
    }, {
        "stage": 308,
        "start": [-76.95074, 38.992059],
        "end": [-76.950142, 38.991748],
        "km": 0.06694824457037538
    }, {
        "stage": 309,
        "start": [-76.950142, 38.991748],
        "end": [-76.949865, 38.991606],
        "km": 0.03100531251910969
    }, {
        "stage": 310,
        "start": [-76.949865, 38.991606],
        "end": [-76.949793, 38.991574],
        "km": 0.008045624437766134
    }, {
        "stage": 311,
        "start": [-76.949793, 38.991574],
        "end": [-76.949793, 38.991553],
        "km": 0.0005285519384731723
    }, {
        "stage": 312,
        "start": [-76.949793, 38.991553],
        "end": [-76.949789, 38.99153],
        "km": 0.0007291767772778609
    }, {
        "stage": 313,
        "start": [-76.949789, 38.99153],
        "end": [-76.949783, 38.991504],
        "km": 0.0009349592661712439
    }, {
        "stage": 314,
        "start": [-76.949783, 38.991504],
        "end": [-76.949772, 38.991478],
        "km": 0.0013854683999420618
    }, {
        "stage": 315,
        "start": [-76.949772, 38.991478],
        "end": [-76.949755, 38.991452],
        "km": 0.0019980607387441985
    }, {
        "stage": 316,
        "start": [-76.949755, 38.991452],
        "end": [-76.949734, 38.991427],
        "km": 0.0024184057760712253
    }, {
        "stage": 317,
        "start": [-76.949734, 38.991427],
        "end": [-76.949681, 38.991386],
        "km": 0.005982895852960386
    }, {
        "stage": 318,
        "start": [-76.949681, 38.991386],
        "end": [-76.949617, 38.991351],
        "km": 0.007170884157015727
    }, {
        "stage": 319,
        "start": [-76.949617, 38.991351],
        "end": [-76.949569, 38.991332],
        "km": 0.005358333109853597
    }, {
        "stage": 320,
        "start": [-76.949569, 38.991332],
        "end": [-76.949525, 38.99132],
        "km": 0.0049015890324550365
    }, {
        "stage": 321,
        "start": [-76.949525, 38.99132],
        "end": [-76.949491, 38.991315],
        "km": 0.003782962812408543
    }, {
        "stage": 322,
        "start": [-76.949491, 38.991315],
        "end": [-76.949456, 38.991314],
        "km": 0.0038921599523988296
    }, {
        "stage": 323,
        "start": [-76.949456, 38.991314],
        "end": [-76.949425, 38.991313],
        "km": 0.0034463908465974377
    }, {
        "stage": 324,
        "start": [-76.949425, 38.991313],
        "end": [-76.949394, 38.991316],
        "km": 0.003447698030731905
    }, {
        "stage": 325,
        "start": [-76.949394, 38.991316],
        "end": [-76.949364, 38.99132],
        "km": 0.0033361095378509208
    }, {
        "stage": 326,
        "start": [-76.949364, 38.99132],
        "end": [-76.94934, 38.991324],
        "km": 0.002668212219000702
    }, {
        "stage": 327,
        "start": [-76.94934, 38.991324],
        "end": [-76.949319, 38.991334],
        "km": 0.0023465371168716917
    }, {
        "stage": 328,
        "start": [-76.949319, 38.991334],
        "end": [-76.949297, 38.99135],
        "km": 0.0024773101325834186
    }, {
        "stage": 329,
        "start": [-76.949297, 38.99135],
        "end": [-76.94928, 38.991366],
        "km": 0.0019315546203127086
    }, {
        "stage": 330,
        "start": [-76.94928, 38.991366],
        "end": [-76.949253, 38.991392],
        "km": 0.003073176222567667
    }, {
        "stage": 331,
        "start": [-76.949253, 38.991392],
        "end": [-76.949231, 38.991419],
        "km": 0.0025383987424103405
    }, {
        "stage": 332,
        "start": [-76.949231, 38.991419],
        "end": [-76.949221, 38.991441],
        "km": 0.0012413803832635854
    }, {
        "stage": 333,
        "start": [-76.949221, 38.991441],
        "end": [-76.949216, 38.991466],
        "km": 0.0008437627892734162
    }, {
        "stage": 334,
        "start": [-76.949216, 38.991466],
        "end": [-76.949213, 38.991497],
        "km": 0.0008490862666210729
    }, {
        "stage": 335,
        "start": [-76.949213, 38.991497],
        "end": [-76.949217, 38.99153],
        "km": 0.0009445488428893359
    }, {
        "stage": 336,
        "start": [-76.949217, 38.99153],
        "end": [-76.94923, 38.99156],
        "km": 0.0016304888416075246
    }, {
        "stage": 337,
        "start": [-76.94923, 38.99156],
        "end": [-76.94925, 38.991587],
        "km": 0.002325318507481048
    }, {
        "stage": 338,
        "start": [-76.94925, 38.991587],
        "end": [-76.949283, 38.991625],
        "km": 0.003791291408646974
    }, {
        "stage": 339,
        "start": [-76.949283, 38.991625],
        "end": [-76.949292, 38.991636],
        "km": 0.001039914050413191
    }, {
        "stage": 340,
        "start": [-76.949292, 38.991636],
        "end": [-76.949297, 38.991671],
        "km": 0.001039914050413191
    }, {
        "stage": 341,
        "start": [-76.949297, 38.991671],
        "end": [-76.949297, 38.991702],
        "km": 0.0007770415184131274
    }, {
        "stage": 342,
        "start": [-76.949297, 38.991702],
        "end": [-76.949294, 38.991724],
        "km": 0.0006368146999658044
    }, {
        "stage": 343,
        "start": [-76.949294, 38.991724],
        "end": [-76.949293, 38.99174],
        "km": 0.00041379346108786117
    }, {
        "stage": 344,
        "start": [-76.949293, 38.99174],
        "end": [-76.949286, 38.991775],
        "km": 0.0011742282874784742
    }, {
        "stage": 345,
        "start": [-76.949286, 38.991775],
        "end": [-76.949273, 38.991817],
        "km": 0.0017886320132240834
    }, {
        "stage": 346,
        "start": [-76.949273, 38.991817],
        "end": [-76.949265, 38.991852],
        "km": 0.0012486188141926102
    }, {
        "stage": 347,
        "start": [-76.949265, 38.991852],
        "end": [-76.949226, 38.991891],
        "km": 0.004445556547757598
    }, {
        "stage": 348,
        "start": [-76.949226, 38.991891],
        "end": [-76.949216, 38.991899],
        "km": 0.001127239969079323
    }, {
        "stage": 349,
        "start": [-76.949216, 38.991899],
        "end": [-76.949127, 38.991966],
        "km": 0.010037998969645953
    }, {
        "stage": 350,
        "start": [-76.949127, 38.991966],
        "end": [-76.948977, 38.992066],
        "km": 0.01686617488177678
    }, {
        "stage": 351,
        "start": [-76.948977, 38.992066],
        "end": [-76.948865, 38.992143],
        "km": 0.01260221090916556
    }, {
        "stage": 352,
        "start": [-76.948865, 38.992143],
        "end": [-76.948746, 38.992209],
        "km": 0.013334642331620277
    }, {
        "stage": 353,
        "start": [-76.948746, 38.992209],
        "end": [-76.948669, 38.992239],
        "km": 0.00859424634057375
    }, {
        "stage": 354,
        "start": [-76.948669, 38.992239],
        "end": [-76.948585, 38.992265],
        "km": 0.00936259593901276
    }, {
        "stage": 355,
        "start": [-76.948585, 38.992265],
        "end": [-76.948481, 38.992277],
        "km": 0.01156753447383538
    }, {
        "stage": 356,
        "start": [-76.948481, 38.992277],
        "end": [-76.9484, 38.992281],
        "km": 0.009006920456278331
    }, {
        "stage": 357,
        "start": [-76.9484, 38.992281],
        "end": [-76.948303, 38.992276],
        "km": 0.010785818886805658
    }, {
        "stage": 358,
        "start": [-76.948303, 38.992276],
        "end": [-76.94822, 38.992266],
        "km": 0.009232227076294439
    }, {
        "stage": 359,
        "start": [-76.94822, 38.992266],
        "end": [-76.948122, 38.992242],
        "km": 0.01091331869986423
    }, {
        "stage": 360,
        "start": [-76.948122, 38.992242],
        "end": [-76.948036, 38.992209],
        "km": 0.009598337207237503
    }, {
        "stage": 361,
        "start": [-76.948036, 38.992209],
        "end": [-76.947945, 38.992162],
        "km": 0.010186823797322761
    }, {
        "stage": 362,
        "start": [-76.947945, 38.992162],
        "end": [-76.947872, 38.992111],
        "km": 0.00821740494987425
    }, {
        "stage": 363,
        "start": [-76.947872, 38.992111],
        "end": [-76.947825, 38.992067],
        "km": 0.005341488261160197
    }, {
        "stage": 364,
        "start": [-76.947825, 38.992067],
        "end": [-76.94753, 38.991778],
        "km": 0.033593945500463865
    }, {
        "stage": 365,
        "start": [-76.94753, 38.991778],
        "end": [-76.947396, 38.991663],
        "km": 0.015176749013707384
    }, {
        "stage": 366,
        "start": [-76.947396, 38.991663],
        "end": [-76.947263, 38.991549],
        "km": 0.015062608490081566
    }, {
        "stage": 367,
        "start": [-76.947263, 38.991549],
        "end": [-76.947207, 38.991502],
        "km": 0.006337648375728067
    }, {
        "stage": 368,
        "start": [-76.947207, 38.991502],
        "end": [-76.947163, 38.991466],
        "km": 0.004974587674496057
    }, {
        "stage": 369,
        "start": [-76.947163, 38.991466],
        "end": [-76.94711, 38.99142],
        "km": 0.006005447368467424
    }, {
        "stage": 370,
        "start": [-76.94711, 38.99142],
        "end": [-76.94704, 38.991373],
        "km": 0.007872385181846072
    }, {
        "stage": 371,
        "start": [-76.94704, 38.991373],
        "end": [-76.946933, 38.991317],
        "km": 0.011980468815951833
    }, {
        "stage": 372,
        "start": [-76.946933, 38.991317],
        "end": [-76.946814, 38.991252],
        "km": 0.013331938769864752
    }, {
        "stage": 373,
        "start": [-76.946814, 38.991252],
        "end": [-76.946602, 38.99113],
        "km": 0.023770435040318227
    }, {
        "stage": 374,
        "start": [-76.946602, 38.99113],
        "end": [-76.946558, 38.991105],
        "km": 0.0049327454551753875
    }, {
        "stage": 375,
        "start": [-76.946558, 38.991105],
        "end": [-76.946161, 38.990879],
        "km": 0.04450570934747628
    }, {
        "stage": 376,
        "start": [-76.946161, 38.990879],
        "end": [-76.946095, 38.990845],
        "km": 0.007388148394399076
    }, {
        "stage": 377,
        "start": [-76.946095, 38.990845],
        "end": [-76.946018, 38.990807],
        "km": 0.008614669585245021
    }, {
        "stage": 378,
        "start": [-76.946018, 38.990807],
        "end": [-76.945935, 38.990774],
        "km": 0.009265356018696973
    }, {
        "stage": 379,
        "start": [-76.945935, 38.990774],
        "end": [-76.945855, 38.990742],
        "km": 0.008931564228365385
    }, {
        "stage": 380,
        "start": [-76.945855, 38.990742],
        "end": [-76.945763, 38.990709],
        "km": 0.010263500370948494
    }, {
        "stage": 381,
        "start": [-76.945763, 38.990709],
        "end": [-76.945676, 38.990683],
        "km": 0.009695490736062216
    }, {
        "stage": 382,
        "start": [-76.945676, 38.990683],
        "end": [-76.945593, 38.990661],
        "km": 0.009245395425049154
    }, {
        "stage": 383,
        "start": [-76.945593, 38.990661],
        "end": [-76.945409, 38.990618],
        "km": 0.020487450490720895
    }, {
        "stage": 384,
        "start": [-76.945409, 38.990618],
        "end": [-76.945259, 38.990592],
        "km": 0.01669107944724158
    }, {
        "stage": 385,
        "start": [-76.945259, 38.990592],
        "end": [-76.945168, 38.990581],
        "km": 0.010122037833944338
    }, {
        "stage": 386,
        "start": [-76.945168, 38.990581],
        "end": [-76.945076, 38.990572],
        "km": 0.01023184182467221
    }, {
        "stage": 387,
        "start": [-76.945076, 38.990572],
        "end": [-76.944979, 38.990564],
        "km": 0.010787489811507674
    }, {
        "stage": 388,
        "start": [-76.944979, 38.990564],
        "end": [-76.944881, 38.99056],
        "km": 0.010897204372880503
    }, {
        "stage": 389,
        "start": [-76.944881, 38.99056],
        "end": [-76.944758, 38.990559],
        "km": 0.013676286555960725
    }, {
        "stage": 390,
        "start": [-76.944758, 38.990559],
        "end": [-76.94409, 38.990563],
        "km": 0.07427466746389198
    }, {
        "stage": 391,
        "start": [-76.94409, 38.990563],
        "end": [-76.944091, 38.990604],
        "km": 0.001035572010361767
    }, {
        "stage": 392,
        "start": [-76.944091, 38.990604],
        "end": [-76.944091, 38.990995],
        "km": 0.009821087621685725
    }, {
        "stage": 393,
        "start": [-76.944091, 38.990995],
        "end": [-76.944092, 38.991325],
        "km": 0.008289469673368112
    }, {
        "stage": 394,
        "start": [-76.944092, 38.991325],
        "end": [-76.943877, 38.991328],
        "km": 0.02390615162907406
    }, {
        "stage": 395,
        "start": [-76.943877, 38.991328],
        "end": [-76.94388, 38.991435],
        "km": 0.0027067746209228334
    }, {
        "stage": 396,
        "start": [-76.94388, 38.991435],
        "end": [-76.943881, 38.991481],
        "km": 0.0011587772420557823
    }, {
        "stage": 397,
        "start": [-76.943881, 38.991481],
        "end": [-76.944337, 38.991505],
        "km": 0.05070598587314386
    }, {
        "stage": 398,
        "start": [-76.944337, 38.991505],
        "end": [-76.944508, 38.991513],
        "km": 0.019014604000998036
    }, {
        "stage": 399,
        "start": [-76.944508, 38.991513],
        "end": [-76.944718, 38.991524],
        "km": 0.023351609034870387
    }, {
        "stage": 400,
        "start": [-76.944718, 38.991524],
        "end": [-76.944997, 38.991537],
        "km": 0.031023763610257316
    }, {
        "stage": 401,
        "start": [-76.944997, 38.991537],
        "end": [-76.945174, 38.991547],
        "km": 0.01968227936296774
    }, {
        "stage": 402,
        "start": [-76.945174, 38.991547],
        "end": [-76.945231, 38.991551],
        "km": 0.006338359312785184
    }, {
        "stage": 403,
        "start": [-76.945231, 38.991551],
        "end": [-76.94528, 38.991556],
        "km": 0.005449222391202033
    }, {
        "stage": 404,
        "start": [-76.94528, 38.991556],
        "end": [-76.945324, 38.991562],
        "km": 0.004894229285011793
    }, {
        "stage": 405,
        "start": [-76.945324, 38.991562],
        "end": [-76.945369, 38.991573],
        "km": 0.00501068820376307
    }, {
        "stage": 406,
        "start": [-76.945369, 38.991573],
        "end": [-76.945402, 38.991583],
        "km": 0.0036766513844917297
    }, {
        "stage": 407,
        "start": [-76.945402, 38.991583],
        "end": [-76.945432, 38.991595],
        "km": 0.003349588823208075
    }, {
        "stage": 408,
        "start": [-76.945432, 38.991595],
        "end": [-76.945462, 38.991611],
        "km": 0.003360333321766892
    }, {
        "stage": 409,
        "start": [-76.945462, 38.991611],
        "end": [-76.945489, 38.991629],
        "km": 0.00303629972250828
    }, {
        "stage": 410,
        "start": [-76.945489, 38.991629],
        "end": [-76.945514, 38.991648],
        "km": 0.0028208966483400126
    }, {
        "stage": 411,
        "start": [-76.945514, 38.991648],
        "end": [-76.945539, 38.991669],
        "km": 0.0028288720576629474
    }, {
        "stage": 412,
        "start": [-76.945539, 38.991669],
        "end": [-76.945556, 38.991687],
        "km": 0.001945501044169268
    }, {
        "stage": 413,
        "start": [-76.945556, 38.991687],
        "end": [-76.945573, 38.991708],
        "km": 0.001963942224628862
    }, {
        "stage": 414,
        "start": [-76.945573, 38.991708],
        "end": [-76.94559, 38.991735],
        "km": 0.002009304838425791
    }, {
        "stage": 415,
        "start": [-76.94559, 38.991735],
        "end": [-76.945603, 38.991762],
        "km": 0.001596982072342069
    }, {
        "stage": 416,
        "start": [-76.945603, 38.991762],
        "end": [-76.945615, 38.991801],
        "km": 0.0016551738443514492
    }, {
        "stage": 417,
        "start": [-76.945615, 38.991801],
        "end": [-76.945621, 38.991843],
        "km": 0.0012450048592490322
    }, {
        "stage": 418,
        "start": [-76.945621, 38.991843],
        "end": [-76.945622, 38.991994],
        "km": 0.0037936676491865324
    }, {
        "stage": 419,
        "start": [-76.945622, 38.991994],
        "end": [-76.94607, 38.991996],
        "km": 0.049812950416999485
    }],
    "km": 15.79312899376012
}