{
    "route_id": "route-q",
    "profile": "aggressive",
    "triggers": [{
        "occurances": 0,
        "type": "dtc"
    }, {
        "occurances": 1,
        "type": "brake"
    }, {
        "occurances": 0,
        "type": "oiltemp"
    }],
    "end": ["-77.22713973244714", "38.91874198479309"],
    "description": "Aggressive - Falls Church to Tysons Corner",
    "name": "Route Q",
    "start": ["-77.16926799999999", "38.88233600000001"],
    "stages": [{
        "stage": 0,
        "start": [-77.169268, 38.882336],
        "end": [-77.170211, 38.882906],
        "km": 0.10579211115596404
    }, {
        "stage": 1,
        "start": [-77.170211, 38.882906],
        "end": [-77.170576, 38.882636],
        "km": 0.04112802003826899
    }, {
        "stage": 2,
        "start": [-77.170576, 38.882636],
        "end": [-77.170659, 38.882575],
        "km": 0.009351038363239068
    }, {
        "stage": 3,
        "start": [-77.170659, 38.882575],
        "end": [-77.171023, 38.882316],
        "km": 0.040975120916606274
    }, {
        "stage": 4,
        "start": [-77.171023, 38.882316],
        "end": [-77.171108, 38.882238],
        "km": 0.009645167779984226
    }, {
        "stage": 5,
        "start": [-77.171108, 38.882238],
        "end": [-77.171691, 38.882613],
        "km": 0.0654812884610693
    }, {
        "stage": 6,
        "start": [-77.171691, 38.882613],
        "end": [-77.17218, 38.882927],
        "km": 0.05492159145175765
    }, {
        "stage": 7,
        "start": [-77.17218, 38.882927],
        "end": [-77.172235, 38.882963],
        "km": 0.0061792541088642634
    }, {
        "stage": 8,
        "start": [-77.172235, 38.882963],
        "end": [-77.172565, 38.883175],
        "km": 0.03706385559176138
    }, {
        "stage": 9,
        "start": [-77.172565, 38.883175],
        "end": [-77.173005, 38.883458],
        "km": 0.0494197202182403
    }, {
        "stage": 10,
        "start": [-77.173005, 38.883458],
        "end": [-77.17328, 38.883635],
        "km": 0.03088766476730104
    }, {
        "stage": 11,
        "start": [-77.17328, 38.883635],
        "end": [-77.173683, 38.883906],
        "km": 0.04530593357661923
    }, {
        "stage": 12,
        "start": [-77.173683, 38.883906],
        "end": [-77.174331, 38.884326],
        "km": 0.0727928693271667
    }, {
        "stage": 13,
        "start": [-77.174331, 38.884326],
        "end": [-77.174989, 38.884753],
        "km": 0.07391794607739637
    }, {
        "stage": 14,
        "start": [-77.174989, 38.884753],
        "end": [-77.175311, 38.88496],
        "km": 0.03616561827032921
    }, {
        "stage": 15,
        "start": [-77.175311, 38.88496],
        "end": [-77.175687, 38.885202],
        "km": 0.0422318002865839
    }, {
        "stage": 16,
        "start": [-77.175687, 38.885202],
        "end": [-77.176286, 38.885588],
        "km": 0.06728037634671044
    }, {
        "stage": 17,
        "start": [-77.176286, 38.885588],
        "end": [-77.176611, 38.885795],
        "km": 0.036495896815773365
    }, {
        "stage": 18,
        "start": [-77.176611, 38.885795],
        "end": [-77.17665, 38.88582],
        "km": 0.004380207190165643
    }, {
        "stage": 19,
        "start": [-77.17665, 38.88582],
        "end": [-77.176761, 38.885891],
        "km": 0.012465601438771727
    }, {
        "stage": 20,
        "start": [-77.176761, 38.885891],
        "end": [-77.177009, 38.886051],
        "km": 0.027856144624773562
    }, {
        "stage": 21,
        "start": [-77.177009, 38.886051],
        "end": [-77.177309, 38.886243],
        "km": 0.033691717381541524
    }, {
        "stage": 22,
        "start": [-77.177309, 38.886243],
        "end": [-77.177465, 38.886344],
        "km": 0.017523657458997102
    }, {
        "stage": 23,
        "start": [-77.177465, 38.886344],
        "end": [-77.177727, 38.886512],
        "km": 0.029425157766780324
    }, {
        "stage": 24,
        "start": [-77.177727, 38.886512],
        "end": [-77.177806, 38.886563],
        "km": 0.008873865527197345
    }, {
        "stage": 25,
        "start": [-77.177806, 38.886563],
        "end": [-77.178132, 38.886773],
        "km": 0.036616445313962895
    }, {
        "stage": 26,
        "start": [-77.178132, 38.886773],
        "end": [-77.17853, 38.887029],
        "km": 0.04470199298287468
    }, {
        "stage": 27,
        "start": [-77.17853, 38.887029],
        "end": [-77.178943, 38.887295],
        "km": 0.04638791872314308
    }, {
        "stage": 28,
        "start": [-77.178943, 38.887295],
        "end": [-77.179033, 38.887352],
        "km": 0.010105553507776028
    }, {
        "stage": 29,
        "start": [-77.179033, 38.887352],
        "end": [-77.179324, 38.887541],
        "km": 0.032690510451080464
    }, {
        "stage": 30,
        "start": [-77.179324, 38.887541],
        "end": [-77.17963, 38.887741],
        "km": 0.034380130989404095
    }, {
        "stage": 31,
        "start": [-77.17963, 38.887741],
        "end": [-77.179735, 38.887809],
        "km": 0.011795119394418447
    }, {
        "stage": 32,
        "start": [-77.179735, 38.887809],
        "end": [-77.179909, 38.887922],
        "km": 0.01954674226557163
    }, {
        "stage": 33,
        "start": [-77.179909, 38.887922],
        "end": [-77.180111, 38.888051],
        "km": 0.02268467088950526
    }, {
        "stage": 34,
        "start": [-77.180111, 38.888051],
        "end": [-77.180243, 38.888136],
        "km": 0.014825919104657777
    }, {
        "stage": 35,
        "start": [-77.180243, 38.888136],
        "end": [-77.180611, 38.888373],
        "km": 0.04133347672577569
    }, {
        "stage": 36,
        "start": [-77.180611, 38.888373],
        "end": [-77.181114, 38.888694],
        "km": 0.05648617783623686
    }, {
        "stage": 37,
        "start": [-77.181114, 38.888694],
        "end": [-77.181875, 38.889182],
        "km": 0.08546734455757467
    }, {
        "stage": 38,
        "start": [-77.181875, 38.889182],
        "end": [-77.182985, 38.889885],
        "km": 0.12463269749306526
    }, {
        "stage": 39,
        "start": [-77.182985, 38.889885],
        "end": [-77.183552, 38.890265],
        "km": 0.06373741435960895
    }, {
        "stage": 40,
        "start": [-77.183552, 38.890265],
        "end": [-77.18364, 38.890323],
        "km": 0.009888756995999724
    }, {
        "stage": 41,
        "start": [-77.18364, 38.890323],
        "end": [-77.183692, 38.890358],
        "km": 0.005844989229707625
    }, {
        "stage": 42,
        "start": [-77.183692, 38.890358],
        "end": [-77.18378, 38.890414],
        "km": 0.00988146372903835
    }, {
        "stage": 43,
        "start": [-77.18378, 38.890414],
        "end": [-77.183938, 38.890515],
        "km": 0.01774366839415247
    }, {
        "stage": 44,
        "start": [-77.183938, 38.890515],
        "end": [-77.184066, 38.890597],
        "km": 0.014375346452828279
    }, {
        "stage": 45,
        "start": [-77.184066, 38.890597],
        "end": [-77.184096, 38.890616],
        "km": 0.003368369204079216
    }, {
        "stage": 46,
        "start": [-77.184096, 38.890616],
        "end": [-77.184131, 38.890639],
        "km": 0.003932470422155677
    }, {
        "stage": 47,
        "start": [-77.184131, 38.890639],
        "end": [-77.184443, 38.890841],
        "km": 0.035047057783445655
    }, {
        "stage": 48,
        "start": [-77.184443, 38.890841],
        "end": [-77.184816, 38.891095],
        "km": 0.041944131075598724
    }, {
        "stage": 49,
        "start": [-77.184816, 38.891095],
        "end": [-77.184868, 38.89113],
        "km": 0.005845760082230558
    }, {
        "stage": 50,
        "start": [-77.184868, 38.89113],
        "end": [-77.184943, 38.891181],
        "km": 0.008433354593958406
    }, {
        "stage": 51,
        "start": [-77.184943, 38.891181],
        "end": [-77.184958, 38.89119],
        "km": 0.0016821768310869463
    }, {
        "stage": 52,
        "start": [-77.184958, 38.89119],
        "end": [-77.185664, 38.89162],
        "km": 0.07921285466945778
    }, {
        "stage": 53,
        "start": [-77.185664, 38.89162],
        "end": [-77.185913, 38.891772],
        "km": 0.027938841373266875
    }, {
        "stage": 54,
        "start": [-77.185913, 38.891772],
        "end": [-77.186071, 38.891886],
        "km": 0.017791346061465787
    }, {
        "stage": 55,
        "start": [-77.186071, 38.891886],
        "end": [-77.186294, 38.892031],
        "km": 0.02505164243014847
    }, {
        "stage": 56,
        "start": [-77.186294, 38.892031],
        "end": [-77.186412, 38.892107],
        "km": 0.013253635557511996
    }, {
        "stage": 57,
        "start": [-77.186412, 38.892107],
        "end": [-77.187051, 38.892519],
        "km": 0.07177284324881072
    }, {
        "stage": 58,
        "start": [-77.187051, 38.892519],
        "end": [-77.187483, 38.892797],
        "km": 0.04852056276228655
    }, {
        "stage": 59,
        "start": [-77.187483, 38.892797],
        "end": [-77.187766, 38.89298],
        "km": 0.031788615049855244
    }, {
        "stage": 60,
        "start": [-77.187766, 38.89298],
        "end": [-77.188645, 38.893545],
        "km": 0.09872339568622536
    }, {
        "stage": 61,
        "start": [-77.188645, 38.893545],
        "end": [-77.188963, 38.893751],
        "km": 0.03572108547429807
    }, {
        "stage": 62,
        "start": [-77.188963, 38.893751],
        "end": [-77.189104, 38.893842],
        "km": 0.015837222961509457
    }, {
        "stage": 63,
        "start": [-77.189104, 38.893842],
        "end": [-77.189176, 38.893889],
        "km": 0.00808919009509235
    }, {
        "stage": 64,
        "start": [-77.189176, 38.893889],
        "end": [-77.189248, 38.893936],
        "km": 0.00808919009509235
    }, {
        "stage": 65,
        "start": [-77.189248, 38.893936],
        "end": [-77.189335, 38.894085],
        "km": 0.010347449629549081
    }, {
        "stage": 66,
        "start": [-77.189335, 38.894085],
        "end": [-77.189543, 38.894215],
        "km": 0.023348328487842657
    }, {
        "stage": 67,
        "start": [-77.189543, 38.894215],
        "end": [-77.189875, 38.894423],
        "km": 0.037269350225520616
    }, {
        "stage": 68,
        "start": [-77.189875, 38.894423],
        "end": [-77.190296, 38.894688],
        "km": 0.04726444632952766
    }, {
        "stage": 69,
        "start": [-77.190296, 38.894688],
        "end": [-77.190435, 38.894777],
        "km": 0.015610549729055945
    }, {
        "stage": 70,
        "start": [-77.190435, 38.894777],
        "end": [-77.191684, 38.895577],
        "km": 0.14026898057709025
    }, {
        "stage": 71,
        "start": [-77.191684, 38.895577],
        "end": [-77.191889, 38.895705],
        "km": 0.023011451892781705
    }, {
        "stage": 72,
        "start": [-77.191889, 38.895705],
        "end": [-77.192087, 38.895826],
        "km": 0.02221663057452971
    }, {
        "stage": 73,
        "start": [-77.192087, 38.895826],
        "end": [-77.193065, 38.896466],
        "km": 0.109881613239226
    }, {
        "stage": 74,
        "start": [-77.193065, 38.896466],
        "end": [-77.193891, 38.89699],
        "km": 0.092746157750781
    }, {
        "stage": 75,
        "start": [-77.193891, 38.89699],
        "end": [-77.194582, 38.897437],
        "km": 0.0776177594261058
    }, {
        "stage": 76,
        "start": [-77.194582, 38.897437],
        "end": [-77.195619, 38.898105],
        "km": 0.11647277223447818
    }, {
        "stage": 77,
        "start": [-77.195619, 38.898105],
        "end": [-77.196583, 38.898727],
        "km": 0.10827701914607485
    }, {
        "stage": 78,
        "start": [-77.196583, 38.898727],
        "end": [-77.197133, 38.899081],
        "km": 0.061773214224829225
    }, {
        "stage": 79,
        "start": [-77.197133, 38.899081],
        "end": [-77.197405, 38.899256],
        "km": 0.030549411179771488
    }, {
        "stage": 80,
        "start": [-77.197405, 38.899256],
        "end": [-77.198976, 38.900266],
        "km": 0.17644231735330587
    }, {
        "stage": 81,
        "start": [-77.198976, 38.900266],
        "end": [-77.199658, 38.900696],
        "km": 0.07656762229772279
    }, {
        "stage": 82,
        "start": [-77.199658, 38.900696],
        "end": [-77.20228, 38.902359],
        "km": 0.29440278693402244
    }, {
        "stage": 83,
        "start": [-77.20228, 38.902359],
        "end": [-77.202753, 38.90266],
        "km": 0.05311261966084184
    }, {
        "stage": 84,
        "start": [-77.202753, 38.90266],
        "end": [-77.202859, 38.902727],
        "km": 0.011900845938417963
    }, {
        "stage": 85,
        "start": [-77.202859, 38.902727],
        "end": [-77.203337, 38.903031],
        "km": 0.05367340186697325
    }, {
        "stage": 86,
        "start": [-77.203337, 38.903031],
        "end": [-77.203617, 38.903238],
        "km": 0.031547725679825785
    }, {
        "stage": 87,
        "start": [-77.203617, 38.903238],
        "end": [-77.203908, 38.903492],
        "km": 0.03295532308839719
    }, {
        "stage": 88,
        "start": [-77.203908, 38.903492],
        "end": [-77.20435, 38.903927],
        "km": 0.050299762220579844
    }, {
        "stage": 89,
        "start": [-77.20435, 38.903927],
        "end": [-77.204636, 38.904209],
        "km": 0.03254961433071156
    }, {
        "stage": 90,
        "start": [-77.204636, 38.904209],
        "end": [-77.205357, 38.904945],
        "km": 0.08219077213053284
    }, {
        "stage": 91,
        "start": [-77.205357, 38.904945],
        "end": [-77.206064, 38.905641],
        "km": 0.08045742046672132
    }, {
        "stage": 92,
        "start": [-77.206064, 38.905641],
        "end": [-77.206334, 38.905907],
        "km": 0.030727363280784077
    }, {
        "stage": 93,
        "start": [-77.206334, 38.905907],
        "end": [-77.206604, 38.906144],
        "km": 0.030583021822116013
    }, {
        "stage": 94,
        "start": [-77.206604, 38.906144],
        "end": [-77.206748, 38.906247],
        "km": 0.01621065573738786
    }, {
        "stage": 95,
        "start": [-77.206748, 38.906247],
        "end": [-77.207069, 38.906445],
        "km": 0.036023304167840726
    }, {
        "stage": 96,
        "start": [-77.207069, 38.906445],
        "end": [-77.207408, 38.906615],
        "km": 0.037924915962148795
    }, {
        "stage": 97,
        "start": [-77.207408, 38.906615],
        "end": [-77.207748, 38.906756],
        "km": 0.03796351011045652
    }, {
        "stage": 98,
        "start": [-77.207748, 38.906756],
        "end": [-77.208213, 38.906902],
        "km": 0.05182791899110898
    }, {
        "stage": 99,
        "start": [-77.208213, 38.906902],
        "end": [-77.209429, 38.90718],
        "km": 0.13537960949054562
    }, {
        "stage": 100,
        "start": [-77.209429, 38.90718],
        "end": [-77.21003, 38.907318],
        "km": 0.06691121682553364
    }, {
        "stage": 101,
        "start": [-77.21003, 38.907318],
        "end": [-77.211306, 38.907624],
        "km": 0.1420776585307333
    }, {
        "stage": 102,
        "start": [-77.211306, 38.907624],
        "end": [-77.211701, 38.90772],
        "km": 0.04398336524967956
    }, {
        "stage": 103,
        "start": [-77.211701, 38.90772],
        "end": [-77.212976, 38.908042],
        "km": 0.14198803680380162
    }, {
        "stage": 104,
        "start": [-77.212976, 38.908042],
        "end": [-77.213637, 38.908285],
        "km": 0.07373924378669384
    }, {
        "stage": 105,
        "start": [-77.213637, 38.908285],
        "end": [-77.213813, 38.908376],
        "km": 0.01969715438219543
    }, {
        "stage": 106,
        "start": [-77.213813, 38.908376],
        "end": [-77.213991, 38.908464],
        "km": 0.019909896145484454
    }, {
        "stage": 107,
        "start": [-77.213991, 38.908464],
        "end": [-77.214182, 38.908565],
        "km": 0.021381974876515816
    }, {
        "stage": 108,
        "start": [-77.214182, 38.908565],
        "end": [-77.214485, 38.908742],
        "km": 0.033970746716315565
    }, {
        "stage": 109,
        "start": [-77.214485, 38.908742],
        "end": [-77.214596, 38.908807],
        "km": 0.012445342742913604
    }, {
        "stage": 110,
        "start": [-77.214596, 38.908807],
        "end": [-77.214867, 38.908964],
        "km": 0.030379020385804725
    }, {
        "stage": 111,
        "start": [-77.214867, 38.908964],
        "end": [-77.215217, 38.909153],
        "km": 0.039193172739008554
    }, {
        "stage": 112,
        "start": [-77.215217, 38.909153],
        "end": [-77.215459, 38.909289],
        "km": 0.027115148169886145
    }, {
        "stage": 113,
        "start": [-77.215459, 38.909289],
        "end": [-77.215693, 38.909422],
        "km": 0.026223572632017352
    }, {
        "stage": 114,
        "start": [-77.215693, 38.909422],
        "end": [-77.215915, 38.909561],
        "km": 0.02491999483584411
    }, {
        "stage": 115,
        "start": [-77.215915, 38.909561],
        "end": [-77.216267, 38.909867],
        "km": 0.03985621246104125
    }, {
        "stage": 116,
        "start": [-77.216267, 38.909867],
        "end": [-77.217138, 38.91035],
        "km": 0.09757239837609263
    }, {
        "stage": 117,
        "start": [-77.217138, 38.91035],
        "end": [-77.21854, 38.911113],
        "km": 0.15701370647900487
    }, {
        "stage": 118,
        "start": [-77.21854, 38.911113],
        "end": [-77.218975, 38.911355],
        "km": 0.048732300103728796
    }, {
        "stage": 119,
        "start": [-77.218975, 38.911355],
        "end": [-77.220572, 38.912113],
        "km": 0.1785458532865194
    }, {
        "stage": 120,
        "start": [-77.220572, 38.912113],
        "end": [-77.220888, 38.912293],
        "km": 0.035413743305154934
    }, {
        "stage": 121,
        "start": [-77.220888, 38.912293],
        "end": [-77.221439, 38.912587],
        "km": 0.06169073360235036
    }, {
        "stage": 122,
        "start": [-77.221439, 38.912587],
        "end": [-77.221828, 38.912791],
        "km": 0.043542792054635376
    }, {
        "stage": 123,
        "start": [-77.221828, 38.912791],
        "end": [-77.222224, 38.913013],
        "km": 0.04436831207563742
    }, {
        "stage": 124,
        "start": [-77.222224, 38.913013],
        "end": [-77.222832, 38.913362],
        "km": 0.06814585151897029
    }, {
        "stage": 125,
        "start": [-77.222832, 38.913362],
        "end": [-77.223228, 38.91359],
        "km": 0.04438658860837963
    }, {
        "stage": 126,
        "start": [-77.223228, 38.91359],
        "end": [-77.223407, 38.913693],
        "km": 0.020063425181583213
    }, {
        "stage": 127,
        "start": [-77.223407, 38.913693],
        "end": [-77.223686, 38.91386],
        "km": 0.0312923137865229
    }, {
        "stage": 128,
        "start": [-77.223686, 38.91386],
        "end": [-77.223769, 38.913909],
        "km": 0.009306601359216978
    }, {
        "stage": 129,
        "start": [-77.223769, 38.913909],
        "end": [-77.224226, 38.914205],
        "km": 0.05133216315826487
    }, {
        "stage": 130,
        "start": [-77.224226, 38.914205],
        "end": [-77.224713, 38.91452],
        "km": 0.05470045107952903
    }, {
        "stage": 131,
        "start": [-77.224713, 38.91452],
        "end": [-77.224974, 38.914656],
        "km": 0.02921245484471688
    }, {
        "stage": 132,
        "start": [-77.224974, 38.914656],
        "end": [-77.225336, 38.914894],
        "km": 0.04067369161083267
    }, {
        "stage": 133,
        "start": [-77.225336, 38.914894],
        "end": [-77.225483, 38.914998],
        "km": 0.016543569451439616
    }, {
        "stage": 134,
        "start": [-77.225483, 38.914998],
        "end": [-77.2255, 38.915009],
        "km": 0.0019080840692251497
    }, {
        "stage": 135,
        "start": [-77.2255, 38.915009],
        "end": [-77.22564, 38.915101],
        "km": 0.015730454590551092
    }, {
        "stage": 136,
        "start": [-77.22564, 38.915101],
        "end": [-77.225961, 38.915368],
        "km": 0.03629049236165973
    }, {
        "stage": 137,
        "start": [-77.225961, 38.915368],
        "end": [-77.226085, 38.915474],
        "km": 0.014031455632763316
    }, {
        "stage": 138,
        "start": [-77.226085, 38.915474],
        "end": [-77.226128, 38.915541],
        "km": 0.005056342581257256
    }, {
        "stage": 139,
        "start": [-77.226128, 38.915541],
        "end": [-77.226152, 38.915604],
        "km": 0.003086343902965738
    }, {
        "stage": 140,
        "start": [-77.226152, 38.915604],
        "end": [-77.226157, 38.915626],
        "km": 0.0007712209007383825
    }, {
        "stage": 141,
        "start": [-77.226157, 38.915626],
        "end": [-77.226152, 38.915658],
        "km": 0.0009634416905095032
    }, {
        "stage": 142,
        "start": [-77.226152, 38.915658],
        "end": [-77.226106, 38.915754],
        "km": 0.005633800951972358
    }, {
        "stage": 143,
        "start": [-77.226106, 38.915754],
        "end": [-77.225915, 38.916045],
        "km": 0.022410087466494102
    }, {
        "stage": 144,
        "start": [-77.225915, 38.916045],
        "end": [-77.225675, 38.916346],
        "km": 0.027692613726504754
    }, {
        "stage": 145,
        "start": [-77.225675, 38.916346],
        "end": [-77.225544, 38.916524],
        "km": 0.015208780021227575
    }, {
        "stage": 146,
        "start": [-77.225544, 38.916524],
        "end": [-77.225476, 38.916617],
        "km": 0.007898670347409388
    }, {
        "stage": 147,
        "start": [-77.225476, 38.916617],
        "end": [-77.225372, 38.916814],
        "km": 0.012536967905499168
    }, {
        "stage": 148,
        "start": [-77.225372, 38.916814],
        "end": [-77.225328, 38.916943],
        "km": 0.005830323667426968
    }, {
        "stage": 149,
        "start": [-77.225328, 38.916943],
        "end": [-77.225447, 38.917003],
        "km": 0.013313336920746412
    }, {
        "stage": 150,
        "start": [-77.225447, 38.917003],
        "end": [-77.225557, 38.91706],
        "km": 0.012310652860666219
    }, {
        "stage": 151,
        "start": [-77.225557, 38.91706],
        "end": [-77.225936, 38.917254],
        "km": 0.042409819121857345
    }, {
        "stage": 152,
        "start": [-77.225936, 38.917254],
        "end": [-77.226281, 38.917431],
        "km": 0.03860647356992172
    }, {
        "stage": 153,
        "start": [-77.226281, 38.917431],
        "end": [-77.226652, 38.917625],
        "km": 0.04152609147583715
    }, {
        "stage": 154,
        "start": [-77.226652, 38.917625],
        "end": [-77.226856, 38.917732],
        "km": 0.02283473824714312
    }, {
        "stage": 155,
        "start": [-77.226856, 38.917732],
        "end": [-77.227121, 38.917872],
        "km": 0.029665663433680465
    }, {
        "stage": 156,
        "start": [-77.227121, 38.917872],
        "end": [-77.227425, 38.918031],
        "km": 0.03402694012325167
    }, {
        "stage": 157,
        "start": [-77.227425, 38.918031],
        "end": [-77.227685, 38.918167],
        "km": 0.029101959553939485
    }, {
        "stage": 158,
        "start": [-77.227685, 38.918167],
        "end": [-77.227801, 38.918258],
        "km": 0.013090462409447667
    }, {
        "stage": 159,
        "start": [-77.227801, 38.918258],
        "end": [-77.228147, 38.91853],
        "km": 0.03904816100989525
    }, {
        "stage": 160,
        "start": [-77.228147, 38.91853],
        "end": [-77.228207, 38.918577],
        "km": 0.006770098711249571
    }, {
        "stage": 161,
        "start": [-77.228207, 38.918577],
        "end": [-77.228066, 38.918668],
        "km": 0.015836084862053314
    }, {
        "stage": 162,
        "start": [-77.228066, 38.918668],
        "end": [-77.227907, 38.918537],
        "km": 0.01796976293525038
    }, {
        "stage": 163,
        "start": [-77.227907, 38.918537],
        "end": [-77.227675, 38.918347],
        "km": 0.026215323631299872
    }, {
        "stage": 164,
        "start": [-77.227675, 38.918347],
        "end": [-77.227213, 38.918522],
        "km": 0.05154939715108284
    }, {
        "stage": 165,
        "start": [-77.227213, 38.918522],
        "end": [-77.227279, 38.918713],
        "km": 0.008712448488234105
    }],
    "km": 6.928182557461235
}