{
    "route_id": "route-j",
    "profile": "aggressive",
    "triggers": [{
        "occurances": 0,
        "type": "dtc"
    }, {
        "occurances": 4,
        "type": "brake"
    }, {
        "occurances": 0,
        "type": "oiltemp"
    }],
    "end": ["-77.10346900000002", "38.88338799999997"],
    "description": "Aggressive - Tyson's Corner to Virginia Square",
    "name": "Route J",
    "start": ["-77.22173900000001", "38.91611899999998"],
    "stages": [{
        "stage": 0,
        "start": [-77.221739, 38.916119],
        "end": [-77.221726, 38.916111],
        "km": 0.0014583535545557242
    }, {
        "stage": 1,
        "start": [-77.221726, 38.916111],
        "end": [-77.221787, 38.916072],
        "km": 0.00685015836575419
    }, {
        "stage": 2,
        "start": [-77.221787, 38.916072],
        "end": [-77.221899, 38.915982],
        "km": 0.012648607016875792
    }, {
        "stage": 3,
        "start": [-77.221899, 38.915982],
        "end": [-77.221968, 38.915904],
        "km": 0.007907792533613744
    }, {
        "stage": 4,
        "start": [-77.221968, 38.915904],
        "end": [-77.222096, 38.91577],
        "km": 0.014608540938108459
    }, {
        "stage": 5,
        "start": [-77.222096, 38.91577],
        "end": [-77.222209, 38.915652],
        "km": 0.012895213768883442
    }, {
        "stage": 6,
        "start": [-77.222209, 38.915652],
        "end": [-77.222624, 38.915216],
        "km": 0.04737300273935818
    }, {
        "stage": 7,
        "start": [-77.222624, 38.915216],
        "end": [-77.222703, 38.915115],
        "km": 0.009128664622398482
    }, {
        "stage": 8,
        "start": [-77.222703, 38.915115],
        "end": [-77.222892, 38.914958],
        "km": 0.02136637482572559
    }, {
        "stage": 9,
        "start": [-77.222892, 38.914958],
        "end": [-77.223052, 38.91475],
        "km": 0.018511005625876487
    }, {
        "stage": 10,
        "start": [-77.223052, 38.91475],
        "end": [-77.22317, 38.914591],
        "km": 0.013690446422072611
    }, {
        "stage": 11,
        "start": [-77.22317, 38.914591],
        "end": [-77.223308, 38.914426],
        "km": 0.015871611896981743
    }, {
        "stage": 12,
        "start": [-77.223308, 38.914426],
        "end": [-77.223419, 38.914299],
        "km": 0.012731340032637572
    }, {
        "stage": 13,
        "start": [-77.223419, 38.914299],
        "end": [-77.223609, 38.914087],
        "km": 0.021759647581073148
    }, {
        "stage": 14,
        "start": [-77.223609, 38.914087],
        "end": [-77.223769, 38.913909],
        "km": 0.018320647230892835
    }, {
        "stage": 15,
        "start": [-77.223769, 38.913909],
        "end": [-77.223899, 38.913755],
        "km": 0.014942470916306022
    }, {
        "stage": 16,
        "start": [-77.223899, 38.913755],
        "end": [-77.223212, 38.913367],
        "km": 0.07698074532922598
    }, {
        "stage": 17,
        "start": [-77.223212, 38.913367],
        "end": [-77.222948, 38.913222],
        "km": 0.029569970195025434
    }, {
        "stage": 18,
        "start": [-77.222948, 38.913222],
        "end": [-77.22226, 38.912842],
        "km": 0.07706709176165992
    }, {
        "stage": 19,
        "start": [-77.22226, 38.912842],
        "end": [-77.222035, 38.912717],
        "km": 0.025205851978177683
    }, {
        "stage": 20,
        "start": [-77.222035, 38.912717],
        "end": [-77.221775, 38.912579],
        "km": 0.02910784258470574
    }, {
        "stage": 21,
        "start": [-77.221775, 38.912579],
        "end": [-77.221409, 38.912373],
        "km": 0.04100952622474401
    }, {
        "stage": 22,
        "start": [-77.221409, 38.912373],
        "end": [-77.220274, 38.911742],
        "km": 0.1271508101791658
    }, {
        "stage": 23,
        "start": [-77.220274, 38.911742],
        "end": [-77.218576, 38.910785],
        "km": 0.19026167071368436
    }, {
        "stage": 24,
        "start": [-77.218576, 38.910785],
        "end": [-77.217748, 38.910334],
        "km": 0.09273099849742163
    }, {
        "stage": 25,
        "start": [-77.217748, 38.910334],
        "end": [-77.217441, 38.910312],
        "km": 0.034139445412260896
    }, {
        "stage": 26,
        "start": [-77.217441, 38.910312],
        "end": [-77.217349, 38.910292],
        "km": 0.010241085676858426
    }, {
        "stage": 27,
        "start": [-77.217349, 38.910292],
        "end": [-77.217259, 38.910265],
        "km": 0.01002901722216948
    }, {
        "stage": 28,
        "start": [-77.217259, 38.910265],
        "end": [-77.217108, 38.910183],
        "km": 0.016910464842239584
    }, {
        "stage": 29,
        "start": [-77.217108, 38.910183],
        "end": [-77.216522, 38.909861],
        "km": 0.06563689475011128
    }, {
        "stage": 30,
        "start": [-77.216522, 38.909861],
        "end": [-77.216464, 38.90984],
        "km": 0.006469235015668657
    }, {
        "stage": 31,
        "start": [-77.216464, 38.90984],
        "end": [-77.216408, 38.909837],
        "km": 0.006226471808018539
    }, {
        "stage": 32,
        "start": [-77.216408, 38.909837],
        "end": [-77.216352, 38.909839],
        "km": 0.006226471808018539
    }, {
        "stage": 33,
        "start": [-77.216352, 38.909839],
        "end": [-77.216267, 38.909867],
        "km": 0.009475970116611087
    }, {
        "stage": 34,
        "start": [-77.216267, 38.909867],
        "end": [-77.216209, 38.90993],
        "km": 0.00663225516861657
    }, {
        "stage": 35,
        "start": [-77.216209, 38.90993],
        "end": [-77.216156, 38.909989],
        "km": 0.006068888267352368
    }, {
        "stage": 36,
        "start": [-77.216156, 38.909989],
        "end": [-77.216104, 38.910044],
        "km": 0.005937535866944058
    }, {
        "stage": 37,
        "start": [-77.216104, 38.910044],
        "end": [-77.216046, 38.910123],
        "km": 0.006735400559191416
    }, {
        "stage": 38,
        "start": [-77.216046, 38.910123],
        "end": [-77.215987, 38.910214],
        "km": 0.006931893686877301
    }, {
        "stage": 39,
        "start": [-77.215987, 38.910214],
        "end": [-77.215957, 38.910342],
        "km": 0.004587227355473299
    }, {
        "stage": 40,
        "start": [-77.215957, 38.910342],
        "end": [-77.215926, 38.910482],
        "km": 0.004873008094741864
    }, {
        "stage": 41,
        "start": [-77.215926, 38.910482],
        "end": [-77.215877, 38.910802],
        "km": 0.009574365416054203
    }, {
        "stage": 42,
        "start": [-77.215877, 38.910802],
        "end": [-77.21587, 38.91092],
        "km": 0.0030064728724641305
    }, {
        "stage": 43,
        "start": [-77.21587, 38.91092],
        "end": [-77.215888, 38.911039],
        "km": 0.0035469048011570648
    }, {
        "stage": 44,
        "start": [-77.215888, 38.911039],
        "end": [-77.215917, 38.911144],
        "km": 0.004132486373346855
    }, {
        "stage": 45,
        "start": [-77.215917, 38.911144],
        "end": [-77.215951, 38.91122],
        "km": 0.004218813946367155
    }, {
        "stage": 46,
        "start": [-77.215951, 38.91122],
        "end": [-77.21602, 38.911351],
        "km": 0.008322020072182783
    }, {
        "stage": 47,
        "start": [-77.21602, 38.911351],
        "end": [-77.21612, 38.911482],
        "km": 0.011576879460796828
    }, {
        "stage": 48,
        "start": [-77.21612, 38.911482],
        "end": [-77.216226, 38.911593],
        "km": 0.012098362028995651
    }, {
        "stage": 49,
        "start": [-77.216226, 38.911593],
        "end": [-77.216363, 38.911699],
        "km": 0.015454769581880527
    }, {
        "stage": 50,
        "start": [-77.216363, 38.911699],
        "end": [-77.216829, 38.912015],
        "km": 0.05239436777351822
    }, {
        "stage": 51,
        "start": [-77.216829, 38.912015],
        "end": [-77.216975, 38.912126],
        "km": 0.016461656572592756
    }, {
        "stage": 52,
        "start": [-77.216975, 38.912126],
        "end": [-77.217088, 38.912237],
        "km": 0.012857770836337861
    }, {
        "stage": 53,
        "start": [-77.217088, 38.912237],
        "end": [-77.217184, 38.912346],
        "km": 0.011005825269159508
    }, {
        "stage": 54,
        "start": [-77.217184, 38.912346],
        "end": [-77.217266, 38.91249],
        "km": 0.009781551181844905
    }, {
        "stage": 55,
        "start": [-77.217266, 38.91249],
        "end": [-77.217324, 38.912625],
        "km": 0.007253975102825548
    }, {
        "stage": 56,
        "start": [-77.217324, 38.912625],
        "end": [-77.217354, 38.912741],
        "km": 0.00438945573177328
    }, {
        "stage": 57,
        "start": [-77.217354, 38.912741],
        "end": [-77.217367, 38.912866],
        "km": 0.0033976715047565292
    }, {
        "stage": 58,
        "start": [-77.217367, 38.912866],
        "end": [-77.21737, 38.913034],
        "km": 0.004146636901481029
    }, {
        "stage": 59,
        "start": [-77.21737, 38.913034],
        "end": [-77.217365, 38.91325],
        "km": 0.005342331765036147
    }, {
        "stage": 60,
        "start": [-77.217365, 38.91325],
        "end": [-77.217351, 38.913532],
        "km": 0.007110305380751345
    }, {
        "stage": 61,
        "start": [-77.217351, 38.913532],
        "end": [-77.217341, 38.91429],
        "km": 0.018680862711509913
    }, {
        "stage": 62,
        "start": [-77.217341, 38.91429],
        "end": [-77.21735, 38.914567],
        "km": 0.00688754997958123
    }, {
        "stage": 63,
        "start": [-77.21735, 38.914567],
        "end": [-77.217371, 38.914934],
        "km": 0.00932594781260659
    }, {
        "stage": 64,
        "start": [-77.217371, 38.914934],
        "end": [-77.217391, 38.915312],
        "km": 0.009561178876021363
    }, {
        "stage": 65,
        "start": [-77.217391, 38.915312],
        "end": [-77.217376, 38.915449],
        "km": 0.003760263635920609
    }, {
        "stage": 66,
        "start": [-77.217376, 38.915449],
        "end": [-77.217287, 38.916201],
        "km": 0.020980335767075795
    }, {
        "stage": 67,
        "start": [-77.217287, 38.916201],
        "end": [-77.217225, 38.916593],
        "km": 0.01185418395702149
    }, {
        "stage": 68,
        "start": [-77.217225, 38.916593],
        "end": [-77.21717, 38.916888],
        "km": 0.009490699489635641
    }, {
        "stage": 69,
        "start": [-77.21717, 38.916888],
        "end": [-77.217012, 38.917667],
        "km": 0.025998197896053694
    }, {
        "stage": 70,
        "start": [-77.217012, 38.917667],
        "end": [-77.216821, 38.918499],
        "km": 0.029495514195498833
    }, {
        "stage": 71,
        "start": [-77.216821, 38.918499],
        "end": [-77.216649, 38.919231],
        "km": 0.02626889583324048
    }, {
        "stage": 72,
        "start": [-77.216649, 38.919231],
        "end": [-77.216475, 38.91987],
        "km": 0.02492903397243065
    }, {
        "stage": 73,
        "start": [-77.216475, 38.91987],
        "end": [-77.216226, 38.920641],
        "km": 0.03356106781086713
    }, {
        "stage": 74,
        "start": [-77.216226, 38.920641],
        "end": [-77.216052, 38.921159],
        "km": 0.023167377522107797
    }, {
        "stage": 75,
        "start": [-77.216052, 38.921159],
        "end": [-77.215934, 38.921511],
        "km": 0.015720999039072606
    }, {
        "stage": 76,
        "start": [-77.215934, 38.921511],
        "end": [-77.215665, 38.922194],
        "km": 0.03430744591911529
    }, {
        "stage": 77,
        "start": [-77.215665, 38.922194],
        "end": [-77.215608, 38.92232],
        "km": 0.0070549565706786955
    }, {
        "stage": 78,
        "start": [-77.215608, 38.92232],
        "end": [-77.215399, 38.922786],
        "km": 0.025913307436931963
    }, {
        "stage": 79,
        "start": [-77.215399, 38.922786],
        "end": [-77.215147, 38.923322],
        "km": 0.0309683773571159
    }, {
        "stage": 80,
        "start": [-77.215147, 38.923322],
        "end": [-77.214973, 38.923712],
        "km": 0.02159606311200425
    }, {
        "stage": 81,
        "start": [-77.214973, 38.923712],
        "end": [-77.214728, 38.924191],
        "km": 0.02968175942194512
    }, {
        "stage": 82,
        "start": [-77.214728, 38.924191],
        "end": [-77.214329, 38.924874],
        "km": 0.04744124674004231
    }, {
        "stage": 83,
        "start": [-77.214329, 38.924874],
        "end": [-77.214102, 38.925297],
        "km": 0.027302117714595557
    }, {
        "stage": 84,
        "start": [-77.214102, 38.925297],
        "end": [-77.213921, 38.925609],
        "km": 0.021540073534050786
    }, {
        "stage": 85,
        "start": [-77.213921, 38.925609],
        "end": [-77.21368, 38.925991],
        "km": 0.028397461381041596
    }, {
        "stage": 86,
        "start": [-77.21368, 38.925991],
        "end": [-77.213214, 38.926721],
        "km": 0.054840062426084336
    }, {
        "stage": 87,
        "start": [-77.213214, 38.926721],
        "end": [-77.21266, 38.927537],
        "km": 0.06478971938533491
    }, {
        "stage": 88,
        "start": [-77.21266, 38.927537],
        "end": [-77.212233, 38.928171],
        "km": 0.04997613861269727
    }, {
        "stage": 89,
        "start": [-77.212233, 38.928171],
        "end": [-77.211902, 38.928664],
        "km": 0.03875220790937345
    }, {
        "stage": 90,
        "start": [-77.211902, 38.928664],
        "end": [-77.211461, 38.929343],
        "km": 0.05180417892067749
    }, {
        "stage": 91,
        "start": [-77.211461, 38.929343],
        "end": [-77.211234, 38.929696],
        "km": 0.02669360316496138
    }, {
        "stage": 92,
        "start": [-77.211234, 38.929696],
        "end": [-77.210679, 38.930667],
        "km": 0.06617652479534931
    }, {
        "stage": 93,
        "start": [-77.210679, 38.930667],
        "end": [-77.210607, 38.9308],
        "km": 0.008649122136996422
    }, {
        "stage": 94,
        "start": [-77.210607, 38.9308],
        "end": [-77.210178, 38.931575],
        "km": 0.051373315341295
    }, {
        "stage": 95,
        "start": [-77.210178, 38.931575],
        "end": [-77.210078, 38.93176],
        "km": 0.012015020709985646
    }, {
        "stage": 96,
        "start": [-77.210078, 38.93176],
        "end": [-77.210024, 38.931856],
        "km": 0.006451798632776909
    }, {
        "stage": 97,
        "start": [-77.210024, 38.931856],
        "end": [-77.209911, 38.932055],
        "km": 0.01348551088722877
    }, {
        "stage": 98,
        "start": [-77.209911, 38.932055],
        "end": [-77.209574, 38.932649],
        "km": 0.04022263336118296
    }, {
        "stage": 99,
        "start": [-77.209574, 38.932649],
        "end": [-77.209367, 38.933023],
        "km": 0.024789102273737065
    }, {
        "stage": 100,
        "start": [-77.209367, 38.933023],
        "end": [-77.208033, 38.935492],
        "km": 0.16029699689589363
    }, {
        "stage": 101,
        "start": [-77.208033, 38.935492],
        "end": [-77.207892, 38.935737],
        "km": 0.016798179867704505
    }, {
        "stage": 102,
        "start": [-77.207892, 38.935737],
        "end": [-77.207565, 38.936305],
        "km": 0.03895527378929077
    }, {
        "stage": 103,
        "start": [-77.207565, 38.936305],
        "end": [-77.207031, 38.937245],
        "km": 0.06372603143479541
    }, {
        "stage": 104,
        "start": [-77.207031, 38.937245],
        "end": [-77.206552, 38.938108],
        "km": 0.05734169746800396
    }, {
        "stage": 105,
        "start": [-77.206552, 38.938108],
        "end": [-77.205386, 38.940205],
        "km": 0.13955062787596514
    }, {
        "stage": 106,
        "start": [-77.205386, 38.940205],
        "end": [-77.204879, 38.941159],
        "km": 0.06107189837257107
    }, {
        "stage": 107,
        "start": [-77.204879, 38.941159],
        "end": [-77.204522, 38.941838],
        "km": 0.043072406422070345
    }, {
        "stage": 108,
        "start": [-77.204522, 38.941838],
        "end": [-77.204212, 38.942436],
        "km": 0.03748261487095909
    }, {
        "stage": 109,
        "start": [-77.204212, 38.942436],
        "end": [-77.203876, 38.943061],
        "km": 0.040405935925500104
    }, {
        "stage": 110,
        "start": [-77.203876, 38.943061],
        "end": [-77.203288, 38.944176],
        "km": 0.07091179425306449
    }, {
        "stage": 111,
        "start": [-77.203288, 38.944176],
        "end": [-77.202491, 38.945576],
        "km": 0.0950895591873658
    }, {
        "stage": 112,
        "start": [-77.202491, 38.945576],
        "end": [-77.202202, 38.946035],
        "km": 0.03406439498788653
    }, {
        "stage": 113,
        "start": [-77.202202, 38.946035],
        "end": [-77.202143, 38.946129],
        "km": 0.006957198573179412
    }, {
        "stage": 114,
        "start": [-77.202143, 38.946129],
        "end": [-77.20197, 38.946381],
        "km": 0.020212444628395814
    }, {
        "stage": 115,
        "start": [-77.20197, 38.946381],
        "end": [-77.201896, 38.946497],
        "km": 0.008709862194209644
    }, {
        "stage": 116,
        "start": [-77.201896, 38.946497],
        "end": [-77.20164, 38.94683],
        "km": 0.0296226473364724
    }, {
        "stage": 117,
        "start": [-77.20164, 38.94683],
        "end": [-77.20156, 38.946919],
        "km": 0.00916118439209503
    }, {
        "stage": 118,
        "start": [-77.20156, 38.946919],
        "end": [-77.201376, 38.947148],
        "km": 0.021222061536448015
    }, {
        "stage": 119,
        "start": [-77.201376, 38.947148],
        "end": [-77.201107, 38.947469],
        "km": 0.03093737017662431
    }, {
        "stage": 120,
        "start": [-77.201107, 38.947469],
        "end": [-77.201042, 38.94754],
        "km": 0.0074361732323974415
    }, {
        "stage": 121,
        "start": [-77.201042, 38.94754],
        "end": [-77.200821, 38.947781],
        "km": 0.025279930558462126
    }, {
        "stage": 122,
        "start": [-77.200821, 38.947781],
        "end": [-77.200656, 38.947952],
        "km": 0.018823353975907394
    }, {
        "stage": 123,
        "start": [-77.200656, 38.947952],
        "end": [-77.200335, 38.948273],
        "km": 0.036557206822428634
    }, {
        "stage": 124,
        "start": [-77.200335, 38.948273],
        "end": [-77.200242, 38.948355],
        "km": 0.010536028164833077
    }, {
        "stage": 125,
        "start": [-77.200242, 38.948355],
        "end": [-77.200026, 38.94856],
        "km": 0.02454230206870145
    }, {
        "stage": 126,
        "start": [-77.200026, 38.94856],
        "end": [-77.199644, 38.948901],
        "km": 0.04329715586625736
    }, {
        "stage": 127,
        "start": [-77.199644, 38.948901],
        "end": [-77.199442, 38.94907],
        "km": 0.022843024498669783
    }, {
        "stage": 128,
        "start": [-77.199442, 38.94907],
        "end": [-77.198734, 38.949622],
        "km": 0.07988820035621498
    }, {
        "stage": 129,
        "start": [-77.198734, 38.949622],
        "end": [-77.198576, 38.94975],
        "km": 0.017848744582645126
    }, {
        "stage": 130,
        "start": [-77.198576, 38.94975],
        "end": [-77.19824, 38.950039],
        "km": 0.03803217003212354
    }, {
        "stage": 131,
        "start": [-77.19824, 38.950039],
        "end": [-77.198016, 38.950198],
        "km": 0.02521264412953712
    }, {
        "stage": 132,
        "start": [-77.198016, 38.950198],
        "end": [-77.197953, 38.950251],
        "km": 0.007125498358289823
    }, {
        "stage": 133,
        "start": [-77.197953, 38.950251],
        "end": [-77.197801, 38.950362],
        "km": 0.01712072501387317
    }, {
        "stage": 134,
        "start": [-77.197801, 38.950362],
        "end": [-77.197338, 38.950718],
        "km": 0.052222688269444574
    }, {
        "stage": 135,
        "start": [-77.197338, 38.950718],
        "end": [-77.196586, 38.951326],
        "km": 0.08494603128746785
    }, {
        "stage": 136,
        "start": [-77.196586, 38.951326],
        "end": [-77.196438, 38.951457],
        "km": 0.016769991153531835
    }, {
        "stage": 137,
        "start": [-77.196438, 38.951457],
        "end": [-77.19599, 38.951834],
        "km": 0.0506717617966914
    }, {
        "stage": 138,
        "start": [-77.19599, 38.951834],
        "end": [-77.19575, 38.952074],
        "km": 0.027332797782364325
    }, {
        "stage": 139,
        "start": [-77.19575, 38.952074],
        "end": [-77.195569, 38.952283],
        "km": 0.020773785273080502
    }, {
        "stage": 140,
        "start": [-77.195569, 38.952283],
        "end": [-77.195373, 38.952483],
        "km": 0.022343636943596076
    }, {
        "stage": 141,
        "start": [-77.195373, 38.952483],
        "end": [-77.195308, 38.95256],
        "km": 0.007472441566071144
    }, {
        "stage": 142,
        "start": [-77.195308, 38.95256],
        "end": [-77.19514, 38.952735],
        "km": 0.01917083737814655
    }, {
        "stage": 143,
        "start": [-77.19514, 38.952735],
        "end": [-77.194876, 38.953042],
        "km": 0.030313390518531828
    }, {
        "stage": 144,
        "start": [-77.194876, 38.953042],
        "end": [-77.194558, 38.953434],
        "km": 0.03665432737426626
    }, {
        "stage": 145,
        "start": [-77.194558, 38.953434],
        "end": [-77.194443, 38.953594],
        "km": 0.013380856052051455
    }, {
        "stage": 146,
        "start": [-77.194443, 38.953594],
        "end": [-77.194336, 38.953733],
        "km": 0.012380364937425035
    }, {
        "stage": 147,
        "start": [-77.194336, 38.953733],
        "end": [-77.194017, 38.954202],
        "km": 0.03730524070130549
    }, {
        "stage": 148,
        "start": [-77.194017, 38.954202],
        "end": [-77.193658, 38.954779],
        "km": 0.04237453039117664
    }, {
        "stage": 149,
        "start": [-77.193658, 38.954779],
        "end": [-77.1934, 38.95524],
        "km": 0.030855116166592273
    }, {
        "stage": 150,
        "start": [-77.1934, 38.95524],
        "end": [-77.193164, 38.955711],
        "km": 0.02869390275254426
    }, {
        "stage": 151,
        "start": [-77.193164, 38.955711],
        "end": [-77.193016, 38.956037],
        "km": 0.01831277521195395
    }, {
        "stage": 152,
        "start": [-77.193016, 38.956037],
        "end": [-77.192788, 38.956576],
        "km": 0.02862110360528924
    }, {
        "stage": 153,
        "start": [-77.192788, 38.956576],
        "end": [-77.192631, 38.956922],
        "km": 0.01942858927241055
    }, {
        "stage": 154,
        "start": [-77.192631, 38.956922],
        "end": [-77.192504, 38.957237],
        "km": 0.01611475365114202
    }, {
        "stage": 155,
        "start": [-77.192504, 38.957237],
        "end": [-77.192453, 38.957386],
        "km": 0.006756107447666878
    }, {
        "stage": 156,
        "start": [-77.192453, 38.957386],
        "end": [-77.192302, 38.957776],
        "km": 0.019346780408328865
    }, {
        "stage": 157,
        "start": [-77.192302, 38.957776],
        "end": [-77.192152, 38.958121],
        "km": 0.018721100649476435
    }, {
        "stage": 158,
        "start": [-77.192152, 38.958121],
        "end": [-77.191996, 38.958444],
        "km": 0.01908532699619761
    }, {
        "stage": 159,
        "start": [-77.191996, 38.958444],
        "end": [-77.191896, 38.95864],
        "km": 0.012122918190863939
    }, {
        "stage": 160,
        "start": [-77.191896, 38.95864],
        "end": [-77.191794, 38.958804],
        "km": 0.012039746855275656
    }, {
        "stage": 161,
        "start": [-77.191794, 38.958804],
        "end": [-77.191693, 38.958938],
        "km": 0.011705771310311247
    }, {
        "stage": 162,
        "start": [-77.191693, 38.958938],
        "end": [-77.191452, 38.959225],
        "km": 0.027714896311891286
    }, {
        "stage": 163,
        "start": [-77.191452, 38.959225],
        "end": [-77.191267, 38.959424],
        "km": 0.02114697886378228
    }, {
        "stage": 164,
        "start": [-77.191267, 38.959424],
        "end": [-77.191076, 38.959619],
        "km": 0.021774345081959412
    }, {
        "stage": 165,
        "start": [-77.191076, 38.959619],
        "end": [-77.190956, 38.95975],
        "km": 0.0137279158435021
    }, {
        "stage": 166,
        "start": [-77.190956, 38.95975],
        "end": [-77.190474, 38.96017],
        "km": 0.05458434457344064
    }, {
        "stage": 167,
        "start": [-77.190474, 38.96017],
        "end": [-77.190361, 38.960251],
        "km": 0.012722488865650012
    }, {
        "stage": 168,
        "start": [-77.190361, 38.960251],
        "end": [-77.190243, 38.960346],
        "km": 0.013327882398948387
    }, {
        "stage": 169,
        "start": [-77.190243, 38.960346],
        "end": [-77.190124, 38.960418],
        "km": 0.013350514700247942
    }, {
        "stage": 170,
        "start": [-77.190124, 38.960418],
        "end": [-77.189834, 38.960607],
        "km": 0.03257991692480081
    }, {
        "stage": 171,
        "start": [-77.189834, 38.960607],
        "end": [-77.189697, 38.960683],
        "km": 0.015347982926569397
    }, {
        "stage": 172,
        "start": [-77.189697, 38.960683],
        "end": [-77.189254, 38.960907],
        "km": 0.04956566081213275
    }, {
        "stage": 173,
        "start": [-77.189254, 38.960907],
        "end": [-77.189142, 38.960951],
        "km": 0.012500614707273712
    }, {
        "stage": 174,
        "start": [-77.189142, 38.960951],
        "end": [-77.188552, 38.96123],
        "km": 0.06596155776628758
    }, {
        "stage": 175,
        "start": [-77.188552, 38.96123],
        "end": [-77.188338, 38.961322],
        "km": 0.023902193141982525
    }, {
        "stage": 176,
        "start": [-77.188338, 38.961322],
        "end": [-77.188173, 38.961384],
        "km": 0.018409709780069113
    }, {
        "stage": 177,
        "start": [-77.188173, 38.961384],
        "end": [-77.187795, 38.96154],
        "km": 0.04220533163277575
    }, {
        "stage": 178,
        "start": [-77.187795, 38.96154],
        "end": [-77.187648, 38.961607],
        "km": 0.01642795423511193
    }, {
        "stage": 179,
        "start": [-77.187648, 38.961607],
        "end": [-77.187199, 38.96179],
        "km": 0.05012765068720005
    }, {
        "stage": 180,
        "start": [-77.187199, 38.96179],
        "end": [-77.186058, 38.962303],
        "km": 0.12749642423943425
    }, {
        "stage": 181,
        "start": [-77.186058, 38.962303],
        "end": [-77.184733, 38.962711],
        "km": 0.14766941239034934
    }, {
        "stage": 182,
        "start": [-77.184733, 38.962711],
        "end": [-77.184358, 38.962809],
        "km": 0.04176606927122899
    }, {
        "stage": 183,
        "start": [-77.184358, 38.962809],
        "end": [-77.18399, 38.9629],
        "km": 0.0409791895032562
    }, {
        "stage": 184,
        "start": [-77.18399, 38.9629],
        "end": [-77.18352, 38.962991],
        "km": 0.05230726324958418
    }, {
        "stage": 185,
        "start": [-77.18352, 38.962991],
        "end": [-77.183036, 38.963068],
        "km": 0.053849242481681645
    }, {
        "stage": 186,
        "start": [-77.183036, 38.963068],
        "end": [-77.182559, 38.963122],
        "km": 0.053054134683315254
    }, {
        "stage": 187,
        "start": [-77.182559, 38.963122],
        "end": [-77.182148, 38.963154],
        "km": 0.04570577033279766
    }, {
        "stage": 188,
        "start": [-77.182148, 38.963154],
        "end": [-77.181702, 38.963172],
        "km": 0.04959256231986433
    }, {
        "stage": 189,
        "start": [-77.181702, 38.963172],
        "end": [-77.181273, 38.963175],
        "km": 0.04770040142750404
    }, {
        "stage": 190,
        "start": [-77.181273, 38.963175],
        "end": [-77.180842, 38.963166],
        "km": 0.047923191615547596
    }, {
        "stage": 191,
        "start": [-77.180842, 38.963166],
        "end": [-77.180426, 38.96315],
        "km": 0.0462565022754471
    }, {
        "stage": 192,
        "start": [-77.180426, 38.96315],
        "end": [-77.180182, 38.963152],
        "km": 0.027130266088681652
    }, {
        "stage": 193,
        "start": [-77.180182, 38.963152],
        "end": [-77.179919, 38.963163],
        "km": 0.029244212381882545
    }, {
        "stage": 194,
        "start": [-77.179919, 38.963163],
        "end": [-77.179661, 38.96319],
        "km": 0.028694687912407715
    }, {
        "stage": 195,
        "start": [-77.179661, 38.96319],
        "end": [-77.179371, 38.963237],
        "km": 0.032265836736185646
    }, {
        "stage": 196,
        "start": [-77.179371, 38.963237],
        "end": [-77.179042, 38.963306],
        "km": 0.03662112119374987
    }, {
        "stage": 197,
        "start": [-77.179042, 38.963306],
        "end": [-77.178545, 38.963436],
        "km": 0.055354222130056745
    }, {
        "stage": 198,
        "start": [-77.178545, 38.963436],
        "end": [-77.176479, 38.963943],
        "km": 0.23005811812996488
    }, {
        "stage": 199,
        "start": [-77.176479, 38.963943],
        "end": [-77.176213, 38.964003],
        "km": 0.02961336712974882
    }, {
        "stage": 200,
        "start": [-77.176213, 38.964003],
        "end": [-77.17568, 38.964097],
        "km": 0.05930945065420248
    }, {
        "stage": 201,
        "start": [-77.17568, 38.964097],
        "end": [-77.175329, 38.964146],
        "km": 0.03904619926335299
    }, {
        "stage": 202,
        "start": [-77.175329, 38.964146],
        "end": [-77.174662, 38.964198],
        "km": 0.07417450158193181
    }, {
        "stage": 203,
        "start": [-77.174662, 38.964198],
        "end": [-77.174286, 38.964209],
        "km": 0.04180812315057835
    }, {
        "stage": 204,
        "start": [-77.174286, 38.964209],
        "end": [-77.174148, 38.964207],
        "km": 0.01534387220045308
    }, {
        "stage": 205,
        "start": [-77.174148, 38.964207],
        "end": [-77.174018, 38.964205],
        "km": 0.014454431226103808
    }, {
        "stage": 206,
        "start": [-77.174018, 38.964205],
        "end": [-77.173793, 38.964202],
        "km": 0.025017804896729536
    }, {
        "stage": 207,
        "start": [-77.173793, 38.964202],
        "end": [-77.173546, 38.964191],
        "km": 0.0274653487244364
    }, {
        "stage": 208,
        "start": [-77.173546, 38.964191],
        "end": [-77.172823, 38.964124],
        "km": 0.08040711332092407
    }, {
        "stage": 209,
        "start": [-77.172823, 38.964124],
        "end": [-77.170188, 38.963686],
        "km": 0.2931840135317486
    }, {
        "stage": 210,
        "start": [-77.170188, 38.963686],
        "end": [-77.16988, 38.963645],
        "km": 0.034261314749855755
    }, {
        "stage": 211,
        "start": [-77.16988, 38.963645],
        "end": [-77.169774, 38.963636],
        "km": 0.011788241104751337
    }, {
        "stage": 212,
        "start": [-77.169774, 38.963636],
        "end": [-77.169302, 38.963596],
        "km": 0.05249085705865269
    }, {
        "stage": 213,
        "start": [-77.169302, 38.963596],
        "end": [-77.168913, 38.96358],
        "km": 0.0432545704183236
    }, {
        "stage": 214,
        "start": [-77.168913, 38.96358],
        "end": [-77.168429, 38.96358],
        "km": 0.053815761431109395
    }, {
        "stage": 215,
        "start": [-77.168429, 38.96358],
        "end": [-77.167803, 38.963617],
        "km": 0.06961064048939014
    }, {
        "stage": 216,
        "start": [-77.167803, 38.963617],
        "end": [-77.167043, 38.96371],
        "km": 0.08453526920560156
    }, {
        "stage": 217,
        "start": [-77.167043, 38.96371],
        "end": [-77.166365, 38.963808],
        "km": 0.07542537780700209
    }, {
        "stage": 218,
        "start": [-77.166365, 38.963808],
        "end": [-77.162849, 38.964327],
        "km": 0.39115269555732257
    }, {
        "stage": 219,
        "start": [-77.162849, 38.964327],
        "end": [-77.162531, 38.964363],
        "km": 0.03536943727725781
    }, {
        "stage": 220,
        "start": [-77.162531, 38.964363],
        "end": [-77.162152, 38.964389],
        "km": 0.04214560947072655
    }, {
        "stage": 221,
        "start": [-77.162152, 38.964389],
        "end": [-77.161811, 38.964398],
        "km": 0.03791636055842776
    }, {
        "stage": 222,
        "start": [-77.161811, 38.964398],
        "end": [-77.16149, 38.964395],
        "km": 0.03569193482553198
    }, {
        "stage": 223,
        "start": [-77.16149, 38.964395],
        "end": [-77.161139, 38.964377],
        "km": 0.039030155401340305
    }, {
        "stage": 224,
        "start": [-77.161139, 38.964377],
        "end": [-77.16081, 38.964347],
        "km": 0.03658899323986881
    }, {
        "stage": 225,
        "start": [-77.16081, 38.964347],
        "end": [-77.160503, 38.964308],
        "km": 0.034148947067165814
    }, {
        "stage": 226,
        "start": [-77.160503, 38.964308],
        "end": [-77.160169, 38.964252],
        "km": 0.03716304707030713
    }, {
        "stage": 227,
        "start": [-77.160169, 38.964252],
        "end": [-77.159774, 38.964168],
        "km": 0.04396881550480087
    }, {
        "stage": 228,
        "start": [-77.159774, 38.964168],
        "end": [-77.159433, 38.964078],
        "km": 0.03798083502337254
    }, {
        "stage": 229,
        "start": [-77.159433, 38.964078],
        "end": [-77.15908, 38.963968],
        "km": 0.03934394936763391
    }, {
        "stage": 230,
        "start": [-77.15908, 38.963968],
        "end": [-77.15877, 38.963856],
        "km": 0.03457968322626729
    }, {
        "stage": 231,
        "start": [-77.15877, 38.963856],
        "end": [-77.158045, 38.96355],
        "km": 0.08096634161450872
    }, {
        "stage": 232,
        "start": [-77.158045, 38.96355],
        "end": [-77.156801, 38.963023],
        "km": 0.13893169983783202
    }, {
        "stage": 233,
        "start": [-77.156801, 38.963023],
        "end": [-77.15504, 38.962258],
        "km": 0.19671573838001585
    }, {
        "stage": 234,
        "start": [-77.15504, 38.962258],
        "end": [-77.153917, 38.961785],
        "km": 0.12541215421956559
    }, {
        "stage": 235,
        "start": [-77.153917, 38.961785],
        "end": [-77.153618, 38.961673],
        "km": 0.03336082524712634
    }, {
        "stage": 236,
        "start": [-77.153618, 38.961673],
        "end": [-77.153366, 38.961589],
        "km": 0.028096449313224837
    }, {
        "stage": 237,
        "start": [-77.153366, 38.961589],
        "end": [-77.153192, 38.961538],
        "km": 0.0193879604003532
    }, {
        "stage": 238,
        "start": [-77.153192, 38.961538],
        "end": [-77.152866, 38.961457],
        "km": 0.03630303061805579
    }, {
        "stage": 239,
        "start": [-77.152866, 38.961457],
        "end": [-77.152526, 38.961361],
        "km": 0.03787890794706247
    }, {
        "stage": 240,
        "start": [-77.152526, 38.961361],
        "end": [-77.151798, 38.961185],
        "km": 0.08106289554988103
    }, {
        "stage": 241,
        "start": [-77.151798, 38.961185],
        "end": [-77.151277, 38.961078],
        "km": 0.05799009007341666
    }, {
        "stage": 242,
        "start": [-77.151277, 38.961078],
        "end": [-77.150726, 38.960981],
        "km": 0.06131231882901524
    }, {
        "stage": 243,
        "start": [-77.150726, 38.960981],
        "end": [-77.14994, 38.960842],
        "km": 0.08746253157713943
    }, {
        "stage": 244,
        "start": [-77.14994, 38.960842],
        "end": [-77.149062, 38.960681],
        "km": 0.09770558379897988
    }, {
        "stage": 245,
        "start": [-77.149062, 38.960681],
        "end": [-77.148992, 38.960665],
        "km": 0.007792997756593127
    }, {
        "stage": 246,
        "start": [-77.148992, 38.960665],
        "end": [-77.148814, 38.960624],
        "km": 0.019817571601433256
    }, {
        "stage": 247,
        "start": [-77.148814, 38.960624],
        "end": [-77.148539, 38.960554],
        "km": 0.030626013160446382
    }, {
        "stage": 248,
        "start": [-77.148539, 38.960554],
        "end": [-77.148101, 38.960435],
        "km": 0.048789870382734385
    }, {
        "stage": 249,
        "start": [-77.148101, 38.960435],
        "end": [-77.147729, 38.960313],
        "km": 0.04147245377983014
    }, {
        "stage": 250,
        "start": [-77.147729, 38.960313],
        "end": [-77.147177, 38.960112],
        "km": 0.06157763628415402
    }, {
        "stage": 251,
        "start": [-77.147177, 38.960112],
        "end": [-77.146874, 38.959987],
        "km": 0.033831985867570254
    }, {
        "stage": 252,
        "start": [-77.146874, 38.959987],
        "end": [-77.146543, 38.959839],
        "km": 0.03698535861937237
    }, {
        "stage": 253,
        "start": [-77.146543, 38.959839],
        "end": [-77.14614, 38.959646],
        "km": 0.04506290885407462
    }, {
        "stage": 254,
        "start": [-77.14614, 38.959646],
        "end": [-77.145771, 38.959466],
        "km": 0.04126987270903805
    }, {
        "stage": 255,
        "start": [-77.145771, 38.959466],
        "end": [-77.145027, 38.95902],
        "km": 0.08345755688787546
    }, {
        "stage": 256,
        "start": [-77.145027, 38.95902],
        "end": [-77.144723, 38.958822],
        "km": 0.03415475233279528
    }, {
        "stage": 257,
        "start": [-77.144723, 38.958822],
        "end": [-77.144173, 38.958444],
        "km": 0.06186512693310356
    }, {
        "stage": 258,
        "start": [-77.144173, 38.958444],
        "end": [-77.143305, 38.957829],
        "km": 0.09770456921219307
    }, {
        "stage": 259,
        "start": [-77.143305, 38.957829],
        "end": [-77.142492, 38.957237],
        "km": 0.09157612870330575
    }, {
        "stage": 260,
        "start": [-77.142492, 38.957237],
        "end": [-77.141925, 38.956814],
        "km": 0.06390735088234371
    }, {
        "stage": 261,
        "start": [-77.141925, 38.956814],
        "end": [-77.141214, 38.956276],
        "km": 0.08016876307406132
    }, {
        "stage": 262,
        "start": [-77.141214, 38.956276],
        "end": [-77.140488, 38.955701],
        "km": 0.08196805459396131
    }, {
        "stage": 263,
        "start": [-77.140488, 38.955701],
        "end": [-77.140007, 38.955315],
        "km": 0.0543285012870243
    }, {
        "stage": 264,
        "start": [-77.140007, 38.955315],
        "end": [-77.139635, 38.954998],
        "km": 0.042099932784279946
    }, {
        "stage": 265,
        "start": [-77.139635, 38.954998],
        "end": [-77.139428, 38.954808],
        "km": 0.023491471959333453
    }, {
        "stage": 266,
        "start": [-77.139428, 38.954808],
        "end": [-77.139245, 38.954618],
        "km": 0.02088389769572508
    }, {
        "stage": 267,
        "start": [-77.139245, 38.954618],
        "end": [-77.139114, 38.954474],
        "km": 0.014995149539601548
    }, {
        "stage": 268,
        "start": [-77.139114, 38.954474],
        "end": [-77.138971, 38.954304],
        "km": 0.016447416856354032
    }, {
        "stage": 269,
        "start": [-77.138971, 38.954304],
        "end": [-77.138858, 38.954154],
        "km": 0.01310147263052625
    }, {
        "stage": 270,
        "start": [-77.138858, 38.954154],
        "end": [-77.138674, 38.95389],
        "km": 0.021476805886455477
    }, {
        "stage": 271,
        "start": [-77.138674, 38.95389],
        "end": [-77.138457, 38.953541],
        "km": 0.025627605230983893
    }, {
        "stage": 272,
        "start": [-77.138457, 38.953541],
        "end": [-77.138322, 38.9533],
        "km": 0.016152178561409977
    }, {
        "stage": 273,
        "start": [-77.138322, 38.9533],
        "end": [-77.138187, 38.953035],
        "km": 0.016380709485592396
    }, {
        "stage": 274,
        "start": [-77.138187, 38.953035],
        "end": [-77.138052, 38.95273],
        "km": 0.016801934789725317
    }, {
        "stage": 275,
        "start": [-77.138052, 38.95273],
        "end": [-77.137914, 38.952371],
        "km": 0.01773147482835949
    }, {
        "stage": 276,
        "start": [-77.137914, 38.952371],
        "end": [-77.137763, 38.951894],
        "km": 0.020525244571241927
    }, {
        "stage": 277,
        "start": [-77.137763, 38.951894],
        "end": [-77.137715, 38.9517],
        "km": 0.007179675856455357
    }, {
        "stage": 278,
        "start": [-77.137715, 38.9517],
        "end": [-77.137627, 38.951242],
        "km": 0.014975003044863608
    }, {
        "stage": 279,
        "start": [-77.137627, 38.951242],
        "end": [-77.137601, 38.951047],
        "km": 0.0056265981351102485
    }, {
        "stage": 280,
        "start": [-77.137601, 38.951047],
        "end": [-77.137559, 38.950613],
        "km": 0.011713852085669732
    }, {
        "stage": 281,
        "start": [-77.137559, 38.950613],
        "end": [-77.137302, 38.946452],
        "km": 0.10688492049556701
    }, {
        "stage": 282,
        "start": [-77.137302, 38.946452],
        "end": [-77.137263, 38.945953],
        "km": 0.013090462409447667
    }, {
        "stage": 283,
        "start": [-77.137263, 38.945953],
        "end": [-77.137219, 38.945633],
        "km": 0.009309989890681608
    }, {
        "stage": 284,
        "start": [-77.137219, 38.945633],
        "end": [-77.137132, 38.945248],
        "km": 0.0135794088157529
    }, {
        "stage": 285,
        "start": [-77.137132, 38.945248],
        "end": [-77.137037, 38.94494],
        "km": 0.013026973050957878
    }, {
        "stage": 286,
        "start": [-77.137037, 38.94494],
        "end": [-77.136875, 38.944556],
        "km": 0.020366790349964487
    }, {
        "stage": 287,
        "start": [-77.136875, 38.944556],
        "end": [-77.136807, 38.944415],
        "km": 0.008326891657409246
    }, {
        "stage": 288,
        "start": [-77.136807, 38.944415],
        "end": [-77.136633, 38.944107],
        "km": 0.020794814339191815
    }, {
        "stage": 289,
        "start": [-77.136633, 38.944107],
        "end": [-77.136467, 38.943854],
        "km": 0.019490876507868578
    }, {
        "stage": 290,
        "start": [-77.136467, 38.943854],
        "end": [-77.136385, 38.943738],
        "km": 0.009558822222495135
    }, {
        "stage": 291,
        "start": [-77.136385, 38.943738],
        "end": [-77.136163, 38.943461],
        "km": 0.025618812573869394
    }, {
        "stage": 292,
        "start": [-77.136163, 38.943461],
        "end": [-77.135831, 38.943073],
        "km": 0.03814396609630873
    }, {
        "stage": 293,
        "start": [-77.135831, 38.943073],
        "end": [-77.134312, 38.941348],
        "km": 0.17421232356970487
    }, {
        "stage": 294,
        "start": [-77.134312, 38.941348],
        "end": [-77.134193, 38.941216],
        "km": 0.013629421564001133
    }, {
        "stage": 295,
        "start": [-77.134193, 38.941216],
        "end": [-77.133913, 38.940833],
        "km": 0.03254532264283761
    }, {
        "stage": 296,
        "start": [-77.133913, 38.940833],
        "end": [-77.133801, 38.940665],
        "km": 0.01312964417887239
    }, {
        "stage": 297,
        "start": [-77.133801, 38.940665],
        "end": [-77.133705, 38.940487],
        "km": 0.011548431645330412
    }, {
        "stage": 298,
        "start": [-77.133705, 38.940487],
        "end": [-77.133629, 38.940307],
        "km": 0.009553635538455722
    }, {
        "stage": 299,
        "start": [-77.133629, 38.940307],
        "end": [-77.133558, 38.94013],
        "km": 0.00902940469066581
    }, {
        "stage": 300,
        "start": [-77.133558, 38.94013],
        "end": [-77.133514, 38.93994],
        "km": 0.006787381269216913
    }, {
        "stage": 301,
        "start": [-77.133514, 38.93994],
        "end": [-77.133495, 38.939767],
        "km": 0.004775874386623436
    }, {
        "stage": 302,
        "start": [-77.133495, 38.939767],
        "end": [-77.133487, 38.939687],
        "km": 0.002173063746758845
    }, {
        "stage": 303,
        "start": [-77.133487, 38.939687],
        "end": [-77.133488, 38.939505],
        "km": 0.004507960439338171
    }, {
        "stage": 304,
        "start": [-77.133488, 38.939505],
        "end": [-77.133508, 38.939351],
        "km": 0.004414023772890976
    }, {
        "stage": 305,
        "start": [-77.133508, 38.939351],
        "end": [-77.13353, 38.939189],
        "km": 0.0046978723887986865
    }, {
        "stage": 306,
        "start": [-77.13353, 38.939189],
        "end": [-77.133615, 38.938901],
        "km": 0.011839350294100827
    }, {
        "stage": 307,
        "start": [-77.133615, 38.938901],
        "end": [-77.133737, 38.938577],
        "km": 0.015759644972930087
    }, {
        "stage": 308,
        "start": [-77.133737, 38.938577],
        "end": [-77.133838, 38.938363],
        "km": 0.012417433069327717
    }, {
        "stage": 309,
        "start": [-77.133838, 38.938363],
        "end": [-77.133989, 38.938039],
        "km": 0.018607391842793346
    }, {
        "stage": 310,
        "start": [-77.133989, 38.938039],
        "end": [-77.134132, 38.93772],
        "km": 0.017753569499740777
    }, {
        "stage": 311,
        "start": [-77.134132, 38.93772],
        "end": [-77.134241, 38.937453],
        "km": 0.013805487327145139
    }, {
        "stage": 312,
        "start": [-77.134241, 38.937453],
        "end": [-77.134308, 38.937246],
        "km": 0.009042370098678292
    }, {
        "stage": 313,
        "start": [-77.134308, 38.937246],
        "end": [-77.134395, 38.936904],
        "km": 0.012856018499588825
    }, {
        "stage": 314,
        "start": [-77.134395, 38.936904],
        "end": [-77.134421, 38.936756],
        "km": 0.004667078956496371
    }, {
        "stage": 315,
        "start": [-77.134421, 38.936756],
        "end": [-77.134429, 38.93667],
        "km": 0.0023058594330993653
    }, {
        "stage": 316,
        "start": [-77.134429, 38.93667],
        "end": [-77.134428, 38.936564],
        "km": 0.0026273698253529683
    }, {
        "stage": 317,
        "start": [-77.134428, 38.936564],
        "end": [-77.134419, 38.936417],
        "km": 0.0037734219074004307
    }, {
        "stage": 318,
        "start": [-77.134419, 38.936417],
        "end": [-77.134403, 38.936309],
        "km": 0.003210848654289504
    }, {
        "stage": 319,
        "start": [-77.134403, 38.936309],
        "end": [-77.134386, 38.936199],
        "km": 0.003315787869347048
    }, {
        "stage": 320,
        "start": [-77.134386, 38.936199],
        "end": [-77.134339, 38.935994],
        "km": 0.007285585687926392
    }, {
        "stage": 321,
        "start": [-77.134339, 38.935994],
        "end": [-77.134272, 38.935785],
        "km": 0.009070729413161251
    }, {
        "stage": 322,
        "start": [-77.134272, 38.935785],
        "end": [-77.134237, 38.935694],
        "km": 0.004496951972504861
    }, {
        "stage": 323,
        "start": [-77.134237, 38.935694],
        "end": [-77.134145, 38.935497],
        "km": 0.011332995853548232
    }, {
        "stage": 324,
        "start": [-77.134145, 38.935497],
        "end": [-77.134095, 38.935407],
        "km": 0.005990422457839777
    }, {
        "stage": 325,
        "start": [-77.134095, 38.935407],
        "end": [-77.134001, 38.935255],
        "km": 0.011108923723142192
    }, {
        "stage": 326,
        "start": [-77.134001, 38.935255],
        "end": [-77.133872, 38.935078],
        "km": 0.014998154158130036
    }, {
        "stage": 327,
        "start": [-77.133872, 38.935078],
        "end": [-77.133755, 38.934939],
        "km": 0.013456744975653965
    }, {
        "stage": 328,
        "start": [-77.133755, 38.934939],
        "end": [-77.133629, 38.934804],
        "km": 0.014402903452978646
    }, {
        "stage": 329,
        "start": [-77.133629, 38.934804],
        "end": [-77.133429, 38.934621],
        "km": 0.022694798906112233
    }, {
        "stage": 330,
        "start": [-77.133429, 38.934621],
        "end": [-77.133341, 38.934549],
        "km": 0.00994600458575166
    }, {
        "stage": 331,
        "start": [-77.133341, 38.934549],
        "end": [-77.13314, 38.934404],
        "km": 0.022635754457032278
    }, {
        "stage": 332,
        "start": [-77.13314, 38.934404],
        "end": [-77.133043, 38.93434],
        "km": 0.010901338522417627
    }, {
        "stage": 333,
        "start": [-77.133043, 38.93434],
        "end": [-77.132908, 38.934259],
        "km": 0.01514405519762923
    }, {
        "stage": 334,
        "start": [-77.132908, 38.934259],
        "end": [-77.132775, 38.934186],
        "km": 0.014898379372225354
    }, {
        "stage": 335,
        "start": [-77.132775, 38.934186],
        "end": [-77.132529, 38.934069],
        "km": 0.027505677488129845
    }, {
        "stage": 336,
        "start": [-77.132529, 38.934069],
        "end": [-77.132405, 38.934017],
        "km": 0.01384752714980661
    }, {
        "stage": 337,
        "start": [-77.132405, 38.934017],
        "end": [-77.13218, 38.933935],
        "km": 0.02509997956925413
    }, {
        "stage": 338,
        "start": [-77.13218, 38.933935],
        "end": [-77.13192, 38.933858],
        "km": 0.028972230646392844
    }, {
        "stage": 339,
        "start": [-77.13192, 38.933858],
        "end": [-77.131647, 38.933796],
        "km": 0.03039370086247718
    }, {
        "stage": 340,
        "start": [-77.131647, 38.933796],
        "end": [-77.131393, 38.933751],
        "km": 0.02826418029855457
    }, {
        "stage": 341,
        "start": [-77.131393, 38.933751],
        "end": [-77.130915, 38.933696],
        "km": 0.05316604018268244
    }, {
        "stage": 342,
        "start": [-77.130915, 38.933696],
        "end": [-77.130405, 38.933652],
        "km": 0.0567171989495293
    }, {
        "stage": 343,
        "start": [-77.130405, 38.933652],
        "end": [-77.128843, 38.933536],
        "km": 0.1737018891477907
    }, {
        "stage": 344,
        "start": [-77.128843, 38.933536],
        "end": [-77.128303, 38.933487],
        "km": 0.060054623745860534
    }, {
        "stage": 345,
        "start": [-77.128303, 38.933487],
        "end": [-77.128007, 38.933452],
        "km": 0.032923586866332746
    }, {
        "stage": 346,
        "start": [-77.128007, 38.933452],
        "end": [-77.127664, 38.933396],
        "km": 0.03816333439188845
    }, {
        "stage": 347,
        "start": [-77.127664, 38.933396],
        "end": [-77.127434, 38.93335],
        "km": 0.025598930043422
    }, {
        "stage": 348,
        "start": [-77.127434, 38.93335],
        "end": [-77.127047, 38.933258],
        "km": 0.04309060519155859
    }, {
        "stage": 349,
        "start": [-77.127047, 38.933258],
        "end": [-77.126891, 38.933215],
        "km": 0.01737802897191447
    }, {
        "stage": 350,
        "start": [-77.126891, 38.933215],
        "end": [-77.12652, 38.933103],
        "km": 0.04134459464413282
    }, {
        "stage": 351,
        "start": [-77.12652, 38.933103],
        "end": [-77.125748, 38.932828],
        "km": 0.08610829526359469
    }, {
        "stage": 352,
        "start": [-77.125748, 38.932828],
        "end": [-77.125419, 38.932693],
        "km": 0.03673402240100655
    }, {
        "stage": 353,
        "start": [-77.125419, 38.932693],
        "end": [-77.124766, 38.932408],
        "km": 0.0729493097239149
    }, {
        "stage": 354,
        "start": [-77.124766, 38.932408],
        "end": [-77.124511, 38.932287],
        "km": 0.02851147734301488
    }, {
        "stage": 355,
        "start": [-77.124511, 38.932287],
        "end": [-77.12391, 38.931977],
        "km": 0.06726490396546242
    }, {
        "stage": 356,
        "start": [-77.12391, 38.931977],
        "end": [-77.123492, 38.931755],
        "km": 0.04680152410500397
    }, {
        "stage": 357,
        "start": [-77.123492, 38.931755],
        "end": [-77.12288, 38.931402],
        "km": 0.0686078648169492
    }, {
        "stage": 358,
        "start": [-77.12288, 38.931402],
        "end": [-77.122331, 38.931069],
        "km": 0.061598268078245345
    }, {
        "stage": 359,
        "start": [-77.122331, 38.931069],
        "end": [-77.121739, 38.930708],
        "km": 0.06642940240611336
    }, {
        "stage": 360,
        "start": [-77.121739, 38.930708],
        "end": [-77.121095, 38.930307],
        "km": 0.07229247825896018
    }, {
        "stage": 361,
        "start": [-77.121095, 38.930307],
        "end": [-77.120005, 38.929586],
        "km": 0.12250692159178556
    }, {
        "stage": 362,
        "start": [-77.120005, 38.929586],
        "end": [-77.119044, 38.928939],
        "km": 0.10804989728749718
    }, {
        "stage": 363,
        "start": [-77.119044, 38.928939],
        "end": [-77.117688, 38.92797],
        "km": 0.15267438199006317
    }, {
        "stage": 364,
        "start": [-77.117688, 38.92797],
        "end": [-77.116838, 38.927303],
        "km": 0.09594670116634048
    }, {
        "stage": 365,
        "start": [-77.116838, 38.927303],
        "end": [-77.11592, 38.926495],
        "km": 0.10401913238733225
    }, {
        "stage": 366,
        "start": [-77.11592, 38.926495],
        "end": [-77.115319, 38.925934],
        "km": 0.06825710969468088
    }, {
        "stage": 367,
        "start": [-77.115319, 38.925934],
        "end": [-77.114744, 38.925346],
        "km": 0.06557521877113635
    }, {
        "stage": 368,
        "start": [-77.114744, 38.925346],
        "end": [-77.113842, 38.924418],
        "km": 0.10289886909714349
    }, {
        "stage": 369,
        "start": [-77.113842, 38.924418],
        "end": [-77.113276, 38.923864],
        "km": 0.06441524004247885
    }, {
        "stage": 370,
        "start": [-77.113276, 38.923864],
        "end": [-77.112615, 38.92331],
        "km": 0.07476938632371834
    }, {
        "stage": 371,
        "start": [-77.112615, 38.92331],
        "end": [-77.111722, 38.922649],
        "km": 0.10063638042591759
    }, {
        "stage": 372,
        "start": [-77.111722, 38.922649],
        "end": [-77.110752, 38.921947],
        "km": 0.10925017657368821
    }, {
        "stage": 373,
        "start": [-77.110752, 38.921947],
        "end": [-77.109611, 38.921113],
        "km": 0.12854276440337575
    }, {
        "stage": 374,
        "start": [-77.109611, 38.921113],
        "end": [-77.108529, 38.920158],
        "km": 0.12261732505740996
    }, {
        "stage": 375,
        "start": [-77.108529, 38.920158],
        "end": [-77.10798, 38.919537],
        "km": 0.06295696975907508
    }, {
        "stage": 376,
        "start": [-77.10798, 38.919537],
        "end": [-77.107697, 38.919183],
        "km": 0.032669138920300246
    }, {
        "stage": 377,
        "start": [-77.107697, 38.919183],
        "end": [-77.107362, 38.918689],
        "km": 0.03921282716925324
    }, {
        "stage": 378,
        "start": [-77.107362, 38.918689],
        "end": [-77.107045, 38.918168],
        "km": 0.03754231351202121
    }, {
        "stage": 379,
        "start": [-77.107045, 38.918168],
        "end": [-77.106701, 38.917513],
        "km": 0.04155819749418666
    }, {
        "stage": 380,
        "start": [-77.106701, 38.917513],
        "end": [-77.104753, 38.91356],
        "km": 0.23777011861122296
    }, {
        "stage": 381,
        "start": [-77.104753, 38.91356],
        "end": [-77.104504, 38.913112],
        "km": 0.02983469129085029
    }, {
        "stage": 382,
        "start": [-77.104504, 38.913112],
        "end": [-77.104178, 38.912652],
        "km": 0.03800277647934467
    }, {
        "stage": 383,
        "start": [-77.104178, 38.912652],
        "end": [-77.1038, 38.912204],
        "km": 0.04347516539406179
    }, {
        "stage": 384,
        "start": [-77.1038, 38.912204],
        "end": [-77.103354, 38.911763],
        "km": 0.05078394827157645
    }, {
        "stage": 385,
        "start": [-77.103354, 38.911763],
        "end": [-77.102856, 38.911363],
        "km": 0.056255249269559694
    }, {
        "stage": 386,
        "start": [-77.102856, 38.911363],
        "end": [-77.100925, 38.909887],
        "km": 0.21780988822642153
    }, {
        "stage": 387,
        "start": [-77.100925, 38.909887],
        "end": [-77.100187, 38.909252],
        "km": 0.08355802687043586
    }, {
        "stage": 388,
        "start": [-77.100187, 38.909252],
        "end": [-77.099406, 38.908578],
        "km": 0.08843611532545644
    }, {
        "stage": 389,
        "start": [-77.099406, 38.908578],
        "end": [-77.098539, 38.90789],
        "km": 0.09790267500140426
    }, {
        "stage": 390,
        "start": [-77.098539, 38.90789],
        "end": [-77.097389, 38.907075],
        "km": 0.12945903198250425
    }, {
        "stage": 391,
        "start": [-77.097389, 38.907075],
        "end": [-77.09641, 38.906447],
        "km": 0.1099656865539591
    }, {
        "stage": 392,
        "start": [-77.09641, 38.906447],
        "end": [-77.095243, 38.905746],
        "km": 0.13092056023979268
    }, {
        "stage": 393,
        "start": [-77.095243, 38.905746],
        "end": [-77.094144, 38.905145],
        "km": 0.12310543054935363
    }, {
        "stage": 394,
        "start": [-77.094144, 38.905145],
        "end": [-77.093174, 38.90461],
        "km": 0.10866923530813213
    }, {
        "stage": 395,
        "start": [-77.093174, 38.90461],
        "end": [-77.091956, 38.903969],
        "km": 0.1363614766690319
    }, {
        "stage": 396,
        "start": [-77.091956, 38.903969],
        "end": [-77.090943, 38.903508],
        "km": 0.11321559279371454
    }, {
        "stage": 397,
        "start": [-77.090943, 38.903508],
        "end": [-77.089725, 38.903045],
        "km": 0.13591644150093268
    }, {
        "stage": 398,
        "start": [-77.089725, 38.903045],
        "end": [-77.088857, 38.90278],
        "km": 0.09673683657491589
    }, {
        "stage": 399,
        "start": [-77.088857, 38.90278],
        "end": [-77.087681, 38.902459],
        "km": 0.1310019316789701
    }, {
        "stage": 400,
        "start": [-77.087681, 38.902459],
        "end": [-77.086385, 38.902166],
        "km": 0.14428552934047806
    }, {
        "stage": 401,
        "start": [-77.086385, 38.902166],
        "end": [-77.085244, 38.901938],
        "km": 0.12699375998017426
    }, {
        "stage": 402,
        "start": [-77.085244, 38.901938],
        "end": [-77.083913, 38.901711],
        "km": 0.14810082393182025
    }, {
        "stage": 403,
        "start": [-77.083913, 38.901711],
        "end": [-77.082626, 38.901524],
        "km": 0.14317644001050367
    }, {
        "stage": 404,
        "start": [-77.082626, 38.901524],
        "end": [-77.081836, 38.901404],
        "km": 0.08789042632571081
    }, {
        "stage": 405,
        "start": [-77.081836, 38.901404],
        "end": [-77.081158, 38.901344],
        "km": 0.07540129869145021
    }, {
        "stage": 406,
        "start": [-77.081158, 38.901344],
        "end": [-77.080677, 38.901364],
        "km": 0.053484347650092426
    }, {
        "stage": 407,
        "start": [-77.080677, 38.901364],
        "end": [-77.080231, 38.901417],
        "km": 0.04960800591499312
    }, {
        "stage": 408,
        "start": [-77.080231, 38.901417],
        "end": [-77.079793, 38.901484],
        "km": 0.04872952614269733
    }, {
        "stage": 409,
        "start": [-77.079793, 38.901484],
        "end": [-77.079244, 38.901544],
        "km": 0.06106127304070013
    }, {
        "stage": 410,
        "start": [-77.079244, 38.901544],
        "end": [-77.078755, 38.901578],
        "km": 0.05437824158848373
    }, {
        "stage": 411,
        "start": [-77.078755, 38.901578],
        "end": [-77.078171, 38.901551],
        "km": 0.06493817096137193
    }, {
        "stage": 412,
        "start": [-77.078171, 38.901551],
        "end": [-77.07763, 38.901458],
        "km": 0.060198060615865946
    }, {
        "stage": 413,
        "start": [-77.07763, 38.901458],
        "end": [-77.076995, 38.901284],
        "km": 0.07073785538013165
    }, {
        "stage": 414,
        "start": [-77.076995, 38.901284],
        "end": [-77.07509, 38.900749],
        "km": 0.21223358788430186
    }, {
        "stage": 415,
        "start": [-77.07509, 38.900749],
        "end": [-77.074455, 38.900643],
        "km": 0.07065461567396637
    }, {
        "stage": 416,
        "start": [-77.074455, 38.900643],
        "end": [-77.073905, 38.900616],
        "km": 0.06115793973241258
    }, {
        "stage": 417,
        "start": [-77.073905, 38.900616],
        "end": [-77.073684, 38.900623],
        "km": 0.024573493936429568
    }, {
        "stage": 418,
        "start": [-77.073684, 38.900623],
        "end": [-77.073425, 38.900631],
        "km": 0.028798610499443565
    }, {
        "stage": 419,
        "start": [-77.073425, 38.900631],
        "end": [-77.073262, 38.900636],
        "km": 0.018124312708038853
    }, {
        "stage": 420,
        "start": [-77.073262, 38.900636],
        "end": [-77.072704, 38.900703],
        "km": 0.06206611528173396
    }, {
        "stage": 421,
        "start": [-77.072704, 38.900703],
        "end": [-77.072172, 38.90077],
        "km": 0.0591763484054183
    }, {
        "stage": 422,
        "start": [-77.072172, 38.90077],
        "end": [-77.071612, 38.900786],
        "km": 0.062267467972388295
    }, {
        "stage": 423,
        "start": [-77.071612, 38.900786],
        "end": [-77.071161, 38.900757],
        "km": 0.05015173513950763
    }, {
        "stage": 424,
        "start": [-77.071161, 38.900757],
        "end": [-77.07085, 38.90069],
        "km": 0.03462018450830735
    }, {
        "stage": 425,
        "start": [-77.07085, 38.90069],
        "end": [-77.070429, 38.900562],
        "km": 0.04691902739223267
    }, {
        "stage": 426,
        "start": [-77.070429, 38.900562],
        "end": [-77.069863, 38.900342],
        "km": 0.0631708912473941
    }, {
        "stage": 427,
        "start": [-77.069863, 38.900342],
        "end": [-77.06939, 38.900112],
        "km": 0.05290308282848852
    }, {
        "stage": 428,
        "start": [-77.06939, 38.900112],
        "end": [-77.069135, 38.899939],
        "km": 0.028678195041045698
    }, {
        "stage": 429,
        "start": [-77.069135, 38.899939],
        "end": [-77.068955, 38.899794],
        "km": 0.020336679631383414
    }, {
        "stage": 430,
        "start": [-77.068955, 38.899794],
        "end": [-77.06877, 38.899605],
        "km": 0.02110069062859329
    }, {
        "stage": 431,
        "start": [-77.06877, 38.899605],
        "end": [-77.068637, 38.899439],
        "km": 0.015354146952205097
    }, {
        "stage": 432,
        "start": [-77.068637, 38.899439],
        "end": [-77.068479, 38.899167],
        "km": 0.018826465649960312
    }, {
        "stage": 433,
        "start": [-77.068479, 38.899167],
        "end": [-77.068399, 38.898938],
        "km": 0.010563363454917553
    }, {
        "stage": 434,
        "start": [-77.068399, 38.898938],
        "end": [-77.06835, 38.898731],
        "km": 0.00749772501427161
    }, {
        "stage": 435,
        "start": [-77.06835, 38.898731],
        "end": [-77.068307, 38.898532],
        "km": 0.006883623584974493
    }, {
        "stage": 436,
        "start": [-77.068307, 38.898532],
        "end": [-77.068141, 38.897847],
        "km": 0.025123844243587632
    }, {
        "stage": 437,
        "start": [-77.068141, 38.897847],
        "end": [-77.068012, 38.897463],
        "km": 0.017234830343451645
    }, {
        "stage": 438,
        "start": [-77.068012, 38.897463],
        "end": [-77.067852, 38.89708],
        "km": 0.020182550156342707
    }, {
        "stage": 439,
        "start": [-77.067852, 38.89708],
        "end": [-77.067658, 38.896699],
        "km": 0.02356233513361777
    }, {
        "stage": 440,
        "start": [-77.067658, 38.896699],
        "end": [-77.06729, 38.896071],
        "km": 0.043800425949843555
    }, {
        "stage": 441,
        "start": [-77.06729, 38.896071],
        "end": [-77.066773, 38.895132],
        "km": 0.062052900904227624
    }, {
        "stage": 442,
        "start": [-77.066773, 38.895132],
        "end": [-77.066654, 38.894805],
        "km": 0.015534160296983656
    }, {
        "stage": 443,
        "start": [-77.066654, 38.894805],
        "end": [-77.066601, 38.894505],
        "km": 0.009512040252472804
    }, {
        "stage": 444,
        "start": [-77.066601, 38.894505],
        "end": [-77.066622, 38.894258],
        "km": 0.006575623590403452
    }, {
        "stage": 445,
        "start": [-77.066622, 38.894258],
        "end": [-77.066697, 38.894008],
        "km": 0.010404338775142095
    }, {
        "stage": 446,
        "start": [-77.066697, 38.894008],
        "end": [-77.066864, 38.893724],
        "km": 0.019867983628380454
    }, {
        "stage": 447,
        "start": [-77.066864, 38.893724],
        "end": [-77.067078, 38.893453],
        "km": 0.02473177835908977
    }, {
        "stage": 448,
        "start": [-77.067078, 38.893453],
        "end": [-77.06718, 38.893252],
        "km": 0.012395278196616151
    }, {
        "stage": 449,
        "start": [-77.06718, 38.893252],
        "end": [-77.067239, 38.893043],
        "km": 0.008371684877801036
    }, {
        "stage": 450,
        "start": [-77.067239, 38.893043],
        "end": [-77.067228, 38.892851],
        "km": 0.0049327454551753875
    }, {
        "stage": 451,
        "start": [-77.067228, 38.892851],
        "end": [-77.067148, 38.892634],
        "km": 0.01040607095508836
    }, {
        "stage": 452,
        "start": [-77.067148, 38.892634],
        "end": [-77.067035, 38.892471],
        "km": 0.013203223191260575
    }, {
        "stage": 453,
        "start": [-77.067035, 38.892471],
        "end": [-77.066864, 38.892313],
        "km": 0.019415829359517772
    }, {
        "stage": 454,
        "start": [-77.066864, 38.892313],
        "end": [-77.066558, 38.892004],
        "km": 0.03488210285326113
    }, {
        "stage": 455,
        "start": [-77.066558, 38.892004],
        "end": [-77.066456, 38.891828],
        "km": 0.012157806494634372
    }, {
        "stage": 456,
        "start": [-77.066456, 38.891828],
        "end": [-77.066424, 38.891645],
        "km": 0.005779870606927573
    }, {
        "stage": 457,
        "start": [-77.066424, 38.891645],
        "end": [-77.06644, 38.891469],
        "km": 0.004727512256261306
    }, {
        "stage": 458,
        "start": [-77.06644, 38.891469],
        "end": [-77.066526, 38.891269],
        "km": 0.010780386592889275
    }, {
        "stage": 459,
        "start": [-77.066526, 38.891269],
        "end": [-77.066638, 38.891127],
        "km": 0.01294508523650177
    }, {
        "stage": 460,
        "start": [-77.066638, 38.891127],
        "end": [-77.066863, 38.890947],
        "km": 0.025415564634866057
    }, {
        "stage": 461,
        "start": [-77.066863, 38.890947],
        "end": [-77.067162, 38.890849],
        "km": 0.03333501760973439
    }, {
        "stage": 462,
        "start": [-77.067162, 38.890849],
        "end": [-77.067372, 38.890806],
        "km": 0.0233743672013273
    }, {
        "stage": 463,
        "start": [-77.067372, 38.890806],
        "end": [-77.067681, 38.890786],
        "km": 0.03436125290745204
    }, {
        "stage": 464,
        "start": [-77.067681, 38.890786],
        "end": [-77.068095, 38.890799],
        "km": 0.046033672193931806
    }, {
        "stage": 465,
        "start": [-77.068095, 38.890799],
        "end": [-77.068269, 38.890835],
        "km": 0.019367730328881696
    }, {
        "stage": 466,
        "start": [-77.068269, 38.890835],
        "end": [-77.068424, 38.890885],
        "km": 0.01727921845396698
    }, {
        "stage": 467,
        "start": [-77.068424, 38.890885],
        "end": [-77.068686, 38.891005],
        "km": 0.029284091676703806
    }, {
        "stage": 468,
        "start": [-77.068686, 38.891005],
        "end": [-77.069194, 38.891319],
        "km": 0.057022006445038916
    }, {
        "stage": 469,
        "start": [-77.069194, 38.891319],
        "end": [-77.069604, 38.891532],
        "km": 0.04589476215511031
    }, {
        "stage": 470,
        "start": [-77.069604, 38.891532],
        "end": [-77.070008, 38.891718],
        "km": 0.045158300067990535
    }, {
        "stage": 471,
        "start": [-77.070008, 38.891718],
        "end": [-77.070401, 38.891861],
        "km": 0.04384207009308057
    }, {
        "stage": 472,
        "start": [-77.070401, 38.891861],
        "end": [-77.07069, 38.891949],
        "km": 0.03220838947488257
    }, {
        "stage": 473,
        "start": [-77.07069, 38.891949],
        "end": [-77.071056, 38.892043],
        "km": 0.0407626632043249
    }, {
        "stage": 474,
        "start": [-77.071056, 38.892043],
        "end": [-77.071362, 38.892094],
        "km": 0.03404759171737823
    }, {
        "stage": 475,
        "start": [-77.071362, 38.892094],
        "end": [-77.071732, 38.892132],
        "km": 0.04115102087949582
    }, {
        "stage": 476,
        "start": [-77.071732, 38.892132],
        "end": [-77.072099, 38.892139],
        "km": 0.040806855416094856
    }, {
        "stage": 477,
        "start": [-77.072099, 38.892139],
        "end": [-77.072353, 38.892135],
        "km": 0.02824217154420164
    }, {
        "stage": 478,
        "start": [-77.072353, 38.892135],
        "end": [-77.072701, 38.8921],
        "km": 0.03870380718886487
    }, {
        "stage": 479,
        "start": [-77.072701, 38.8921],
        "end": [-77.073011, 38.892049],
        "km": 0.03449213743698673
    }, {
        "stage": 480,
        "start": [-77.073011, 38.892049],
        "end": [-77.073302, 38.891979],
        "km": 0.03240296088925592
    }, {
        "stage": 481,
        "start": [-77.073302, 38.891979],
        "end": [-77.073721, 38.891861],
        "km": 0.04668092589275617
    }, {
        "stage": 482,
        "start": [-77.073721, 38.891861],
        "end": [-77.074814, 38.891457],
        "km": 0.12194490674962244
    }, {
        "stage": 483,
        "start": [-77.074814, 38.891457],
        "end": [-77.075227, 38.891293],
        "km": 0.046102041758866424
    }, {
        "stage": 484,
        "start": [-77.075227, 38.891293],
        "end": [-77.075678, 38.891119],
        "km": 0.05033280689307983
    }, {
        "stage": 485,
        "start": [-77.075678, 38.891119],
        "end": [-77.076075, 38.890971],
        "km": 0.044295435708190375
    }, {
        "stage": 486,
        "start": [-77.076075, 38.890971],
        "end": [-77.076386, 38.890855],
        "km": 0.034700006446122374
    }, {
        "stage": 487,
        "start": [-77.076386, 38.890855],
        "end": [-77.076684, 38.890727],
        "km": 0.033287132745344096
    }, {
        "stage": 488,
        "start": [-77.076684, 38.890727],
        "end": [-77.076962, 38.890583],
        "km": 0.031117592634323104
    }, {
        "stage": 489,
        "start": [-77.076962, 38.890583],
        "end": [-77.077249, 38.890403],
        "km": 0.032223774691397596
    }, {
        "stage": 490,
        "start": [-77.077249, 38.890403],
        "end": [-77.07749, 38.890226],
        "km": 0.027155831085742717
    }, {
        "stage": 491,
        "start": [-77.07749, 38.890226],
        "end": [-77.079698, 38.888239],
        "km": 0.2504280948709833
    }, {
        "stage": 492,
        "start": [-77.079698, 38.888239],
        "end": [-77.080162, 38.887815],
        "km": 0.05265781182397266
    }, {
        "stage": 493,
        "start": [-77.080162, 38.887815],
        "end": [-77.080402, 38.887634],
        "km": 0.027062085695042343
    }, {
        "stage": 494,
        "start": [-77.080402, 38.887634],
        "end": [-77.080607, 38.887504],
        "km": 0.023021827597406702
    }, {
        "stage": 495,
        "start": [-77.080607, 38.887504],
        "end": [-77.08082, 38.88739],
        "km": 0.02385237326317212
    }, {
        "stage": 496,
        "start": [-77.08082, 38.88739],
        "end": [-77.081093, 38.887268],
        "km": 0.030505721065474396
    }, {
        "stage": 497,
        "start": [-77.081093, 38.887268],
        "end": [-77.081363, 38.887249],
        "km": 0.03002483576790683
    }, {
        "stage": 498,
        "start": [-77.081363, 38.887249],
        "end": [-77.081967, 38.887112],
        "km": 0.06724480464989258
    }, {
        "stage": 499,
        "start": [-77.081967, 38.887112],
        "end": [-77.082396, 38.887011],
        "km": 0.04776638540880947
    }, {
        "stage": 500,
        "start": [-77.082396, 38.887011],
        "end": [-77.082716, 38.886915],
        "km": 0.03566061236682148
    }, {
        "stage": 501,
        "start": [-77.082716, 38.886915],
        "end": [-77.083171, 38.886761],
        "km": 0.05073583529240241
    }, {
        "stage": 502,
        "start": [-77.083171, 38.886761],
        "end": [-77.083431, 38.88666],
        "km": 0.02901807441044978
    }, {
        "stage": 503,
        "start": [-77.083431, 38.88666],
        "end": [-77.083796, 38.886449],
        "km": 0.04092164192868946
    }, {
        "stage": 504,
        "start": [-77.083796, 38.886449],
        "end": [-77.084007, 38.886301],
        "km": 0.023747487212969237
    }, {
        "stage": 505,
        "start": [-77.084007, 38.886301],
        "end": [-77.084277, 38.886072],
        "km": 0.03055590032300209
    }, {
        "stage": 506,
        "start": [-77.084277, 38.886072],
        "end": [-77.084525, 38.885787],
        "km": 0.028470199316146458
    }, {
        "stage": 507,
        "start": [-77.084525, 38.885787],
        "end": [-77.084773, 38.885419],
        "km": 0.029052060791607496
    }, {
        "stage": 508,
        "start": [-77.084773, 38.885419],
        "end": [-77.084988, 38.885151],
        "km": 0.024816171264611022
    }, {
        "stage": 509,
        "start": [-77.084988, 38.885151],
        "end": [-77.085183, 38.884952],
        "km": 0.022238929310588598
    }, {
        "stage": 510,
        "start": [-77.085183, 38.884952],
        "end": [-77.085489, 38.884775],
        "km": 0.03430718323916751
    }, {
        "stage": 511,
        "start": [-77.085489, 38.884775],
        "end": [-77.085776, 38.884719],
        "km": 0.03194161645197921
    }, {
        "stage": 512,
        "start": [-77.085776, 38.884719],
        "end": [-77.086365, 38.884657],
        "km": 0.06550873883779976
    }, {
        "stage": 513,
        "start": [-77.086365, 38.884657],
        "end": [-77.086695, 38.884655],
        "km": 0.0366925387322837
    }, {
        "stage": 514,
        "start": [-77.086695, 38.884655],
        "end": [-77.086893, 38.884643],
        "km": 0.022017586218427792
    }, {
        "stage": 515,
        "start": [-77.086893, 38.884643],
        "end": [-77.087123, 38.884629],
        "km": 0.025576037216499023
    }, {
        "stage": 516,
        "start": [-77.087123, 38.884629],
        "end": [-77.087747, 38.884612],
        "km": 0.06938358446382037
    }, {
        "stage": 517,
        "start": [-77.087747, 38.884612],
        "end": [-77.088723, 38.884599],
        "km": 0.10852152108788984
    }, {
        "stage": 518,
        "start": [-77.088723, 38.884599],
        "end": [-77.08977, 38.884584],
        "km": 0.11641608274249261
    }, {
        "stage": 519,
        "start": [-77.08977, 38.884584],
        "end": [-77.090735, 38.884559],
        "km": 0.10729973902773735
    }, {
        "stage": 520,
        "start": [-77.090735, 38.884559],
        "end": [-77.091733, 38.884538],
        "km": 0.11096837999502576
    }, {
        "stage": 521,
        "start": [-77.091733, 38.884538],
        "end": [-77.092698, 38.884528],
        "km": 0.10729818524656996
    }, {
        "stage": 522,
        "start": [-77.092698, 38.884528],
        "end": [-77.092899, 38.884524],
        "km": 0.022349282840576547
    }, {
        "stage": 523,
        "start": [-77.092899, 38.884524],
        "end": [-77.09309, 38.88452],
        "km": 0.021237555425230505
    }, {
        "stage": 524,
        "start": [-77.09309, 38.88452],
        "end": [-77.093559, 38.884511],
        "km": 0.05214834582943286
    }, {
        "stage": 525,
        "start": [-77.093559, 38.884511],
        "end": [-77.094613, 38.884484],
        "km": 0.11719570674864607
    }, {
        "stage": 526,
        "start": [-77.094613, 38.884484],
        "end": [-77.095527, 38.884465],
        "km": 0.10162834619925003
    }, {
        "stage": 527,
        "start": [-77.095527, 38.884465],
        "end": [-77.09589, 38.884456],
        "km": 0.04036253276064817
    }, {
        "stage": 528,
        "start": [-77.09589, 38.884456],
        "end": [-77.096359, 38.884446],
        "km": 0.05214851864083324
    }, {
        "stage": 529,
        "start": [-77.096359, 38.884446],
        "end": [-77.096864, 38.884434],
        "km": 0.05615158730261046
    }, {
        "stage": 530,
        "start": [-77.096864, 38.884434],
        "end": [-77.097381, 38.884428],
        "km": 0.05748516259537651
    }, {
        "stage": 531,
        "start": [-77.097381, 38.884428],
        "end": [-77.097883, 38.884422],
        "km": 0.055817412892093674
    }, {
        "stage": 532,
        "start": [-77.097883, 38.884422],
        "end": [-77.09806, 38.884435],
        "km": 0.01968319507336942
    }, {
        "stage": 533,
        "start": [-77.09806, 38.884435],
        "end": [-77.098309, 38.884466],
        "km": 0.027696843916573843
    }, {
        "stage": 534,
        "start": [-77.098309, 38.884466],
        "end": [-77.098463, 38.884499],
        "km": 0.017142818317395656
    }, {
        "stage": 535,
        "start": [-77.098463, 38.884499],
        "end": [-77.098557, 38.884519],
        "km": 0.010463933283665836
    }, {
        "stage": 536,
        "start": [-77.098557, 38.884519],
        "end": [-77.098675, 38.884552],
        "km": 0.013146106828894121
    }, {
        "stage": 537,
        "start": [-77.098675, 38.884552],
        "end": [-77.098845, 38.884599],
        "km": 0.0189383833396229
    }, {
        "stage": 538,
        "start": [-77.098845, 38.884599],
        "end": [-77.099098, 38.884683],
        "km": 0.02820816780375621
    }, {
        "stage": 539,
        "start": [-77.099098, 38.884683],
        "end": [-77.099392, 38.884785],
        "km": 0.03278754067159779
    }, {
        "stage": 540,
        "start": [-77.099392, 38.884785],
        "end": [-77.099527, 38.884847],
        "km": 0.015089209011941648
    }, {
        "stage": 541,
        "start": [-77.099527, 38.884847],
        "end": [-77.099665, 38.884902],
        "km": 0.015404832929086452
    }, {
        "stage": 542,
        "start": [-77.099665, 38.884902],
        "end": [-77.099814, 38.884863],
        "km": 0.01659578151718692
    }, {
        "stage": 543,
        "start": [-77.099814, 38.884863],
        "end": [-77.099904, 38.884828],
        "km": 0.010044730009743626
    }, {
        "stage": 544,
        "start": [-77.099904, 38.884828],
        "end": [-77.100178, 38.884725],
        "km": 0.03057300146219017
    }, {
        "stage": 545,
        "start": [-77.100178, 38.884725],
        "end": [-77.100713, 38.884503],
        "km": 0.05974107857348202
    }, {
        "stage": 546,
        "start": [-77.100713, 38.884503],
        "end": [-77.101186, 38.884315],
        "km": 0.05279932536589923
    }, {
        "stage": 547,
        "start": [-77.101186, 38.884315],
        "end": [-77.101524, 38.88418],
        "km": 0.037731114232095186
    }, {
        "stage": 548,
        "start": [-77.101524, 38.88418],
        "end": [-77.101629, 38.884139],
        "km": 0.011718851678034667
    }, {
        "stage": 549,
        "start": [-77.101629, 38.884139],
        "end": [-77.102533, 38.883763],
        "km": 0.10094766234160028
    }, {
        "stage": 550,
        "start": [-77.102533, 38.883763],
        "end": [-77.103348, 38.883438],
        "km": 0.09097772133954858
    }, {
        "stage": 551,
        "start": [-77.103348, 38.883438],
        "end": [-77.103469, 38.883388],
        "km": 0.013510880948454937
    }],
    "km": 23.270012075291813
}