{
    "route_id": "route-m",
    "profile": "aggressive",
    "triggers": [{
        "occurances": 1,
        "type": "dtc"
    }, {
        "occurances": 7,
        "type": "brake"
    }, {
        "occurances": 0,
        "type": "oiltemp"
    }],
    "end": ["-76.94607000000002", "38.99199599999997"],
    "description": "Aggressive, DTC - Dupont Circle to U of MD",
    "name": "Route M",
    "start": ["-77.04250000000002", "38.91065100000003"],
    "stages": [{
        "stage": 0,
        "start": [-77.0425, 38.910651],
        "end": [-77.042121, 38.911054],
        "km": 0.043322125393054
    }, {
        "stage": 1,
        "start": [-77.042121, 38.911054],
        "end": [-77.042051, 38.911129],
        "km": 0.00800519955118118
    }, {
        "stage": 2,
        "start": [-77.042051, 38.911129],
        "end": [-77.041982, 38.911201],
        "km": 0.007878678742719001
    }, {
        "stage": 3,
        "start": [-77.041982, 38.911201],
        "end": [-77.041746, 38.911453],
        "km": 0.026982379823210913
    }, {
        "stage": 4,
        "start": [-77.041746, 38.911453],
        "end": [-77.041666, 38.911537],
        "km": 0.009138531318558298
    }, {
        "stage": 5,
        "start": [-77.041666, 38.911537],
        "end": [-77.041588, 38.911621],
        "km": 0.008921973690668284
    }, {
        "stage": 6,
        "start": [-77.041588, 38.911621],
        "end": [-77.041562, 38.911648],
        "km": 0.002967249770277057
    }, {
        "stage": 7,
        "start": [-77.041562, 38.911648],
        "end": [-77.041354, 38.91187],
        "km": 0.02378047959392112
    }, {
        "stage": 8,
        "start": [-77.041354, 38.91187],
        "end": [-77.040728, 38.912536],
        "km": 0.07155825323331955
    }, {
        "stage": 9,
        "start": [-77.040728, 38.912536],
        "end": [-77.04066, 38.912608],
        "km": 0.0077715748610554716
    }, {
        "stage": 10,
        "start": [-77.04066, 38.912608],
        "end": [-77.040644, 38.912625],
        "km": 0.0018284950031003477
    }, {
        "stage": 11,
        "start": [-77.040644, 38.912625],
        "end": [-77.040586, 38.912682],
        "km": 0.006603658924441416
    }, {
        "stage": 12,
        "start": [-77.040586, 38.912682],
        "end": [-77.039957, 38.913359],
        "km": 0.07194684770033077
    }, {
        "stage": 13,
        "start": [-77.039957, 38.913359],
        "end": [-77.039337, 38.914025],
        "km": 0.07090995149289334
    }, {
        "stage": 14,
        "start": [-77.039337, 38.914025],
        "end": [-77.039275, 38.914092],
        "km": 0.007093174383185992
    }, {
        "stage": 15,
        "start": [-77.039275, 38.914092],
        "end": [-77.039208, 38.914163],
        "km": 0.007657680217832811
    }, {
        "stage": 16,
        "start": [-77.039208, 38.914163],
        "end": [-77.03885, 38.914542],
        "km": 0.04091261183259388
    }, {
        "stage": 17,
        "start": [-77.03885, 38.914542],
        "end": [-77.038575, 38.914832],
        "km": 0.03142078118529968
    }, {
        "stage": 18,
        "start": [-77.038575, 38.914832],
        "end": [-77.038483, 38.914935],
        "km": 0.010546714444802577
    }, {
        "stage": 19,
        "start": [-77.038483, 38.914935],
        "end": [-77.038383, 38.915042],
        "km": 0.011434720758386325
    }, {
        "stage": 20,
        "start": [-77.038383, 38.915042],
        "end": [-77.037945, 38.91551],
        "km": 0.05008016683274939
    }, {
        "stage": 21,
        "start": [-77.037945, 38.91551],
        "end": [-77.037884, 38.915574],
        "km": 0.006968200149815204
    }, {
        "stage": 22,
        "start": [-77.037884, 38.915574],
        "end": [-77.037802, 38.915574],
        "km": 0.009117304721538173
    }, {
        "stage": 23,
        "start": [-77.037802, 38.915574],
        "end": [-77.03716, 38.915574],
        "km": 0.07138368028386649
    }, {
        "stage": 24,
        "start": [-77.03716, 38.915574],
        "end": [-77.03663, 38.915573],
        "km": 0.05893042540716644
    }, {
        "stage": 25,
        "start": [-77.03663, 38.915573],
        "end": [-77.036502, 38.915573],
        "km": 0.01423232969838408
    }, {
        "stage": 26,
        "start": [-77.036502, 38.915573],
        "end": [-77.036503, 38.915649],
        "km": 0.0018986146109262352
    }, {
        "stage": 27,
        "start": [-77.036503, 38.915649],
        "end": [-77.036501, 38.916284],
        "km": 0.015840352313385746
    }, {
        "stage": 28,
        "start": [-77.036501, 38.916284],
        "end": [-77.0365, 38.916896],
        "km": 0.015265558086938306
    }, {
        "stage": 29,
        "start": [-77.0365, 38.916896],
        "end": [-77.036499, 38.917002],
        "km": 0.0026444641489715556
    }, {
        "stage": 30,
        "start": [-77.036499, 38.917002],
        "end": [-77.036497, 38.917106],
        "km": 0.0026032491983570254
    }, {
        "stage": 31,
        "start": [-77.036497, 38.917106],
        "end": [-77.036497, 38.91717],
        "km": 0.001596982072342069
    }, {
        "stage": 32,
        "start": [-77.036497, 38.91717],
        "end": [-77.036291, 38.917239],
        "km": 0.022969706039184846
    }, {
        "stage": 33,
        "start": [-77.036291, 38.917239],
        "end": [-77.035553, 38.918047],
        "km": 0.08449688285534476
    }, {
        "stage": 34,
        "start": [-77.035553, 38.918047],
        "end": [-77.035493, 38.918114],
        "km": 0.006877729790214104
    }, {
        "stage": 35,
        "start": [-77.035493, 38.918114],
        "end": [-77.035432, 38.918179],
        "km": 0.00697337135657503
    }, {
        "stage": 36,
        "start": [-77.035432, 38.918179],
        "end": [-77.035203, 38.918424],
        "km": 0.026185571297006858
    }, {
        "stage": 37,
        "start": [-77.035203, 38.918424],
        "end": [-77.035009, 38.918631],
        "km": 0.022180093377548143
    }, {
        "stage": 38,
        "start": [-77.035009, 38.918631],
        "end": [-77.034789, 38.918867],
        "km": 0.025160225631485775
    }, {
        "stage": 39,
        "start": [-77.034789, 38.918867],
        "end": [-77.03478, 38.918874],
        "km": 0.0010135828385654671
    }, {
        "stage": 40,
        "start": [-77.03478, 38.918874],
        "end": [-77.034669, 38.918984],
        "km": 0.012643618693116724
    }, {
        "stage": 41,
        "start": [-77.034669, 38.918984],
        "end": [-77.034648, 38.918996],
        "km": 0.0023542055592629834
    }, {
        "stage": 42,
        "start": [-77.034648, 38.918996],
        "end": [-77.034525, 38.919064],
        "km": 0.013780986614528378
    }, {
        "stage": 43,
        "start": [-77.034525, 38.919064],
        "end": [-77.034451, 38.919109],
        "km": 0.008305218295153315
    }, {
        "stage": 44,
        "start": [-77.034451, 38.919109],
        "end": [-77.034384, 38.919187],
        "km": 0.007699344596414301
    }, {
        "stage": 45,
        "start": [-77.034384, 38.919187],
        "end": [-77.034333, 38.919271],
        "km": 0.006045828119450918
    }, {
        "stage": 46,
        "start": [-77.034333, 38.919271],
        "end": [-77.0341, 38.919521],
        "km": 0.02664731139874089
    }, {
        "stage": 47,
        "start": [-77.0341, 38.919521],
        "end": [-77.034073, 38.919548],
        "km": 0.003076107244905383
    }, {
        "stage": 48,
        "start": [-77.034073, 38.919548],
        "end": [-77.034043, 38.919572],
        "km": 0.003389705089328888
    }, {
        "stage": 49,
        "start": [-77.034043, 38.919572],
        "end": [-77.03401, 38.919594],
        "km": 0.003710808136234281
    }, {
        "stage": 50,
        "start": [-77.03401, 38.919594],
        "end": [-77.033974, 38.919613],
        "km": 0.004030924709605502
    }, {
        "stage": 51,
        "start": [-77.033974, 38.919613],
        "end": [-77.033936, 38.919628],
        "km": 0.004241183776931295
    }, {
        "stage": 52,
        "start": [-77.033936, 38.919628],
        "end": [-77.033895, 38.91964],
        "km": 0.004568525996682462
    }, {
        "stage": 53,
        "start": [-77.033895, 38.91964],
        "end": [-77.033567, 38.919707],
        "km": 0.03650848795054365
    }, {
        "stage": 54,
        "start": [-77.033567, 38.919707],
        "end": [-77.033297, 38.919768],
        "km": 0.030059782475078956
    }, {
        "stage": 55,
        "start": [-77.033297, 38.919768],
        "end": [-77.03259, 38.919922],
        "km": 0.07870490407198705
    }, {
        "stage": 56,
        "start": [-77.03259, 38.919922],
        "end": [-77.032436, 38.919956],
        "km": 0.01714413249719117
    }, {
        "stage": 57,
        "start": [-77.032436, 38.919956],
        "end": [-77.031941, 38.920064],
        "km": 0.05510481559475388
    }, {
        "stage": 58,
        "start": [-77.031941, 38.920064],
        "end": [-77.031932, 38.920106],
        "km": 0.0014490547123139092
    }, {
        "stage": 59,
        "start": [-77.031932, 38.920106],
        "end": [-77.031866, 38.920322],
        "km": 0.009105435801702897
    }, {
        "stage": 60,
        "start": [-77.031866, 38.920322],
        "end": [-77.031853, 38.920416],
        "km": 0.0027562627154416267
    }, {
        "stage": 61,
        "start": [-77.031853, 38.920416],
        "end": [-77.031844, 38.920511],
        "km": 0.002573655969144192
    }, {
        "stage": 62,
        "start": [-77.031844, 38.920511],
        "end": [-77.031841, 38.920556],
        "km": 0.001166528346809677
    }, {
        "stage": 63,
        "start": [-77.031841, 38.920556],
        "end": [-77.03184, 38.920601],
        "km": 0.0011312302115361
    }, {
        "stage": 64,
        "start": [-77.03184, 38.920601],
        "end": [-77.031839, 38.92064],
        "km": 0.000981971112314428
    }, {
        "stage": 65,
        "start": [-77.031839, 38.92064],
        "end": [-77.031839, 38.92068],
        "km": 0.0009956419016022798
    }, {
        "stage": 66,
        "start": [-77.031839, 38.92068],
        "end": [-77.031841, 38.920756],
        "km": 0.0019080840692251497
    }, {
        "stage": 67,
        "start": [-77.031841, 38.920756],
        "end": [-77.031865, 38.920998],
        "km": 0.006601611595629401
    }, {
        "stage": 68,
        "start": [-77.031865, 38.920998],
        "end": [-77.031873, 38.921086],
        "km": 0.0023694679917823725
    }, {
        "stage": 69,
        "start": [-77.031873, 38.921086],
        "end": [-77.03193, 38.92166],
        "km": 0.015661844431755036
    }, {
        "stage": 70,
        "start": [-77.03193, 38.92166],
        "end": [-77.032002, 38.922342],
        "km": 0.018806110766529043
    }, {
        "stage": 71,
        "start": [-77.032002, 38.922342],
        "end": [-77.03201, 38.922428],
        "km": 0.0023233799339823515
    }, {
        "stage": 72,
        "start": [-77.03201, 38.922428],
        "end": [-77.032038, 38.922686],
        "km": 0.007150748254418785
    }, {
        "stage": 73,
        "start": [-77.032038, 38.922686],
        "end": [-77.032072, 38.923012],
        "km": 0.008969823837688937
    }, {
        "stage": 74,
        "start": [-77.032072, 38.923012],
        "end": [-77.032124, 38.923551],
        "km": 0.014639045080093002
    }, {
        "stage": 75,
        "start": [-77.032124, 38.923551],
        "end": [-77.032132, 38.923635],
        "km": 0.002276358950425542
    }, {
        "stage": 76,
        "start": [-77.032132, 38.923635],
        "end": [-77.032143, 38.923763],
        "km": 0.0034201422478413773
    }, {
        "stage": 77,
        "start": [-77.032143, 38.923763],
        "end": [-77.032193, 38.924284],
        "km": 0.014138624925391322
    }, {
        "stage": 78,
        "start": [-77.032193, 38.924284],
        "end": [-77.032213, 38.924474],
        "km": 0.005236701259481881
    }, {
        "stage": 79,
        "start": [-77.032213, 38.924474],
        "end": [-77.03222, 38.924541],
        "km": 0.0018456643469432182
    }, {
        "stage": 80,
        "start": [-77.03222, 38.924541],
        "end": [-77.032242, 38.924756],
        "km": 0.005896413538477097
    }, {
        "stage": 81,
        "start": [-77.032242, 38.924756],
        "end": [-77.032296, 38.925297],
        "km": 0.014773857046888718
    }, {
        "stage": 82,
        "start": [-77.032296, 38.925297],
        "end": [-77.03231, 38.925439],
        "km": 0.003870101299270882
    }, {
        "stage": 83,
        "start": [-77.03231, 38.925439],
        "end": [-77.032316, 38.925502],
        "km": 0.0017061141472551682
    }, {
        "stage": 84,
        "start": [-77.032316, 38.925502],
        "end": [-77.032339, 38.925742],
        "km": 0.006511583843250348
    }, {
        "stage": 85,
        "start": [-77.032339, 38.925742],
        "end": [-77.032346, 38.925798],
        "km": 0.00159980110732054
    }, {
        "stage": 86,
        "start": [-77.032346, 38.925798],
        "end": [-77.032426, 38.926487],
        "km": 0.019356094283511333
    }, {
        "stage": 87,
        "start": [-77.032426, 38.926487],
        "end": [-77.032436, 38.926571],
        "km": 0.0023732682636577996
    }, {
        "stage": 88,
        "start": [-77.032436, 38.926571],
        "end": [-77.032292, 38.926626],
        "km": 0.016069953026087682
    }, {
        "stage": 89,
        "start": [-77.032292, 38.926626],
        "end": [-77.032053, 38.926706],
        "km": 0.026649171376631746
    }, {
        "stage": 90,
        "start": [-77.032053, 38.926706],
        "end": [-77.031828, 38.926739],
        "km": 0.025031129384775634
    }, {
        "stage": 91,
        "start": [-77.031828, 38.926739],
        "end": [-77.029985, 38.926743],
        "km": 0.20492240131309186
    }, {
        "stage": 92,
        "start": [-77.029985, 38.926743],
        "end": [-77.029879, 38.926742],
        "km": 0.011786329756363463
    }, {
        "stage": 93,
        "start": [-77.029879, 38.926742],
        "end": [-77.029811, 38.926742],
        "km": 0.007560563733469241
    }, {
        "stage": 94,
        "start": [-77.029811, 38.926742],
        "end": [-77.029707, 38.926742],
        "km": 0.011563638500374755
    }, {
        "stage": 95,
        "start": [-77.029707, 38.926742],
        "end": [-77.029619, 38.926741],
        "km": 0.009784775236471496
    }, {
        "stage": 96,
        "start": [-77.029619, 38.926741],
        "end": [-77.029594, 38.926741],
        "km": 0.0027806765023217824
    }, {
        "stage": 97,
        "start": [-77.029594, 38.926741],
        "end": [-77.02906, 38.926739],
        "km": 0.059375206891957626
    }, {
        "stage": 98,
        "start": [-77.02906, 38.926739],
        "end": [-77.028741, 38.926738],
        "km": 0.0354695561605263
    }, {
        "stage": 99,
        "start": [-77.028741, 38.926738],
        "end": [-77.02829, 38.92674],
        "km": 0.05014652381346487
    }, {
        "stage": 100,
        "start": [-77.02829, 38.92674],
        "end": [-77.027187, 38.92674],
        "km": 0.12264209060034281
    }, {
        "stage": 101,
        "start": [-77.027187, 38.92674],
        "end": [-77.027158, 38.926741],
        "km": 0.0032248515495714356
    }, {
        "stage": 102,
        "start": [-77.027158, 38.926741],
        "end": [-77.027102, 38.926743],
        "km": 0.0062271954377273
    }, {
        "stage": 103,
        "start": [-77.027102, 38.926743],
        "end": [-77.027046, 38.926749],
        "km": 0.0062286424449358
    }, {
        "stage": 104,
        "start": [-77.027046, 38.926749],
        "end": [-77.026985, 38.926758],
        "km": 0.006786053404336903
    }, {
        "stage": 105,
        "start": [-77.026985, 38.926758],
        "end": [-77.026918, 38.926765],
        "km": 0.007451306491634585
    }, {
        "stage": 106,
        "start": [-77.026918, 38.926765],
        "end": [-77.026642, 38.926793],
        "km": 0.03069625943572986
    }, {
        "stage": 107,
        "start": [-77.026642, 38.926793],
        "end": [-77.02635, 38.926817],
        "km": 0.03247283220974886
    }, {
        "stage": 108,
        "start": [-77.02635, 38.926817],
        "end": [-77.026156, 38.926835],
        "km": 0.021575188471423912
    }, {
        "stage": 109,
        "start": [-77.026156, 38.926835],
        "end": [-77.026078, 38.926842],
        "km": 0.008674092588483269
    }, {
        "stage": 110,
        "start": [-77.026078, 38.926842],
        "end": [-77.025939, 38.926854],
        "km": 0.015458267850967138
    }, {
        "stage": 111,
        "start": [-77.025939, 38.926854],
        "end": [-77.02595, 38.926927],
        "km": 0.0021937010925598215
    }, {
        "stage": 112,
        "start": [-77.02595, 38.926927],
        "end": [-77.025975, 38.927096],
        "km": 0.005051884903778492
    }, {
        "stage": 113,
        "start": [-77.025975, 38.927096],
        "end": [-77.026013, 38.927343],
        "km": 0.0074742503630233
    }, {
        "stage": 114,
        "start": [-77.026013, 38.927343],
        "end": [-77.026055, 38.92759],
        "km": 0.007734961517296624
    }, {
        "stage": 115,
        "start": [-77.026055, 38.92759],
        "end": [-77.026079, 38.927778],
        "km": 0.0053993808953114375
    }, {
        "stage": 116,
        "start": [-77.026079, 38.927778],
        "end": [-77.026086, 38.927834],
        "km": 0.00159980110732054
    }, {
        "stage": 117,
        "start": [-77.026086, 38.927834],
        "end": [-77.026051, 38.927915],
        "km": 0.004386375051268546
    }, {
        "stage": 118,
        "start": [-77.026051, 38.927915],
        "end": [-77.026141, 38.928504],
        "km": 0.017785520017024707
    }, {
        "stage": 119,
        "start": [-77.026141, 38.928504],
        "end": [-77.02618, 38.928759],
        "km": 0.007701685178501023
    }, {
        "stage": 120,
        "start": [-77.02618, 38.928759],
        "end": [-77.02619, 38.928824],
        "km": 0.001966235211077815
    }, {
        "stage": 121,
        "start": [-77.02619, 38.928824],
        "end": [-77.026201, 38.928894],
        "km": 0.0021311896150827264
    }, {
        "stage": 122,
        "start": [-77.026201, 38.928894],
        "end": [-77.026303, 38.92956],
        "km": 0.02012486708437983
    }, {
        "stage": 123,
        "start": [-77.026303, 38.92956],
        "end": [-77.026332, 38.929743],
        "km": 0.005590444849198813
    }, {
        "stage": 124,
        "start": [-77.026332, 38.929743],
        "end": [-77.026342, 38.929805],
        "km": 0.001903355229069627
    }, {
        "stage": 125,
        "start": [-77.026342, 38.929805],
        "end": [-77.026352, 38.929877],
        "km": 0.002114207753892698
    }, {
        "stage": 126,
        "start": [-77.026352, 38.929877],
        "end": [-77.026446, 38.930542],
        "km": 0.019616465578898547
    }, {
        "stage": 127,
        "start": [-77.026446, 38.930542],
        "end": [-77.026469, 38.930726],
        "km": 0.005257311511362865
    }, {
        "stage": 128,
        "start": [-77.026469, 38.930726],
        "end": [-77.026476, 38.930783],
        "km": 0.0016221770346668328
    }, {
        "stage": 129,
        "start": [-77.026476, 38.930783],
        "end": [-77.026485, 38.930851],
        "km": 0.0019708131805136505
    }, {
        "stage": 130,
        "start": [-77.026485, 38.930851],
        "end": [-77.02661, 38.931767],
        "km": 0.026758007664705392
    }, {
        "stage": 131,
        "start": [-77.02661, 38.931767],
        "end": [-77.026644, 38.932009],
        "km": 0.007126130696078555
    }, {
        "stage": 132,
        "start": [-77.026644, 38.932009],
        "end": [-77.026684, 38.932245],
        "km": 0.007380826144439179
    }, {
        "stage": 133,
        "start": [-77.026684, 38.932245],
        "end": [-77.026697, 38.932319],
        "km": 0.0023465371168716917
    }, {
        "stage": 134,
        "start": [-77.026697, 38.932319],
        "end": [-77.026715, 38.932427],
        "km": 0.00335899213898676
    }, {
        "stage": 135,
        "start": [-77.026715, 38.932427],
        "end": [-77.026754, 38.932661],
        "km": 0.007275064087338536
    }, {
        "stage": 136,
        "start": [-77.026754, 38.932661],
        "end": [-77.026768, 38.932746],
        "km": 0.0026325097777560973
    }, {
        "stage": 137,
        "start": [-77.026768, 38.932746],
        "end": [-77.026773, 38.932834],
        "km": 0.0022664401278595894
    }, {
        "stage": 138,
        "start": [-77.026773, 38.932834],
        "end": [-77.026769, 38.932891],
        "km": 0.001488930329500303
    }, {
        "stage": 139,
        "start": [-77.026769, 38.932891],
        "end": [-77.026762, 38.932918],
        "km": 0.0010268328498059455
    }, {
        "stage": 140,
        "start": [-77.026762, 38.932918],
        "end": [-77.026747, 38.932963],
        "km": 0.0020115461161314078
    }, {
        "stage": 141,
        "start": [-77.026747, 38.932963],
        "end": [-77.026716, 38.933026],
        "km": 0.0037889136778338256
    }, {
        "stage": 142,
        "start": [-77.026716, 38.933026],
        "end": [-77.026405, 38.933421],
        "km": 0.035958076598339835
    }, {
        "stage": 143,
        "start": [-77.026405, 38.933421],
        "end": [-77.02636, 38.933477],
        "km": 0.0051943680794258595
    }, {
        "stage": 144,
        "start": [-77.02636, 38.933477],
        "end": [-77.025956, 38.934014],
        "km": 0.04687800202882977
    }, {
        "stage": 145,
        "start": [-77.025956, 38.934014],
        "end": [-77.025109, 38.935153],
        "km": 0.09837631803962314
    }, {
        "stage": 146,
        "start": [-77.025109, 38.935153],
        "end": [-77.024632, 38.935794],
        "km": 0.05539905625052161
    }, {
        "stage": 147,
        "start": [-77.024632, 38.935794],
        "end": [-77.024426, 38.936071],
        "km": 0.02392631089361046
    }, {
        "stage": 148,
        "start": [-77.024426, 38.936071],
        "end": [-77.02429, 38.936326],
        "km": 0.01640709542354085
    }, {
        "stage": 149,
        "start": [-77.02429, 38.936326],
        "end": [-77.024164, 38.93644],
        "km": 0.014296139375758845
    }, {
        "stage": 150,
        "start": [-77.024164, 38.93644],
        "end": [-77.023267, 38.937639],
        "km": 0.1041327805835886
    }, {
        "stage": 151,
        "start": [-77.023267, 38.937639],
        "end": [-77.023181, 38.937757],
        "km": 0.010006077274280217
    }, {
        "stage": 152,
        "start": [-77.023181, 38.937757],
        "end": [-77.023085, 38.93789],
        "km": 0.011178874506395889
    }, {
        "stage": 153,
        "start": [-77.023085, 38.93789],
        "end": [-77.022464, 38.938735],
        "km": 0.07220035955465672
    }, {
        "stage": 154,
        "start": [-77.022464, 38.938735],
        "end": [-77.021643, 38.939835],
        "km": 0.09532950389838218
    }, {
        "stage": 155,
        "start": [-77.021643, 38.939835],
        "end": [-77.021531, 38.939986],
        "km": 0.013011744915724877
    }, {
        "stage": 156,
        "start": [-77.021531, 38.939986],
        "end": [-77.020809, 38.940941],
        "km": 0.08374639258832453
    }, {
        "stage": 157,
        "start": [-77.020809, 38.940941],
        "end": [-77.020002, 38.942035],
        "km": 0.09379723054967934
    }, {
        "stage": 158,
        "start": [-77.020002, 38.942035],
        "end": [-77.019637, 38.942526],
        "km": 0.042396429869209384
    }, {
        "stage": 159,
        "start": [-77.019637, 38.942526],
        "end": [-77.019593, 38.942563],
        "km": 0.004978209508011522
    }, {
        "stage": 160,
        "start": [-77.019593, 38.942563],
        "end": [-77.019498, 38.942604],
        "km": 0.010612729212531842
    }, {
        "stage": 161,
        "start": [-77.019498, 38.942604],
        "end": [-77.019432, 38.942588],
        "km": 0.007349625197976556
    }, {
        "stage": 162,
        "start": [-77.019432, 38.942588],
        "end": [-77.019363, 38.942577],
        "km": 0.00767648652144025
    }, {
        "stage": 163,
        "start": [-77.019363, 38.942577],
        "end": [-77.019294, 38.942571],
        "km": 0.00767355107468788
    }, {
        "stage": 164,
        "start": [-77.019294, 38.942571],
        "end": [-77.019224, 38.942571],
        "km": 0.007783162126862742
    }, {
        "stage": 165,
        "start": [-77.019224, 38.942571],
        "end": [-77.019165, 38.942574],
        "km": 0.006561217637529421
    }, {
        "stage": 166,
        "start": [-77.019165, 38.942574],
        "end": [-77.019107, 38.942582],
        "km": 0.006452496992754359
    }, {
        "stage": 167,
        "start": [-77.019107, 38.942582],
        "end": [-77.019049, 38.942593],
        "km": 0.006455289677149453
    }, {
        "stage": 168,
        "start": [-77.019049, 38.942593],
        "end": [-77.018942, 38.942626],
        "km": 0.011925808808114247
    }, {
        "stage": 169,
        "start": [-77.018942, 38.942626],
        "end": [-77.018887, 38.942649],
        "km": 0.006142685826396544
    }, {
        "stage": 170,
        "start": [-77.018887, 38.942649],
        "end": [-77.018834, 38.942677],
        "km": 0.00593374021619053
    }, {
        "stage": 171,
        "start": [-77.018834, 38.942677],
        "end": [-77.018785, 38.942707],
        "km": 0.0054994315277584
    }, {
        "stage": 172,
        "start": [-77.018785, 38.942707],
        "end": [-77.01874, 38.942741],
        "km": 0.005074134130181863
    }, {
        "stage": 173,
        "start": [-77.01874, 38.942741],
        "end": [-77.018698, 38.942778],
        "km": 0.00476075484132221
    }, {
        "stage": 174,
        "start": [-77.018698, 38.942778],
        "end": [-77.018661, 38.942818],
        "km": 0.004233740299603981
    }, {
        "stage": 175,
        "start": [-77.018661, 38.942818],
        "end": [-77.018629, 38.94286],
        "km": 0.0037095936678213804
    }, {
        "stage": 176,
        "start": [-77.018629, 38.94286],
        "end": [-77.018602, 38.942904],
        "km": 0.0031967844226241083
    }, {
        "stage": 177,
        "start": [-77.018602, 38.942904],
        "end": [-77.01858, 38.94295],
        "km": 0.0027017759562306012
    }, {
        "stage": 178,
        "start": [-77.01858, 38.94295],
        "end": [-77.018563, 38.942997],
        "km": 0.002226322973229864
    }, {
        "stage": 179,
        "start": [-77.018563, 38.942997],
        "end": [-77.018551, 38.943045],
        "km": 0.0017961737136302286
    }, {
        "stage": 180,
        "start": [-77.018551, 38.943045],
        "end": [-77.018546, 38.943094],
        "km": 0.0013458753894820055
    }, {
        "stage": 181,
        "start": [-77.018546, 38.943094],
        "end": [-77.018545, 38.943143],
        "km": 0.0012304428979621432
    }, {
        "stage": 182,
        "start": [-77.018545, 38.943143],
        "end": [-77.018552, 38.9432],
        "km": 0.0016249523609640174
    }, {
        "stage": 183,
        "start": [-77.018552, 38.9432],
        "end": [-77.018567, 38.943257],
        "km": 0.0021937010925598215
    }, {
        "stage": 184,
        "start": [-77.018567, 38.943257],
        "end": [-77.018589, 38.943312],
        "km": 0.0028064837979574027
    }, {
        "stage": 185,
        "start": [-77.018589, 38.943312],
        "end": [-77.018618, 38.943365],
        "km": 0.0034853931163603778
    }, {
        "stage": 186,
        "start": [-77.018618, 38.943365],
        "end": [-77.018654, 38.943415],
        "km": 0.004192027555254208
    }, {
        "stage": 187,
        "start": [-77.018654, 38.943415],
        "end": [-77.018697, 38.943462],
        "km": 0.004923602267601728
    }, {
        "stage": 188,
        "start": [-77.018697, 38.943462],
        "end": [-77.018745, 38.943505],
        "km": 0.005445086358430626
    }, {
        "stage": 189,
        "start": [-77.018745, 38.943505],
        "end": [-77.0188, 38.943544],
        "km": 0.006193093441112849
    }, {
        "stage": 190,
        "start": [-77.0188, 38.943544],
        "end": [-77.018835, 38.943565],
        "km": 0.003927884449257771
    }, {
        "stage": 191,
        "start": [-77.018835, 38.943565],
        "end": [-77.018872, 38.943585],
        "km": 0.004145550114173283
    }, {
        "stage": 192,
        "start": [-77.018872, 38.943585],
        "end": [-77.01891, 38.943603],
        "km": 0.004248614213472389
    }, {
        "stage": 193,
        "start": [-77.01891, 38.943603],
        "end": [-77.018863, 38.943666],
        "km": 0.0054574850530989235
    }, {
        "stage": 194,
        "start": [-77.018863, 38.943666],
        "end": [-77.018449, 38.944222],
        "km": 0.048081641887740334
    }, {
        "stage": 195,
        "start": [-77.018449, 38.944222],
        "end": [-77.018299, 38.944424],
        "km": 0.017424896976472287
    }, {
        "stage": 196,
        "start": [-77.018299, 38.944424],
        "end": [-77.018144, 38.944632],
        "km": 0.018000578788254357
    }, {
        "stage": 197,
        "start": [-77.018144, 38.944632],
        "end": [-77.017633, 38.945319],
        "km": 0.05935266359577237
    }, {
        "stage": 198,
        "start": [-77.017633, 38.945319],
        "end": [-77.017559, 38.945418],
        "km": 0.008591099993647667
    }, {
        "stage": 199,
        "start": [-77.017559, 38.945418],
        "end": [-77.017302, 38.945763],
        "km": 0.029846922182230232
    }, {
        "stage": 200,
        "start": [-77.017302, 38.945763],
        "end": [-77.016819, 38.946413],
        "km": 0.05610542706843461
    }, {
        "stage": 201,
        "start": [-77.016819, 38.946413],
        "end": [-77.016299, 38.947111],
        "km": 0.060390570547319
    }, {
        "stage": 202,
        "start": [-77.016299, 38.947111],
        "end": [-77.016038, 38.947463],
        "km": 0.030323348071252865
    }, {
        "stage": 203,
        "start": [-77.016038, 38.947463],
        "end": [-77.015937, 38.947598],
        "km": 0.01172538638992383
    }, {
        "stage": 204,
        "start": [-77.015937, 38.947598],
        "end": [-77.01568, 38.947943],
        "km": 0.029847224116143718
    }, {
        "stage": 205,
        "start": [-77.01568, 38.947943],
        "end": [-77.015198, 38.948591],
        "km": 0.05598515185745757
    }, {
        "stage": 206,
        "start": [-77.015198, 38.948591],
        "end": [-77.015083, 38.948746],
        "km": 0.013360298882360238
    }, {
        "stage": 207,
        "start": [-77.015083, 38.948746],
        "end": [-77.014695, 38.949267],
        "km": 0.045062408892253276
    }, {
        "stage": 208,
        "start": [-77.014695, 38.949267],
        "end": [-77.014414, 38.949645],
        "km": 0.03264043771649884
    }, {
        "stage": 209,
        "start": [-77.014414, 38.949645],
        "end": [-77.014281, 38.949823],
        "km": 0.015442519399299224
    }, {
        "stage": 210,
        "start": [-77.014281, 38.949823],
        "end": [-77.014077, 38.950097],
        "km": 0.023693158541231756
    }, {
        "stage": 211,
        "start": [-77.014077, 38.950097],
        "end": [-77.013408, 38.950997],
        "km": 0.07771058826242717
    }, {
        "stage": 212,
        "start": [-77.013408, 38.950997],
        "end": [-77.013248, 38.951211],
        "km": 0.018576612367538645
    }, {
        "stage": 213,
        "start": [-77.013248, 38.951211],
        "end": [-77.012832, 38.95177],
        "km": 0.04831797002407202
    }, {
        "stage": 214,
        "start": [-77.012832, 38.95177],
        "end": [-77.012432, 38.952308],
        "km": 0.046463331842903695
    }, {
        "stage": 215,
        "start": [-77.012432, 38.952308],
        "end": [-77.012124, 38.952721],
        "km": 0.03576772748714806
    }, {
        "stage": 216,
        "start": [-77.012124, 38.952721],
        "end": [-77.01165, 38.953358],
        "km": 0.055055322507024856
    }, {
        "stage": 217,
        "start": [-77.01165, 38.953358],
        "end": [-77.01151, 38.953546],
        "km": 0.01626005742908904
    }, {
        "stage": 218,
        "start": [-77.01151, 38.953546],
        "end": [-77.011131, 38.954056],
        "km": 0.04402606452397042
    }, {
        "stage": 219,
        "start": [-77.011131, 38.954056],
        "end": [-77.010811, 38.954487],
        "km": 0.037175291037914907
    }, {
        "stage": 220,
        "start": [-77.010811, 38.954487],
        "end": [-77.010745, 38.954575],
        "km": 0.007660621746085513
    }, {
        "stage": 221,
        "start": [-77.010745, 38.954575],
        "end": [-77.010609, 38.954758],
        "km": 0.015798196370443034
    }, {
        "stage": 222,
        "start": [-77.010609, 38.954758],
        "end": [-77.010371, 38.955077],
        "km": 0.027637888406227763
    }, {
        "stage": 223,
        "start": [-77.010371, 38.955077],
        "end": [-77.010289, 38.955192],
        "km": 0.009559764953620509
    }, {
        "stage": 224,
        "start": [-77.010289, 38.955192],
        "end": [-77.009675, 38.954991],
        "km": 0.06845499673775167
    }, {
        "stage": 225,
        "start": [-77.009675, 38.954991],
        "end": [-77.009199, 38.954836],
        "km": 0.05306780675527586
    }, {
        "stage": 226,
        "start": [-77.009199, 38.954836],
        "end": [-77.009127, 38.954824],
        "km": 0.00801138877685099
    }, {
        "stage": 227,
        "start": [-77.009127, 38.954824],
        "end": [-77.009046, 38.954815],
        "km": 0.009009421475529676
    }, {
        "stage": 228,
        "start": [-77.009046, 38.954815],
        "end": [-77.008997, 38.954814],
        "km": 0.0054483954358302165
    }, {
        "stage": 229,
        "start": [-77.008997, 38.954814],
        "end": [-77.008918, 38.954817],
        "km": 0.008784042629724596
    }, {
        "stage": 230,
        "start": [-77.008918, 38.954817],
        "end": [-77.008879, 38.95482],
        "km": 0.004336786551986667
    }, {
        "stage": 231,
        "start": [-77.008879, 38.95482],
        "end": [-77.00884, 38.954825],
        "km": 0.004338864054645698
    }, {
        "stage": 232,
        "start": [-77.00884, 38.954825],
        "end": [-77.008612, 38.954876],
        "km": 0.025383099856595006
    }, {
        "stage": 233,
        "start": [-77.008612, 38.954876],
        "end": [-77.008282, 38.954949],
        "km": 0.03673782477106281
    }, {
        "stage": 234,
        "start": [-77.008282, 38.954949],
        "end": [-77.007656, 38.955089],
        "km": 0.06969260559906736
    }, {
        "stage": 235,
        "start": [-77.007656, 38.955089],
        "end": [-77.007315, 38.955164],
        "km": 0.03796184840199836
    }, {
        "stage": 236,
        "start": [-77.007315, 38.955164],
        "end": [-77.006259, 38.9554],
        "km": 0.11756434159399734
    }, {
        "stage": 237,
        "start": [-77.006259, 38.9554],
        "end": [-77.00578, 38.955504],
        "km": 0.053323361165281226
    }, {
        "stage": 238,
        "start": [-77.00578, 38.955504],
        "end": [-77.005404, 38.955554],
        "km": 0.04182601017802053
    }, {
        "stage": 239,
        "start": [-77.005404, 38.955554],
        "end": [-77.005106, 38.955618],
        "km": 0.03317323104221833
    }, {
        "stage": 240,
        "start": [-77.005106, 38.955618],
        "end": [-77.004626, 38.95572],
        "km": 0.05343192001823817
    }, {
        "stage": 241,
        "start": [-77.004626, 38.95572],
        "end": [-77.003613, 38.955943],
        "km": 0.11277299321862357
    }, {
        "stage": 242,
        "start": [-77.003613, 38.955943],
        "end": [-77.00323, 38.956038],
        "km": 0.0426517972509472
    }, {
        "stage": 243,
        "start": [-77.00323, 38.956038],
        "end": [-77.003116, 38.956066],
        "km": 0.012695188497191747
    }, {
        "stage": 244,
        "start": [-77.003116, 38.956066],
        "end": [-77.003036, 38.956089],
        "km": 0.008913383936291649
    }, {
        "stage": 245,
        "start": [-77.003036, 38.956089],
        "end": [-77.002955, 38.956116],
        "km": 0.009031400580321194
    }, {
        "stage": 246,
        "start": [-77.002955, 38.956116],
        "end": [-77.002878, 38.956144],
        "km": 0.0085900509552417
    }, {
        "stage": 247,
        "start": [-77.002878, 38.956144],
        "end": [-77.002796, 38.956179],
        "km": 0.009159216783740699
    }, {
        "stage": 248,
        "start": [-77.002796, 38.956179],
        "end": [-77.00272, 38.956215],
        "km": 0.00849775869175446
    }, {
        "stage": 249,
        "start": [-77.00272, 38.956215],
        "end": [-77.002636, 38.956263],
        "km": 0.009416822237052737
    }, {
        "stage": 250,
        "start": [-77.002636, 38.956263],
        "end": [-77.002555, 38.956315],
        "km": 0.009099990706550758
    }, {
        "stage": 251,
        "start": [-77.002555, 38.956315],
        "end": [-77.002504, 38.956353],
        "km": 0.005750169925832376
    }, {
        "stage": 252,
        "start": [-77.002504, 38.956353],
        "end": [-77.002439, 38.956402],
        "km": 0.007330595023534459
    }, {
        "stage": 253,
        "start": [-77.002439, 38.956402],
        "end": [-77.00239, 38.956447],
        "km": 0.005563783134978002
    }, {
        "stage": 254,
        "start": [-77.00239, 38.956447],
        "end": [-77.002349, 38.956492],
        "km": 0.004695953715086316
    }, {
        "stage": 255,
        "start": [-77.002349, 38.956492],
        "end": [-77.002292, 38.956549],
        "km": 0.00649634232383375
    }, {
        "stage": 256,
        "start": [-77.002292, 38.956549],
        "end": [-77.00222, 38.956637],
        "km": 0.008302505146769803
    }, {
        "stage": 257,
        "start": [-77.00222, 38.956637],
        "end": [-77.002151, 38.956732],
        "km": 0.008031050034704432
    }, {
        "stage": 258,
        "start": [-77.002151, 38.956732],
        "end": [-77.002029, 38.956962],
        "km": 0.01473415462025681
    }, {
        "stage": 259,
        "start": [-77.002029, 38.956962],
        "end": [-77.001798, 38.957418],
        "km": 0.028102542839883577
    }, {
        "stage": 260,
        "start": [-77.001798, 38.957418],
        "end": [-77.001474, 38.958055],
        "km": 0.039390534042952514
    }, {
        "stage": 261,
        "start": [-77.001474, 38.958055],
        "end": [-77.00129, 38.958377],
        "km": 0.021986867133486538
    }, {
        "stage": 262,
        "start": [-77.00129, 38.958377],
        "end": [-77.001195, 38.958554],
        "km": 0.011453226421911341
    }, {
        "stage": 263,
        "start": [-77.001195, 38.958554],
        "end": [-77.001138, 38.958661],
        "km": 0.006879694949487566
    }, {
        "stage": 264,
        "start": [-77.001138, 38.958661],
        "end": [-77.001089, 38.958757],
        "km": 0.0059534511744777354
    }, {
        "stage": 265,
        "start": [-77.001089, 38.958757],
        "end": [-77.001112, 38.958792],
        "km": 0.0027034432047423956
    }, {
        "stage": 266,
        "start": [-77.001112, 38.958792],
        "end": [-77.000787, 38.959239],
        "km": 0.03782641199259456
    }, {
        "stage": 267,
        "start": [-77.000787, 38.959239],
        "end": [-77.000558, 38.959536],
        "km": 0.026523924721638576
    }, {
        "stage": 268,
        "start": [-77.000558, 38.959536],
        "end": [-77.000449, 38.959681],
        "km": 0.012650388084377882
    }, {
        "stage": 269,
        "start": [-77.000449, 38.959681],
        "end": [-77.000302, 38.959867],
        "km": 0.01699392656426613
    }, {
        "stage": 270,
        "start": [-77.000302, 38.959867],
        "end": [-77.000205, 38.959981],
        "km": 0.011156279486819633
    }, {
        "stage": 271,
        "start": [-77.000205, 38.959981],
        "end": [-77.000059, 38.960139],
        "km": 0.0167078085761556
    }, {
        "stage": 272,
        "start": [-77.000059, 38.960139],
        "end": [-76.999935, 38.960263],
        "km": 0.014131930726735586
    }, {
        "stage": 273,
        "start": [-76.999935, 38.960263],
        "end": [-76.999793, 38.960395],
        "km": 0.016130404473500067
    }, {
        "stage": 274,
        "start": [-76.999793, 38.960395],
        "end": [-76.999652, 38.960514],
        "km": 0.015957683561953477
    }, {
        "stage": 275,
        "start": [-76.999652, 38.960514],
        "end": [-76.99949, 38.960639],
        "km": 0.018281992657073694
    }, {
        "stage": 276,
        "start": [-76.99949, 38.960639],
        "end": [-76.999262, 38.960796],
        "km": 0.02565361383369331
    }, {
        "stage": 277,
        "start": [-76.999262, 38.960796],
        "end": [-76.999074, 38.960911],
        "km": 0.02110069062859329
    }, {
        "stage": 278,
        "start": [-76.999074, 38.960911],
        "end": [-76.998806, 38.961056],
        "km": 0.030018832241539537
    }, {
        "stage": 279,
        "start": [-76.998806, 38.961056],
        "end": [-76.998632, 38.96114],
        "km": 0.019460799762001404
    }, {
        "stage": 280,
        "start": [-76.998632, 38.96114],
        "end": [-76.998455, 38.961217],
        "km": 0.01977477983646707
    }, {
        "stage": 281,
        "start": [-76.998455, 38.961217],
        "end": [-76.998336, 38.961261],
        "km": 0.013277412569604472
    }, {
        "stage": 282,
        "start": [-76.998336, 38.961261],
        "end": [-76.998272, 38.961286],
        "km": 0.007143813429706201
    }, {
        "stage": 283,
        "start": [-76.998272, 38.961286],
        "end": [-76.997955, 38.961395],
        "km": 0.035352489560295394
    }, {
        "stage": 284,
        "start": [-76.997955, 38.961395],
        "end": [-76.997706, 38.961475],
        "km": 0.02775827155679261
    }, {
        "stage": 285,
        "start": [-76.997706, 38.961475],
        "end": [-76.997539, 38.961526],
        "km": 0.01861223436515062
    }, {
        "stage": 286,
        "start": [-76.997539, 38.961526],
        "end": [-76.997325, 38.961586],
        "km": 0.023841792026690695
    }, {
        "stage": 287,
        "start": [-76.997325, 38.961586],
        "end": [-76.997224, 38.961596],
        "km": 0.01123275666399055
    }, {
        "stage": 288,
        "start": [-76.997224, 38.961596],
        "end": [-76.996943, 38.961612],
        "km": 0.03124663418181786
    }, {
        "stage": 289,
        "start": [-76.996943, 38.961612],
        "end": [-76.996782, 38.961642],
        "km": 0.017917028012275474
    }, {
        "stage": 290,
        "start": [-76.996782, 38.961642],
        "end": [-76.996536, 38.961687],
        "km": 0.027375790870617134
    }, {
        "stage": 291,
        "start": [-76.996536, 38.961687],
        "end": [-76.996258, 38.961737],
        "km": 0.03093605932973791
    }, {
        "stage": 292,
        "start": [-76.996258, 38.961737],
        "end": [-76.996206, 38.961747],
        "km": 0.005786882651760257
    }, {
        "stage": 293,
        "start": [-76.996206, 38.961747],
        "end": [-76.996124, 38.961763],
        "km": 0.00912669000316223
    }, {
        "stage": 294,
        "start": [-76.996124, 38.961763],
        "end": [-76.995712, 38.961841],
        "km": 0.04585164112583986
    }, {
        "stage": 295,
        "start": [-76.995712, 38.961841],
        "end": [-76.995037, 38.961973],
        "km": 0.07512554354362605
    }, {
        "stage": 296,
        "start": [-76.995037, 38.961973],
        "end": [-76.994995, 38.961981],
        "km": 0.0046738323559350784
    }, {
        "stage": 297,
        "start": [-76.994995, 38.961981],
        "end": [-76.994358, 38.9621],
        "km": 0.07089031359114864
    }, {
        "stage": 298,
        "start": [-76.994358, 38.9621],
        "end": [-76.994218, 38.962116],
        "km": 0.015571533770218329
    }, {
        "stage": 299,
        "start": [-76.994218, 38.962116],
        "end": [-76.994041, 38.962143],
        "km": 0.019692349835415707
    }, {
        "stage": 300,
        "start": [-76.994041, 38.962143],
        "end": [-76.99386, 38.962178],
        "km": 0.02014433681105772
    }, {
        "stage": 301,
        "start": [-76.99386, 38.962178],
        "end": [-76.993664, 38.962222],
        "km": 0.02182106276977175
    }, {
        "stage": 302,
        "start": [-76.993664, 38.962222],
        "end": [-76.993442, 38.962283],
        "km": 0.02473141397324336
    }, {
        "stage": 303,
        "start": [-76.993442, 38.962283],
        "end": [-76.993379, 38.9623],
        "km": 0.00701781485116579
    }, {
        "stage": 304,
        "start": [-76.993379, 38.9623],
        "end": [-76.993137, 38.962387],
        "km": 0.02699573611539767
    }, {
        "stage": 305,
        "start": [-76.993137, 38.962387],
        "end": [-76.992506, 38.962618],
        "km": 0.07039835375452547
    }, {
        "stage": 306,
        "start": [-76.992506, 38.962618],
        "end": [-76.992319, 38.962688],
        "km": 0.020865981883116343
    }, {
        "stage": 307,
        "start": [-76.992319, 38.962688],
        "end": [-76.992036, 38.962807],
        "km": 0.03160722914701021
    }, {
        "stage": 308,
        "start": [-76.992036, 38.962807],
        "end": [-76.991812, 38.962915],
        "km": 0.025052541740630346
    }, {
        "stage": 309,
        "start": [-76.991812, 38.962915],
        "end": [-76.991629, 38.963011],
        "km": 0.02048898998279208
    }, {
        "stage": 310,
        "start": [-76.991629, 38.963011],
        "end": [-76.991454, 38.963117],
        "km": 0.019638045603030518
    }, {
        "stage": 311,
        "start": [-76.991454, 38.963117],
        "end": [-76.991274, 38.963234],
        "km": 0.02022737529629847
    }, {
        "stage": 312,
        "start": [-76.991274, 38.963234],
        "end": [-76.991036, 38.963401],
        "km": 0.02679132917974852
    }, {
        "stage": 313,
        "start": [-76.991036, 38.963401],
        "end": [-76.990774, 38.963581],
        "km": 0.029477940831113575
    }, {
        "stage": 314,
        "start": [-76.990774, 38.963581],
        "end": [-76.990579, 38.963731],
        "km": 0.022004689426096676
    }, {
        "stage": 315,
        "start": [-76.990579, 38.963731],
        "end": [-76.990365, 38.9639],
        "km": 0.0241676562276357
    }, {
        "stage": 316,
        "start": [-76.990365, 38.9639],
        "end": [-76.990113, 38.964112],
        "km": 0.02851795620076825
    }, {
        "stage": 317,
        "start": [-76.990113, 38.964112],
        "end": [-76.989905, 38.964299],
        "km": 0.023596541207424663
    }, {
        "stage": 318,
        "start": [-76.989905, 38.964299],
        "end": [-76.989839, 38.96436],
        "km": 0.007495921881852026
    }, {
        "stage": 319,
        "start": [-76.989839, 38.96436],
        "end": [-76.989636, 38.96455],
        "km": 0.023066995508665544
    }, {
        "stage": 320,
        "start": [-76.989636, 38.96455],
        "end": [-76.988375, 38.965776],
        "km": 0.1435296766264378
    }, {
        "stage": 321,
        "start": [-76.988375, 38.965776],
        "end": [-76.98782, 38.966327],
        "km": 0.06323313087658095
    }, {
        "stage": 322,
        "start": [-76.98782, 38.966327],
        "end": [-76.987459, 38.966678],
        "km": 0.04108998567216007
    }, {
        "stage": 323,
        "start": [-76.987459, 38.966678],
        "end": [-76.987214, 38.966916],
        "km": 0.027885407241929935
    }, {
        "stage": 324,
        "start": [-76.987214, 38.966916],
        "end": [-76.986267, 38.967858],
        "km": 0.10790559461242633
    }, {
        "stage": 325,
        "start": [-76.986267, 38.967858],
        "end": [-76.985506, 38.968605],
        "km": 0.0866578749877735
    }, {
        "stage": 326,
        "start": [-76.985506, 38.968605],
        "end": [-76.985372, 38.968727],
        "km": 0.015209668808521018
    }, {
        "stage": 327,
        "start": [-76.985372, 38.968727],
        "end": [-76.985313, 38.968781],
        "km": 0.0066985050044500866
    }, {
        "stage": 328,
        "start": [-76.985313, 38.968781],
        "end": [-76.985145, 38.968929],
        "km": 0.019043965813911427
    }, {
        "stage": 329,
        "start": [-76.985145, 38.968929],
        "end": [-76.984876, 38.969129],
        "km": 0.030326468422254487
    }, {
        "stage": 330,
        "start": [-76.984876, 38.969129],
        "end": [-76.984819, 38.969165],
        "km": 0.006401316494171633
    }, {
        "stage": 331,
        "start": [-76.984819, 38.969165],
        "end": [-76.984678, 38.969253],
        "km": 0.0158321008696801
    }, {
        "stage": 332,
        "start": [-76.984678, 38.969253],
        "end": [-76.984545, 38.969333],
        "km": 0.014923159152609717
    }, {
        "stage": 333,
        "start": [-76.984545, 38.969333],
        "end": [-76.984217, 38.969489],
        "km": 0.03667878231534824
    }, {
        "stage": 334,
        "start": [-76.984217, 38.969489],
        "end": [-76.983974, 38.96959],
        "km": 0.02713724074908791
    }, {
        "stage": 335,
        "start": [-76.983974, 38.96959],
        "end": [-76.983858, 38.969629],
        "km": 0.012934986985530224
    }, {
        "stage": 336,
        "start": [-76.983858, 38.969629],
        "end": [-76.98373, 38.969672],
        "km": 0.014272796664444209
    }, {
        "stage": 337,
        "start": [-76.98373, 38.969672],
        "end": [-76.983583, 38.969708],
        "km": 0.016369702792271276
    }, {
        "stage": 338,
        "start": [-76.983583, 38.969708],
        "end": [-76.983405, 38.969752],
        "km": 0.019822345796942836
    }, {
        "stage": 339,
        "start": [-76.983405, 38.969752],
        "end": [-76.983239, 38.969787],
        "km": 0.018478114903716546
    }, {
        "stage": 340,
        "start": [-76.983239, 38.969787],
        "end": [-76.983064, 38.96982],
        "km": 0.019475843940914308
    }, {
        "stage": 341,
        "start": [-76.983064, 38.96982],
        "end": [-76.982901, 38.969839],
        "km": 0.018130278414443292
    }, {
        "stage": 342,
        "start": [-76.982901, 38.969839],
        "end": [-76.982726, 38.969858],
        "km": 0.019464041029219576
    }, {
        "stage": 343,
        "start": [-76.982726, 38.969858],
        "end": [-76.982577, 38.969881],
        "km": 0.016577036736330784
    }, {
        "stage": 344,
        "start": [-76.982577, 38.969881],
        "end": [-76.982545, 38.969886],
        "km": 0.003559585945653174
    }, {
        "stage": 345,
        "start": [-76.982545, 38.969886],
        "end": [-76.982331, 38.969926],
        "km": 0.023815507569297848
    }, {
        "stage": 346,
        "start": [-76.982331, 38.969926],
        "end": [-76.982144, 38.969983],
        "km": 0.02084134951906673
    }, {
        "stage": 347,
        "start": [-76.982144, 38.969983],
        "end": [-76.982085, 38.970002],
        "km": 0.00657767900809066
    }, {
        "stage": 348,
        "start": [-76.982085, 38.970002],
        "end": [-76.981873, 38.97007],
        "km": 0.023633748463925377
    }, {
        "stage": 349,
        "start": [-76.981873, 38.97007],
        "end": [-76.981568, 38.970197],
        "km": 0.03406188164007251
    }, {
        "stage": 350,
        "start": [-76.981568, 38.970197],
        "end": [-76.981417, 38.970279],
        "km": 0.016914994014833592
    }, {
        "stage": 351,
        "start": [-76.981417, 38.970279],
        "end": [-76.981257, 38.970377],
        "km": 0.017958977439548426
    }, {
        "stage": 352,
        "start": [-76.981257, 38.970377],
        "end": [-76.981227, 38.970397],
        "km": 0.0033737158252285385
    }, {
        "stage": 353,
        "start": [-76.981227, 38.970397],
        "end": [-76.981067, 38.970505],
        "km": 0.01799482048560933
    }, {
        "stage": 354,
        "start": [-76.981067, 38.970505],
        "end": [-76.980898, 38.970647],
        "km": 0.019124713969974425
    }, {
        "stage": 355,
        "start": [-76.980898, 38.970647],
        "end": [-76.980426, 38.97111],
        "km": 0.053747646921158534
    }, {
        "stage": 356,
        "start": [-76.980426, 38.97111],
        "end": [-76.98026, 38.971277],
        "km": 0.018925769094216397
    }, {
        "stage": 357,
        "start": [-76.98026, 38.971277],
        "end": [-76.980236, 38.971299],
        "km": 0.0027250246105484212
    }, {
        "stage": 358,
        "start": [-76.980236, 38.971299],
        "end": [-76.980177, 38.97136],
        "km": 0.006736069516888771
    }, {
        "stage": 359,
        "start": [-76.980177, 38.97136],
        "end": [-76.980014, 38.971525],
        "km": 0.018589221148856593
    }, {
        "stage": 360,
        "start": [-76.980014, 38.971525],
        "end": [-76.979706, 38.971852],
        "km": 0.03521239164952145
    }, {
        "stage": 361,
        "start": [-76.979706, 38.971852],
        "end": [-76.979561, 38.972032],
        "km": 0.01674121668290913
    }, {
        "stage": 362,
        "start": [-76.979561, 38.972032],
        "end": [-76.979538, 38.972073],
        "km": 0.0027562627154416267
    }, {
        "stage": 363,
        "start": [-76.979538, 38.972073],
        "end": [-76.979488, 38.97218],
        "km": 0.006171957785492
    }, {
        "stage": 364,
        "start": [-76.979488, 38.97218],
        "end": [-76.979411, 38.972363],
        "km": 0.009712207111812558
    }, {
        "stage": 365,
        "start": [-76.979411, 38.972363],
        "end": [-76.979391, 38.972429],
        "km": 0.00277093679988414
    }, {
        "stage": 366,
        "start": [-76.979391, 38.972429],
        "end": [-76.979357, 38.972547],
        "km": 0.00479940332196172
    }, {
        "stage": 367,
        "start": [-76.979357, 38.972547],
        "end": [-76.979314, 38.972689],
        "km": 0.005959502968847888
    }, {
        "stage": 368,
        "start": [-76.979314, 38.972689],
        "end": [-76.979304, 38.972756],
        "km": 0.0020137848993687
    }, {
        "stage": 369,
        "start": [-76.979304, 38.972756],
        "end": [-76.979297, 38.972805],
        "km": 0.0014552605424745285
    }, {
        "stage": 370,
        "start": [-76.979297, 38.972805],
        "end": [-76.979269, 38.973208],
        "km": 0.010565069562245956
    }, {
        "stage": 371,
        "start": [-76.979269, 38.973208],
        "end": [-76.979285, 38.973677],
        "km": 0.011883416564450836
    }, {
        "stage": 372,
        "start": [-76.979285, 38.973677],
        "end": [-76.979284, 38.973929],
        "km": 0.0063141425463399785
    }, {
        "stage": 373,
        "start": [-76.979284, 38.973929],
        "end": [-76.979275, 38.974061],
        "km": 0.0034542265312400896
    }, {
        "stage": 374,
        "start": [-76.979275, 38.974061],
        "end": [-76.979266, 38.974157],
        "km": 0.002606708667256586
    }, {
        "stage": 375,
        "start": [-76.979266, 38.974157],
        "end": [-76.97925, 38.974258],
        "km": 0.003093635063381599
    }, {
        "stage": 376,
        "start": [-76.97925, 38.974258],
        "end": [-76.979226, 38.974365],
        "km": 0.003782962812408543
    }, {
        "stage": 377,
        "start": [-76.979226, 38.974365],
        "end": [-76.979154, 38.974576],
        "km": 0.009593641576993548
    }, {
        "stage": 378,
        "start": [-76.979154, 38.974576],
        "end": [-76.979088, 38.974731],
        "km": 0.008302505146769803
    }, {
        "stage": 379,
        "start": [-76.979088, 38.974731],
        "end": [-76.979003, 38.974879],
        "km": 0.010152263554338048
    }, {
        "stage": 380,
        "start": [-76.979003, 38.974879],
        "end": [-76.97896, 38.97494],
        "km": 0.0050196727693497065
    }, {
        "stage": 381,
        "start": [-76.97896, 38.97494],
        "end": [-76.978928, 38.974986],
        "km": 0.0037398370646850253
    }, {
        "stage": 382,
        "start": [-76.978928, 38.974986],
        "end": [-76.978746, 38.975193],
        "km": 0.02089036951022106
    }, {
        "stage": 383,
        "start": [-76.978746, 38.975193],
        "end": [-76.978564, 38.975414],
        "km": 0.020980120997163905
    }, {
        "stage": 384,
        "start": [-76.978564, 38.975414],
        "end": [-76.978457, 38.975594],
        "km": 0.012723197185605219
    }, {
        "stage": 385,
        "start": [-76.978457, 38.975594],
        "end": [-76.978363, 38.975767],
        "km": 0.011314691785941262
    }, {
        "stage": 386,
        "start": [-76.978363, 38.975767],
        "end": [-76.97832, 38.975892],
        "km": 0.005715586851536471
    }, {
        "stage": 387,
        "start": [-76.97832, 38.975892],
        "end": [-76.978264, 38.97605],
        "km": 0.0073783837796653476
    }, {
        "stage": 388,
        "start": [-76.978264, 38.97605],
        "end": [-76.978231, 38.976188],
        "km": 0.00504117039563238
    }, {
        "stage": 389,
        "start": [-76.978231, 38.976188],
        "end": [-76.97821, 38.976353],
        "km": 0.004747485739709394
    }, {
        "stage": 390,
        "start": [-76.97821, 38.976353],
        "end": [-76.978197, 38.97648],
        "km": 0.003495720229707858
    }, {
        "stage": 391,
        "start": [-76.978197, 38.97648],
        "end": [-76.978189, 38.976561],
        "km": 0.002216180219007646
    }, {
        "stage": 392,
        "start": [-76.978189, 38.976561],
        "end": [-76.978202, 38.976716],
        "km": 0.004143375684380795
    }, {
        "stage": 393,
        "start": [-76.978202, 38.976716],
        "end": [-76.978221, 38.97696],
        "km": 0.006467841834858775
    }, {
        "stage": 394,
        "start": [-76.978221, 38.97696],
        "end": [-76.978271, 38.977394],
        "km": 0.012212166055637989
    }, {
        "stage": 395,
        "start": [-76.978271, 38.977394],
        "end": [-76.978309, 38.977869],
        "km": 0.012627928275787754
    }, {
        "stage": 396,
        "start": [-76.978309, 38.977869],
        "end": [-76.978388, 38.978854],
        "km": 0.02619417370963882
    }, {
        "stage": 397,
        "start": [-76.978388, 38.978854],
        "end": [-76.978425, 38.979476],
        "km": 0.01611699041340571
    }, {
        "stage": 398,
        "start": [-76.978425, 38.979476],
        "end": [-76.978427, 38.979591],
        "km": 0.0028887656837314362
    }, {
        "stage": 399,
        "start": [-76.978427, 38.979591],
        "end": [-76.978451, 38.979787],
        "km": 0.005588026313567911
    }, {
        "stage": 400,
        "start": [-76.978451, 38.979787],
        "end": [-76.978464, 38.979871],
        "km": 0.0025525600726108
    }, {
        "stage": 401,
        "start": [-76.978464, 38.979871],
        "end": [-76.978478, 38.97996],
        "km": 0.0027184024267363997
    }, {
        "stage": 402,
        "start": [-76.978478, 38.97996],
        "end": [-76.97851, 38.980108],
        "km": 0.005138550549914502
    }, {
        "stage": 403,
        "start": [-76.97851, 38.980108],
        "end": [-76.978596, 38.98044],
        "km": 0.012673519184484784
    }, {
        "stage": 404,
        "start": [-76.978596, 38.98044],
        "end": [-76.978695, 38.98074],
        "km": 0.013328896607409197
    }, {
        "stage": 405,
        "start": [-76.978695, 38.98074],
        "end": [-76.978859, 38.981265],
        "km": 0.02248355743680869
    }, {
        "stage": 406,
        "start": [-76.978859, 38.981265],
        "end": [-76.978932, 38.981536],
        "km": 0.010582115506796282
    }, {
        "stage": 407,
        "start": [-76.978932, 38.981536],
        "end": [-76.978956, 38.981636],
        "km": 0.003659453455456997
    }, {
        "stage": 408,
        "start": [-76.978956, 38.981636],
        "end": [-76.97901, 38.981907],
        "km": 0.009063275039010887
    }, {
        "stage": 409,
        "start": [-76.97901, 38.981907],
        "end": [-76.979083, 38.982275],
        "km": 0.012283170827830847
    }, {
        "stage": 410,
        "start": [-76.979083, 38.982275],
        "end": [-76.979143, 38.982795],
        "km": 0.01463596674022507
    }, {
        "stage": 411,
        "start": [-76.979143, 38.982795],
        "end": [-76.979186, 38.983054],
        "km": 0.0080601724874368
    }, {
        "stage": 412,
        "start": [-76.979186, 38.983054],
        "end": [-76.979193, 38.983094],
        "km": 0.0012700866130969564
    }, {
        "stage": 413,
        "start": [-76.979193, 38.983094],
        "end": [-76.979199, 38.98333],
        "km": 0.005949665677067917
    }, {
        "stage": 414,
        "start": [-76.979199, 38.98333],
        "end": [-76.979132, 38.983493],
        "km": 0.008495107036716971
    }, {
        "stage": 415,
        "start": [-76.979132, 38.983493],
        "end": [-76.979087, 38.983543],
        "km": 0.005156932273131948
    }, {
        "stage": 416,
        "start": [-76.979087, 38.983543],
        "end": [-76.979033, 38.983576],
        "km": 0.006060715677375452
    }, {
        "stage": 417,
        "start": [-76.979033, 38.983576],
        "end": [-76.978967, 38.983594],
        "km": 0.007352689968218585
    }, {
        "stage": 418,
        "start": [-76.978967, 38.983594],
        "end": [-76.978899, 38.983607],
        "km": 0.007567712077707174
    }, {
        "stage": 419,
        "start": [-76.978899, 38.983607],
        "end": [-76.978816, 38.983609],
        "km": 0.009228809992791583
    }, {
        "stage": 420,
        "start": [-76.978816, 38.983609],
        "end": [-76.978641, 38.983591],
        "km": 0.019463346517398714
    }, {
        "stage": 421,
        "start": [-76.978641, 38.983591],
        "end": [-76.978498, 38.983559],
        "km": 0.015920084467877856
    }, {
        "stage": 422,
        "start": [-76.978498, 38.983559],
        "end": [-76.978367, 38.983531],
        "km": 0.014582917586046332
    }, {
        "stage": 423,
        "start": [-76.978367, 38.983531],
        "end": [-76.978118, 38.983504],
        "km": 0.02769456620221058
    }, {
        "stage": 424,
        "start": [-76.978118, 38.983504],
        "end": [-76.977901, 38.983486],
        "km": 0.024132205809929273
    }, {
        "stage": 425,
        "start": [-76.977901, 38.983486],
        "end": [-76.977878, 38.983484],
        "km": 0.002556088146267841
    }, {
        "stage": 426,
        "start": [-76.977878, 38.983484],
        "end": [-76.977466, 38.983478],
        "km": 0.04581034839007354
    }, {
        "stage": 427,
        "start": [-76.977466, 38.983478],
        "end": [-76.97744, 38.983477],
        "km": 0.0028903250715285314
    }, {
        "stage": 428,
        "start": [-76.97744, 38.983477],
        "end": [-76.977162, 38.983496],
        "km": 0.030914203698506466
    }, {
        "stage": 429,
        "start": [-76.977162, 38.983496],
        "end": [-76.976856, 38.983531],
        "km": 0.03403528169852993
    }, {
        "stage": 430,
        "start": [-76.976856, 38.983531],
        "end": [-76.97659, 38.983557],
        "km": 0.0295835290561366
    }, {
        "stage": 431,
        "start": [-76.97659, 38.983557],
        "end": [-76.976015, 38.983611],
        "km": 0.06394830238506632
    }, {
        "stage": 432,
        "start": [-76.976015, 38.983611],
        "end": [-76.975353, 38.983675],
        "km": 0.07362494779991935
    }, {
        "stage": 433,
        "start": [-76.975353, 38.983675],
        "end": [-76.974817, 38.98373],
        "km": 0.059613551020542756
    }, {
        "stage": 434,
        "start": [-76.974817, 38.98373],
        "end": [-76.97429, 38.983778],
        "km": 0.05860932893033037
    }, {
        "stage": 435,
        "start": [-76.97429, 38.983778],
        "end": [-76.974261, 38.98378],
        "km": 0.0032262484963770763
    }, {
        "stage": 436,
        "start": [-76.974261, 38.98378],
        "end": [-76.973492, 38.983858],
        "km": 0.08552716193240499
    }, {
        "stage": 437,
        "start": [-76.973492, 38.983858],
        "end": [-76.972848, 38.983918],
        "km": 0.07162182326527408
    }, {
        "stage": 438,
        "start": [-76.972848, 38.983918],
        "end": [-76.972216, 38.983981],
        "km": 0.07028952332365829
    }, {
        "stage": 439,
        "start": [-76.972216, 38.983981],
        "end": [-76.972187, 38.983984],
        "km": 0.0032262484963770763
    }, {
        "stage": 440,
        "start": [-76.972187, 38.983984],
        "end": [-76.97144, 38.984058],
        "km": 0.08307930557553307
    }, {
        "stage": 441,
        "start": [-76.97144, 38.984058],
        "end": [-76.970654, 38.984135],
        "km": 0.08741635898397059
    }, {
        "stage": 442,
        "start": [-76.970654, 38.984135],
        "end": [-76.969886, 38.984209],
        "km": 0.0854138160045951
    }, {
        "stage": 443,
        "start": [-76.969886, 38.984209],
        "end": [-76.96932, 38.984265],
        "km": 0.0629490248264836
    }, {
        "stage": 444,
        "start": [-76.96932, 38.984265],
        "end": [-76.968436, 38.984351],
        "km": 0.09831524380029305
    }, {
        "stage": 445,
        "start": [-76.968436, 38.984351],
        "end": [-76.967998, 38.984391],
        "km": 0.04871130654070162
    }, {
        "stage": 446,
        "start": [-76.967998, 38.984391],
        "end": [-76.967752, 38.984412],
        "km": 0.02735767941539513
    }, {
        "stage": 447,
        "start": [-76.967752, 38.984412],
        "end": [-76.967209, 38.984458],
        "km": 0.06038691439951378
    }, {
        "stage": 448,
        "start": [-76.967209, 38.984458],
        "end": [-76.966699, 38.984512],
        "km": 0.05672283929402903
    }, {
        "stage": 449,
        "start": [-76.966699, 38.984512],
        "end": [-76.966136, 38.984571],
        "km": 0.06261716187906208
    }, {
        "stage": 450,
        "start": [-76.966136, 38.984571],
        "end": [-76.96605, 38.984585],
        "km": 0.009568716266924735
    }, {
        "stage": 451,
        "start": [-76.96605, 38.984585],
        "end": [-76.965381, 38.984658],
        "km": 0.0744083755625556
    }, {
        "stage": 452,
        "start": [-76.965381, 38.984658],
        "end": [-76.964418, 38.984749],
        "km": 0.10709987245132804
    }, {
        "stage": 453,
        "start": [-76.964418, 38.984749],
        "end": [-76.963943, 38.984801],
        "km": 0.05283114778951613
    }, {
        "stage": 454,
        "start": [-76.963943, 38.984801],
        "end": [-76.963068, 38.984885],
        "km": 0.09731367663338722
    }, {
        "stage": 455,
        "start": [-76.963068, 38.984885],
        "end": [-76.960763, 38.985105],
        "km": 0.2563513814008591
    }, {
        "stage": 456,
        "start": [-76.960763, 38.985105],
        "end": [-76.960008, 38.985172],
        "km": 0.08396498348318782
    }, {
        "stage": 457,
        "start": [-76.960008, 38.985172],
        "end": [-76.959617, 38.985211],
        "km": 0.0434861502258231
    }, {
        "stage": 458,
        "start": [-76.959617, 38.985211],
        "end": [-76.958932, 38.985283],
        "km": 0.07618627322084766
    }, {
        "stage": 459,
        "start": [-76.958932, 38.985283],
        "end": [-76.957987, 38.985392],
        "km": 0.10510971239854308
    }, {
        "stage": 460,
        "start": [-76.957987, 38.985392],
        "end": [-76.957715, 38.985449],
        "km": 0.0302773971565805
    }, {
        "stage": 461,
        "start": [-76.957715, 38.985449],
        "end": [-76.957476, 38.98552],
        "km": 0.02663394955947956
    }, {
        "stage": 462,
        "start": [-76.957476, 38.98552],
        "end": [-76.957155, 38.985629],
        "km": 0.03579656466450054
    }, {
        "stage": 463,
        "start": [-76.957155, 38.985629],
        "end": [-76.956857, 38.985751],
        "km": 0.03327562470788462
    }, {
        "stage": 464,
        "start": [-76.956857, 38.985751],
        "end": [-76.956697, 38.985836],
        "km": 0.017917782461104675
    }, {
        "stage": 465,
        "start": [-76.956697, 38.985836],
        "end": [-76.95656, 38.985926],
        "km": 0.015399567019505105
    }, {
        "stage": 466,
        "start": [-76.95656, 38.985926],
        "end": [-76.956502, 38.985959],
        "km": 0.00650258180885502
    }, {
        "stage": 467,
        "start": [-76.956502, 38.985959],
        "end": [-76.956395, 38.986021],
        "km": 0.011998883839195016
    }, {
        "stage": 468,
        "start": [-76.956395, 38.986021],
        "end": [-76.956264, 38.986102],
        "km": 0.01470691192239388
    }, {
        "stage": 469,
        "start": [-76.956264, 38.986102],
        "end": [-76.95618, 38.986159],
        "km": 0.009448827152911041
    }, {
        "stage": 470,
        "start": [-76.95618, 38.986159],
        "end": [-76.955982, 38.986315],
        "km": 0.02236077186890935
    }, {
        "stage": 471,
        "start": [-76.955982, 38.986315],
        "end": [-76.955824, 38.98645],
        "km": 0.017891609670145813
    }, {
        "stage": 472,
        "start": [-76.955824, 38.98645],
        "end": [-76.95569, 38.986579],
        "km": 0.015246951090587173
    }, {
        "stage": 473,
        "start": [-76.95569, 38.986579],
        "end": [-76.955531, 38.986749],
        "km": 0.01818660726696703
    }, {
        "stage": 474,
        "start": [-76.955531, 38.986749],
        "end": [-76.955431, 38.986881],
        "km": 0.011601762626443938
    }, {
        "stage": 475,
        "start": [-76.955431, 38.986881],
        "end": [-76.955223, 38.987127],
        "km": 0.023937231249804625
    }, {
        "stage": 476,
        "start": [-76.955223, 38.987127],
        "end": [-76.954979, 38.987479],
        "km": 0.028532330848297805
    }, {
        "stage": 477,
        "start": [-76.954979, 38.987479],
        "end": [-76.954761, 38.987799],
        "km": 0.025535307787995478
    }, {
        "stage": 478,
        "start": [-76.954761, 38.987799],
        "end": [-76.954316, 38.988411],
        "km": 0.051808701677545234
    }, {
        "stage": 479,
        "start": [-76.954316, 38.988411],
        "end": [-76.954061, 38.988802],
        "km": 0.03000351781205464
    }, {
        "stage": 480,
        "start": [-76.954061, 38.988802],
        "end": [-76.953491, 38.989611],
        "km": 0.06655145253381732
    }, {
        "stage": 481,
        "start": [-76.953491, 38.989611],
        "end": [-76.953218, 38.99],
        "km": 0.03188655269169956
    }, {
        "stage": 482,
        "start": [-76.953218, 38.99],
        "end": [-76.95295, 38.99038],
        "km": 0.031288137666690086
    }, {
        "stage": 483,
        "start": [-76.95295, 38.99038],
        "end": [-76.952684, 38.990743],
        "km": 0.030948146145965486
    }, {
        "stage": 484,
        "start": [-76.952684, 38.990743],
        "end": [-76.952426, 38.991098],
        "km": 0.030039089334265367
    }, {
        "stage": 485,
        "start": [-76.952426, 38.991098],
        "end": [-76.952244, 38.991362],
        "km": 0.021293917226238322
    }, {
        "stage": 486,
        "start": [-76.952244, 38.991362],
        "end": [-76.952228, 38.991385],
        "km": 0.0018723266705358763
    }, {
        "stage": 487,
        "start": [-76.952228, 38.991385],
        "end": [-76.952007, 38.991701],
        "km": 0.0258215077162945
    }, {
        "stage": 488,
        "start": [-76.952007, 38.991701],
        "end": [-76.951869, 38.991843],
        "km": 0.01575278151395337
    }, {
        "stage": 489,
        "start": [-76.951869, 38.991843],
        "end": [-76.951598, 38.992171],
        "km": 0.03123725944858499
    }, {
        "stage": 490,
        "start": [-76.951598, 38.992171],
        "end": [-76.951534, 38.992231],
        "km": 0.007273825251384501
    }, {
        "stage": 491,
        "start": [-76.951534, 38.992231],
        "end": [-76.951492, 38.992262],
        "km": 0.004734179447202573
    }, {
        "stage": 492,
        "start": [-76.951492, 38.992262],
        "end": [-76.951439, 38.992282],
        "km": 0.005913963562585022
    }, {
        "stage": 493,
        "start": [-76.951439, 38.992282],
        "end": [-76.951413, 38.99229],
        "km": 0.0028996637875310215
    }, {
        "stage": 494,
        "start": [-76.951413, 38.99229],
        "end": [-76.951346, 38.9923],
        "km": 0.007454329456784559
    }, {
        "stage": 495,
        "start": [-76.951346, 38.9923],
        "end": [-76.951296, 38.992299],
        "km": 0.005559732327644503
    }, {
        "stage": 496,
        "start": [-76.951296, 38.992299],
        "end": [-76.951238, 38.992287],
        "km": 0.006455987659492104
    }, {
        "stage": 497,
        "start": [-76.951238, 38.992287],
        "end": [-76.951152, 38.992262],
        "km": 0.009582832895598872
    }, {
        "stage": 498,
        "start": [-76.951152, 38.992262],
        "end": [-76.95074, 38.992059],
        "km": 0.04609265795493311
    }, {
        "stage": 499,
        "start": [-76.95074, 38.992059],
        "end": [-76.950142, 38.991748],
        "km": 0.06694824457037538
    }, {
        "stage": 500,
        "start": [-76.950142, 38.991748],
        "end": [-76.949865, 38.991606],
        "km": 0.03100531251910969
    }, {
        "stage": 501,
        "start": [-76.949865, 38.991606],
        "end": [-76.949793, 38.991574],
        "km": 0.008045624437766134
    }, {
        "stage": 502,
        "start": [-76.949793, 38.991574],
        "end": [-76.949793, 38.991553],
        "km": 0.0005285519384731723
    }, {
        "stage": 503,
        "start": [-76.949793, 38.991553],
        "end": [-76.949789, 38.99153],
        "km": 0.0007291767772778609
    }, {
        "stage": 504,
        "start": [-76.949789, 38.99153],
        "end": [-76.949783, 38.991504],
        "km": 0.0009349592661712439
    }, {
        "stage": 505,
        "start": [-76.949783, 38.991504],
        "end": [-76.949772, 38.991478],
        "km": 0.0013854683999420618
    }, {
        "stage": 506,
        "start": [-76.949772, 38.991478],
        "end": [-76.949755, 38.991452],
        "km": 0.0019980607387441985
    }, {
        "stage": 507,
        "start": [-76.949755, 38.991452],
        "end": [-76.949734, 38.991427],
        "km": 0.0024184057760712253
    }, {
        "stage": 508,
        "start": [-76.949734, 38.991427],
        "end": [-76.949681, 38.991386],
        "km": 0.005982895852960386
    }, {
        "stage": 509,
        "start": [-76.949681, 38.991386],
        "end": [-76.949617, 38.991351],
        "km": 0.007170884157015727
    }, {
        "stage": 510,
        "start": [-76.949617, 38.991351],
        "end": [-76.949569, 38.991332],
        "km": 0.005358333109853597
    }, {
        "stage": 511,
        "start": [-76.949569, 38.991332],
        "end": [-76.949525, 38.99132],
        "km": 0.0049015890324550365
    }, {
        "stage": 512,
        "start": [-76.949525, 38.99132],
        "end": [-76.949491, 38.991315],
        "km": 0.003782962812408543
    }, {
        "stage": 513,
        "start": [-76.949491, 38.991315],
        "end": [-76.949456, 38.991314],
        "km": 0.0038921599523988296
    }, {
        "stage": 514,
        "start": [-76.949456, 38.991314],
        "end": [-76.949425, 38.991313],
        "km": 0.0034463908465974377
    }, {
        "stage": 515,
        "start": [-76.949425, 38.991313],
        "end": [-76.949394, 38.991316],
        "km": 0.003447698030731905
    }, {
        "stage": 516,
        "start": [-76.949394, 38.991316],
        "end": [-76.949364, 38.99132],
        "km": 0.0033361095378509208
    }, {
        "stage": 517,
        "start": [-76.949364, 38.99132],
        "end": [-76.94934, 38.991324],
        "km": 0.002668212219000702
    }, {
        "stage": 518,
        "start": [-76.94934, 38.991324],
        "end": [-76.949319, 38.991334],
        "km": 0.0023465371168716917
    }, {
        "stage": 519,
        "start": [-76.949319, 38.991334],
        "end": [-76.949297, 38.99135],
        "km": 0.0024773101325834186
    }, {
        "stage": 520,
        "start": [-76.949297, 38.99135],
        "end": [-76.94928, 38.991366],
        "km": 0.0019315546203127086
    }, {
        "stage": 521,
        "start": [-76.94928, 38.991366],
        "end": [-76.949253, 38.991392],
        "km": 0.003073176222567667
    }, {
        "stage": 522,
        "start": [-76.949253, 38.991392],
        "end": [-76.949231, 38.991419],
        "km": 0.0025383987424103405
    }, {
        "stage": 523,
        "start": [-76.949231, 38.991419],
        "end": [-76.949221, 38.991441],
        "km": 0.0012413803832635854
    }, {
        "stage": 524,
        "start": [-76.949221, 38.991441],
        "end": [-76.949216, 38.991466],
        "km": 0.0008437627892734162
    }, {
        "stage": 525,
        "start": [-76.949216, 38.991466],
        "end": [-76.949213, 38.991497],
        "km": 0.0008490862666210729
    }, {
        "stage": 526,
        "start": [-76.949213, 38.991497],
        "end": [-76.949217, 38.99153],
        "km": 0.0009445488428893359
    }, {
        "stage": 527,
        "start": [-76.949217, 38.99153],
        "end": [-76.94923, 38.99156],
        "km": 0.0016304888416075246
    }, {
        "stage": 528,
        "start": [-76.94923, 38.99156],
        "end": [-76.94925, 38.991587],
        "km": 0.002325318507481048
    }, {
        "stage": 529,
        "start": [-76.94925, 38.991587],
        "end": [-76.949283, 38.991625],
        "km": 0.003791291408646974
    }, {
        "stage": 530,
        "start": [-76.949283, 38.991625],
        "end": [-76.949292, 38.991636],
        "km": 0.001039914050413191
    }, {
        "stage": 531,
        "start": [-76.949292, 38.991636],
        "end": [-76.949297, 38.991671],
        "km": 0.001039914050413191
    }, {
        "stage": 532,
        "start": [-76.949297, 38.991671],
        "end": [-76.949297, 38.991702],
        "km": 0.0007770415184131274
    }, {
        "stage": 533,
        "start": [-76.949297, 38.991702],
        "end": [-76.949294, 38.991724],
        "km": 0.0006368146999658044
    }, {
        "stage": 534,
        "start": [-76.949294, 38.991724],
        "end": [-76.949293, 38.99174],
        "km": 0.00041379346108786117
    }, {
        "stage": 535,
        "start": [-76.949293, 38.99174],
        "end": [-76.949286, 38.991775],
        "km": 0.0011742282874784742
    }, {
        "stage": 536,
        "start": [-76.949286, 38.991775],
        "end": [-76.949273, 38.991817],
        "km": 0.0017886320132240834
    }, {
        "stage": 537,
        "start": [-76.949273, 38.991817],
        "end": [-76.949265, 38.991852],
        "km": 0.0012486188141926102
    }, {
        "stage": 538,
        "start": [-76.949265, 38.991852],
        "end": [-76.949226, 38.991891],
        "km": 0.004445556547757598
    }, {
        "stage": 539,
        "start": [-76.949226, 38.991891],
        "end": [-76.949216, 38.991899],
        "km": 0.001127239969079323
    }, {
        "stage": 540,
        "start": [-76.949216, 38.991899],
        "end": [-76.949127, 38.991966],
        "km": 0.010037998969645953
    }, {
        "stage": 541,
        "start": [-76.949127, 38.991966],
        "end": [-76.948977, 38.992066],
        "km": 0.01686617488177678
    }, {
        "stage": 542,
        "start": [-76.948977, 38.992066],
        "end": [-76.948865, 38.992143],
        "km": 0.01260221090916556
    }, {
        "stage": 543,
        "start": [-76.948865, 38.992143],
        "end": [-76.948746, 38.992209],
        "km": 0.013334642331620277
    }, {
        "stage": 544,
        "start": [-76.948746, 38.992209],
        "end": [-76.948669, 38.992239],
        "km": 0.00859424634057375
    }, {
        "stage": 545,
        "start": [-76.948669, 38.992239],
        "end": [-76.948585, 38.992265],
        "km": 0.00936259593901276
    }, {
        "stage": 546,
        "start": [-76.948585, 38.992265],
        "end": [-76.948481, 38.992277],
        "km": 0.01156753447383538
    }, {
        "stage": 547,
        "start": [-76.948481, 38.992277],
        "end": [-76.9484, 38.992281],
        "km": 0.009006920456278331
    }, {
        "stage": 548,
        "start": [-76.9484, 38.992281],
        "end": [-76.948303, 38.992276],
        "km": 0.010785818886805658
    }, {
        "stage": 549,
        "start": [-76.948303, 38.992276],
        "end": [-76.94822, 38.992266],
        "km": 0.009232227076294439
    }, {
        "stage": 550,
        "start": [-76.94822, 38.992266],
        "end": [-76.948122, 38.992242],
        "km": 0.01091331869986423
    }, {
        "stage": 551,
        "start": [-76.948122, 38.992242],
        "end": [-76.948036, 38.992209],
        "km": 0.009598337207237503
    }, {
        "stage": 552,
        "start": [-76.948036, 38.992209],
        "end": [-76.947945, 38.992162],
        "km": 0.010186823797322761
    }, {
        "stage": 553,
        "start": [-76.947945, 38.992162],
        "end": [-76.947872, 38.992111],
        "km": 0.00821740494987425
    }, {
        "stage": 554,
        "start": [-76.947872, 38.992111],
        "end": [-76.947825, 38.992067],
        "km": 0.005341488261160197
    }, {
        "stage": 555,
        "start": [-76.947825, 38.992067],
        "end": [-76.94753, 38.991778],
        "km": 0.033593945500463865
    }, {
        "stage": 556,
        "start": [-76.94753, 38.991778],
        "end": [-76.947396, 38.991663],
        "km": 0.015176749013707384
    }, {
        "stage": 557,
        "start": [-76.947396, 38.991663],
        "end": [-76.947263, 38.991549],
        "km": 0.015062608490081566
    }, {
        "stage": 558,
        "start": [-76.947263, 38.991549],
        "end": [-76.947207, 38.991502],
        "km": 0.006337648375728067
    }, {
        "stage": 559,
        "start": [-76.947207, 38.991502],
        "end": [-76.947163, 38.991466],
        "km": 0.004974587674496057
    }, {
        "stage": 560,
        "start": [-76.947163, 38.991466],
        "end": [-76.94711, 38.99142],
        "km": 0.006005447368467424
    }, {
        "stage": 561,
        "start": [-76.94711, 38.99142],
        "end": [-76.94704, 38.991373],
        "km": 0.007872385181846072
    }, {
        "stage": 562,
        "start": [-76.94704, 38.991373],
        "end": [-76.946933, 38.991317],
        "km": 0.011980468815951833
    }, {
        "stage": 563,
        "start": [-76.946933, 38.991317],
        "end": [-76.946814, 38.991252],
        "km": 0.013331938769864752
    }, {
        "stage": 564,
        "start": [-76.946814, 38.991252],
        "end": [-76.946602, 38.99113],
        "km": 0.023770435040318227
    }, {
        "stage": 565,
        "start": [-76.946602, 38.99113],
        "end": [-76.946558, 38.991105],
        "km": 0.0049327454551753875
    }, {
        "stage": 566,
        "start": [-76.946558, 38.991105],
        "end": [-76.946161, 38.990879],
        "km": 0.04450570934747628
    }, {
        "stage": 567,
        "start": [-76.946161, 38.990879],
        "end": [-76.946095, 38.990845],
        "km": 0.007388148394399076
    }, {
        "stage": 568,
        "start": [-76.946095, 38.990845],
        "end": [-76.946018, 38.990807],
        "km": 0.008614669585245021
    }, {
        "stage": 569,
        "start": [-76.946018, 38.990807],
        "end": [-76.945935, 38.990774],
        "km": 0.009265356018696973
    }, {
        "stage": 570,
        "start": [-76.945935, 38.990774],
        "end": [-76.945855, 38.990742],
        "km": 0.008931564228365385
    }, {
        "stage": 571,
        "start": [-76.945855, 38.990742],
        "end": [-76.945763, 38.990709],
        "km": 0.010263500370948494
    }, {
        "stage": 572,
        "start": [-76.945763, 38.990709],
        "end": [-76.945676, 38.990683],
        "km": 0.009695490736062216
    }, {
        "stage": 573,
        "start": [-76.945676, 38.990683],
        "end": [-76.945593, 38.990661],
        "km": 0.009245395425049154
    }, {
        "stage": 574,
        "start": [-76.945593, 38.990661],
        "end": [-76.945409, 38.990618],
        "km": 0.020487450490720895
    }, {
        "stage": 575,
        "start": [-76.945409, 38.990618],
        "end": [-76.945259, 38.990592],
        "km": 0.01669107944724158
    }, {
        "stage": 576,
        "start": [-76.945259, 38.990592],
        "end": [-76.945168, 38.990581],
        "km": 0.010122037833944338
    }, {
        "stage": 577,
        "start": [-76.945168, 38.990581],
        "end": [-76.945076, 38.990572],
        "km": 0.01023184182467221
    }, {
        "stage": 578,
        "start": [-76.945076, 38.990572],
        "end": [-76.944979, 38.990564],
        "km": 0.010787489811507674
    }, {
        "stage": 579,
        "start": [-76.944979, 38.990564],
        "end": [-76.944881, 38.99056],
        "km": 0.010897204372880503
    }, {
        "stage": 580,
        "start": [-76.944881, 38.99056],
        "end": [-76.944758, 38.990559],
        "km": 0.013676286555960725
    }, {
        "stage": 581,
        "start": [-76.944758, 38.990559],
        "end": [-76.94409, 38.990563],
        "km": 0.07427466746389198
    }, {
        "stage": 582,
        "start": [-76.94409, 38.990563],
        "end": [-76.944091, 38.990604],
        "km": 0.001035572010361767
    }, {
        "stage": 583,
        "start": [-76.944091, 38.990604],
        "end": [-76.944091, 38.990995],
        "km": 0.009821087621685725
    }, {
        "stage": 584,
        "start": [-76.944091, 38.990995],
        "end": [-76.944092, 38.991325],
        "km": 0.008289469673368112
    }, {
        "stage": 585,
        "start": [-76.944092, 38.991325],
        "end": [-76.943877, 38.991328],
        "km": 0.02390615162907406
    }, {
        "stage": 586,
        "start": [-76.943877, 38.991328],
        "end": [-76.94388, 38.991435],
        "km": 0.0027067746209228334
    }, {
        "stage": 587,
        "start": [-76.94388, 38.991435],
        "end": [-76.943881, 38.991481],
        "km": 0.0011587772420557823
    }, {
        "stage": 588,
        "start": [-76.943881, 38.991481],
        "end": [-76.944337, 38.991505],
        "km": 0.05070598587314386
    }, {
        "stage": 589,
        "start": [-76.944337, 38.991505],
        "end": [-76.944508, 38.991513],
        "km": 0.019014604000998036
    }, {
        "stage": 590,
        "start": [-76.944508, 38.991513],
        "end": [-76.944718, 38.991524],
        "km": 0.023351609034870387
    }, {
        "stage": 591,
        "start": [-76.944718, 38.991524],
        "end": [-76.944997, 38.991537],
        "km": 0.031023763610257316
    }, {
        "stage": 592,
        "start": [-76.944997, 38.991537],
        "end": [-76.945174, 38.991547],
        "km": 0.01968227936296774
    }, {
        "stage": 593,
        "start": [-76.945174, 38.991547],
        "end": [-76.945231, 38.991551],
        "km": 0.006338359312785184
    }, {
        "stage": 594,
        "start": [-76.945231, 38.991551],
        "end": [-76.94528, 38.991556],
        "km": 0.005449222391202033
    }, {
        "stage": 595,
        "start": [-76.94528, 38.991556],
        "end": [-76.945324, 38.991562],
        "km": 0.004894229285011793
    }, {
        "stage": 596,
        "start": [-76.945324, 38.991562],
        "end": [-76.945369, 38.991573],
        "km": 0.00501068820376307
    }, {
        "stage": 597,
        "start": [-76.945369, 38.991573],
        "end": [-76.945402, 38.991583],
        "km": 0.0036766513844917297
    }, {
        "stage": 598,
        "start": [-76.945402, 38.991583],
        "end": [-76.945432, 38.991595],
        "km": 0.003349588823208075
    }, {
        "stage": 599,
        "start": [-76.945432, 38.991595],
        "end": [-76.945462, 38.991611],
        "km": 0.003360333321766892
    }, {
        "stage": 600,
        "start": [-76.945462, 38.991611],
        "end": [-76.945489, 38.991629],
        "km": 0.00303629972250828
    }, {
        "stage": 601,
        "start": [-76.945489, 38.991629],
        "end": [-76.945514, 38.991648],
        "km": 0.0028208966483400126
    }, {
        "stage": 602,
        "start": [-76.945514, 38.991648],
        "end": [-76.945539, 38.991669],
        "km": 0.0028288720576629474
    }, {
        "stage": 603,
        "start": [-76.945539, 38.991669],
        "end": [-76.945556, 38.991687],
        "km": 0.001945501044169268
    }, {
        "stage": 604,
        "start": [-76.945556, 38.991687],
        "end": [-76.945573, 38.991708],
        "km": 0.001963942224628862
    }, {
        "stage": 605,
        "start": [-76.945573, 38.991708],
        "end": [-76.94559, 38.991735],
        "km": 0.002009304838425791
    }, {
        "stage": 606,
        "start": [-76.94559, 38.991735],
        "end": [-76.945603, 38.991762],
        "km": 0.001596982072342069
    }, {
        "stage": 607,
        "start": [-76.945603, 38.991762],
        "end": [-76.945615, 38.991801],
        "km": 0.0016551738443514492
    }, {
        "stage": 608,
        "start": [-76.945615, 38.991801],
        "end": [-76.945621, 38.991843],
        "km": 0.0012450048592490322
    }, {
        "stage": 609,
        "start": [-76.945621, 38.991843],
        "end": [-76.945622, 38.991994],
        "km": 0.0037936676491865324
    }, {
        "stage": 610,
        "start": [-76.945622, 38.991994],
        "end": [-76.94607, 38.991996],
        "km": 0.049812950416999485
    }],
    "km": 12.460051752317302
}