{
    "route_id": "route-o",
    "profile": "aggressive",
    "triggers": [{
        "occurances": 1,
        "type": "dtc"
    }, {
        "occurances": 6,
        "type": "brake"
    }, {
        "occurances": 0,
        "type": "oiltemp"
    }],
    "end": ["-77.31405103271823", "38.85159580510458"],
    "description": "Aggressive, DTC - Alexandria to Fairfax",
    "name": "Route O",
    "start": ["-77.048246", "38.80459199999996"],
    "stages": [{
        "stage": 0,
        "start": [-77.048246, 38.804592],
        "end": [-77.048282, 38.804425],
        "km": 0.005775191180490302
    }, {
        "stage": 1,
        "start": [-77.048282, 38.804425],
        "end": [-77.048355, 38.804073],
        "km": 0.011951850607175345
    }, {
        "stage": 2,
        "start": [-77.048355, 38.804073],
        "end": [-77.048461, 38.803575],
        "km": 0.017115197231846874
    }, {
        "stage": 3,
        "start": [-77.048461, 38.803575],
        "end": [-77.048523, 38.803274],
        "km": 0.010187266116152234
    }, {
        "stage": 4,
        "start": [-77.048523, 38.803274],
        "end": [-77.048599, 38.802927],
        "km": 0.012090910921539475
    }, {
        "stage": 5,
        "start": [-77.048599, 38.802927],
        "end": [-77.049684, 38.803073],
        "km": 0.12069556697356293
    }, {
        "stage": 6,
        "start": [-77.049684, 38.803073],
        "end": [-77.050232, 38.80314],
        "km": 0.060954770009217236
    }, {
        "stage": 7,
        "start": [-77.050232, 38.80314],
        "end": [-77.050772, 38.803209],
        "km": 0.060066927469345686
    }, {
        "stage": 8,
        "start": [-77.050772, 38.803209],
        "end": [-77.050878, 38.803223],
        "km": 0.011790916471969578
    }, {
        "stage": 9,
        "start": [-77.050878, 38.803223],
        "end": [-77.051317, 38.80328],
        "km": 0.04883288821155903
    }, {
        "stage": 10,
        "start": [-77.051317, 38.80328],
        "end": [-77.05185, 38.803349],
        "km": 0.05928901037270137
    }, {
        "stage": 11,
        "start": [-77.05185, 38.803349],
        "end": [-77.051872, 38.803264],
        "km": 0.0032360102387955668
    }, {
        "stage": 12,
        "start": [-77.051872, 38.803264],
        "end": [-77.051897, 38.803164],
        "km": 0.00373260099780027
    }, {
        "stage": 13,
        "start": [-77.051897, 38.803164],
        "end": [-77.051915, 38.80305],
        "km": 0.0034737384160517613
    }, {
        "stage": 14,
        "start": [-77.051915, 38.80305],
        "end": [-77.051921, 38.803008],
        "km": 0.001237745293810318
    }, {
        "stage": 15,
        "start": [-77.051921, 38.803008],
        "end": [-77.051916, 38.802989],
        "km": 0.0007291767772778609
    }, {
        "stage": 16,
        "start": [-77.051916, 38.802989],
        "end": [-77.051917, 38.802844],
        "km": 0.0036148545230731085
    }, {
        "stage": 17,
        "start": [-77.051917, 38.802844],
        "end": [-77.051886, 38.802681],
        "km": 0.005326282348812833
    }, {
        "stage": 18,
        "start": [-77.051886, 38.802681],
        "end": [-77.051831, 38.802558],
        "km": 0.006840943197065979
    }, {
        "stage": 19,
        "start": [-77.051831, 38.802558],
        "end": [-77.051819, 38.802532],
        "km": 0.0014828654149658246
    }, {
        "stage": 20,
        "start": [-77.051819, 38.802532],
        "end": [-77.051724, 38.802377],
        "km": 0.011246787843579884
    }, {
        "stage": 21,
        "start": [-77.051724, 38.802377],
        "end": [-77.05164, 38.802246],
        "km": 0.00989376799836928
    }, {
        "stage": 22,
        "start": [-77.05164, 38.802246],
        "end": [-77.05162, 38.802218],
        "km": 0.002329190814089306
    }, {
        "stage": 23,
        "start": [-77.05162, 38.802218],
        "end": [-77.05159, 38.802181],
        "km": 0.0034607427161135844
    }, {
        "stage": 24,
        "start": [-77.05159, 38.802181],
        "end": [-77.051559, 38.802137],
        "km": 0.003616100809792803
    }, {
        "stage": 25,
        "start": [-77.051559, 38.802137],
        "end": [-77.051522, 38.802086],
        "km": 0.004306550142867576
    }, {
        "stage": 26,
        "start": [-77.051522, 38.802086],
        "end": [-77.051472, 38.802018],
        "km": 0.005812521110852995
    }, {
        "stage": 27,
        "start": [-77.051472, 38.802018],
        "end": [-77.051369, 38.801854],
        "km": 0.012159659451604063
    }, {
        "stage": 28,
        "start": [-77.051369, 38.801854],
        "end": [-77.051315, 38.801727],
        "km": 0.006787381269216913
    }, {
        "stage": 29,
        "start": [-77.051315, 38.801727],
        "end": [-77.051276, 38.801601],
        "km": 0.005354126866085921
    }, {
        "stage": 30,
        "start": [-77.051276, 38.801601],
        "end": [-77.05125, 38.801477],
        "km": 0.004231611186922386
    }, {
        "stage": 31,
        "start": [-77.05125, 38.801477],
        "end": [-77.051237, 38.801312],
        "km": 0.004357517007371691
    }, {
        "stage": 32,
        "start": [-77.051237, 38.801312],
        "end": [-77.05126, 38.801057],
        "km": 0.006848842672211707
    }, {
        "stage": 33,
        "start": [-77.05126, 38.801057],
        "end": [-77.051287, 38.800934],
        "km": 0.004290827015739727
    }, {
        "stage": 34,
        "start": [-77.051287, 38.800934],
        "end": [-77.051512, 38.799798],
        "km": 0.03777539377917587
    }, {
        "stage": 35,
        "start": [-77.051512, 38.799798],
        "end": [-77.051565, 38.79954],
        "km": 0.008720719474777622
    }, {
        "stage": 36,
        "start": [-77.051565, 38.79954],
        "end": [-77.051616, 38.799371],
        "km": 0.0070626166777892725
    }, {
        "stage": 37,
        "start": [-77.051616, 38.799371],
        "end": [-77.05164, 38.799292],
        "km": 0.003315787869347048
    }, {
        "stage": 38,
        "start": [-77.05164, 38.799292],
        "end": [-77.051656, 38.799239],
        "km": 0.002216180219007646
    }, {
        "stage": 39,
        "start": [-77.051656, 38.799239],
        "end": [-77.051711, 38.799097],
        "km": 0.007065168201238768
    }, {
        "stage": 40,
        "start": [-77.051711, 38.799097],
        "end": [-77.051741, 38.799023],
        "km": 0.0038102598392909196
    }, {
        "stage": 41,
        "start": [-77.051741, 38.799023],
        "end": [-77.051779, 38.798925],
        "km": 0.004879476487968164
    }, {
        "stage": 42,
        "start": [-77.051779, 38.798925],
        "end": [-77.05187, 38.79864],
        "km": 0.012361424679886861
    }, {
        "stage": 43,
        "start": [-77.05187, 38.79864],
        "end": [-77.052188, 38.797534],
        "km": 0.04482711119666786
    }, {
        "stage": 44,
        "start": [-77.052188, 38.797534],
        "end": [-77.052295, 38.797165],
        "km": 0.015035061852685785
    }, {
        "stage": 45,
        "start": [-77.052295, 38.797165],
        "end": [-77.052488, 38.796689],
        "km": 0.02451805513241034
    }, {
        "stage": 46,
        "start": [-77.052488, 38.796689],
        "end": [-77.052569, 38.796543],
        "km": 0.00971313495581867
    }, {
        "stage": 47,
        "start": [-77.052569, 38.796543],
        "end": [-77.052679, 38.796395],
        "km": 0.012774445739291068
    }, {
        "stage": 48,
        "start": [-77.052679, 38.796395],
        "end": [-77.052804, 38.796272],
        "km": 0.014232646292489238
    }, {
        "stage": 49,
        "start": [-77.052804, 38.796272],
        "end": [-77.052921, 38.796194],
        "km": 0.013153645324241563
    }, {
        "stage": 50,
        "start": [-77.052921, 38.796194],
        "end": [-77.053056, 38.796122],
        "km": 0.015117551182260212
    }, {
        "stage": 51,
        "start": [-77.053056, 38.796122],
        "end": [-77.053182, 38.796065],
        "km": 0.014081782792662631
    }, {
        "stage": 52,
        "start": [-77.053182, 38.796065],
        "end": [-77.053311, 38.796028],
        "km": 0.014372838651081634
    }, {
        "stage": 53,
        "start": [-77.053311, 38.796028],
        "end": [-77.053444, 38.796001],
        "km": 0.014803716179220196
    }, {
        "stage": 54,
        "start": [-77.053444, 38.796001],
        "end": [-77.053896, 38.795975],
        "km": 0.05026194466439558
    }, {
        "stage": 55,
        "start": [-77.053896, 38.795975],
        "end": [-77.054216, 38.795955],
        "km": 0.03558421167935339
    }, {
        "stage": 56,
        "start": [-77.054216, 38.795955],
        "end": [-77.05459, 38.795921],
        "km": 0.04159352882336522
    }, {
        "stage": 57,
        "start": [-77.05459, 38.795921],
        "end": [-77.054758, 38.795897],
        "km": 0.01868930298786859
    }, {
        "stage": 58,
        "start": [-77.054758, 38.795897],
        "end": [-77.054989, 38.795856],
        "km": 0.025705201511508766
    }, {
        "stage": 59,
        "start": [-77.054989, 38.795856],
        "end": [-77.055776, 38.795643],
        "km": 0.08766687208305658
    }, {
        "stage": 60,
        "start": [-77.055776, 38.795643],
        "end": [-77.05632, 38.795482],
        "km": 0.060619868669289124
    }, {
        "stage": 61,
        "start": [-77.05632, 38.795482],
        "end": [-77.056593, 38.795411],
        "km": 0.030406151466114906
    }, {
        "stage": 62,
        "start": [-77.056593, 38.795411],
        "end": [-77.056784, 38.795367],
        "km": 0.0212653312213003
    }, {
        "stage": 63,
        "start": [-77.056784, 38.795367],
        "end": [-77.056968, 38.795338],
        "km": 0.020471608995640538
    }, {
        "stage": 64,
        "start": [-77.056968, 38.795338],
        "end": [-77.057163, 38.795323],
        "km": 0.021685179524259378
    }, {
        "stage": 65,
        "start": [-77.057163, 38.795323],
        "end": [-77.057306, 38.795326],
        "km": 0.015900543143421958
    }, {
        "stage": 66,
        "start": [-77.057306, 38.795326],
        "end": [-77.057417, 38.795334],
        "km": 0.012343185485781732
    }, {
        "stage": 67,
        "start": [-77.057417, 38.795334],
        "end": [-77.057553, 38.795344],
        "km": 0.015123809125478291
    }, {
        "stage": 68,
        "start": [-77.057553, 38.795344],
        "end": [-77.057685, 38.795359],
        "km": 0.014681767166035633
    }, {
        "stage": 69,
        "start": [-77.057685, 38.795359],
        "end": [-77.058372, 38.795472],
        "km": 0.07643904715355221
    }, {
        "stage": 70,
        "start": [-77.058372, 38.795472],
        "end": [-77.060066, 38.795757],
        "km": 0.18848878445157086
    }, {
        "stage": 71,
        "start": [-77.060066, 38.795757],
        "end": [-77.061178, 38.795967],
        "km": 0.12375326746116175
    }, {
        "stage": 72,
        "start": [-77.061178, 38.795967],
        "end": [-77.061912, 38.796129],
        "km": 0.08171269817654495
    }, {
        "stage": 73,
        "start": [-77.061912, 38.796129],
        "end": [-77.06251, 38.796271],
        "km": 0.06658529684669169
    }, {
        "stage": 74,
        "start": [-77.06251, 38.796271],
        "end": [-77.06307, 38.796432],
        "km": 0.0623949874573806
    }, {
        "stage": 75,
        "start": [-77.06307, 38.796432],
        "end": [-77.063862, 38.796682],
        "km": 0.08828175147375097
    }, {
        "stage": 76,
        "start": [-77.063862, 38.796682],
        "end": [-77.064743, 38.796962],
        "km": 0.09820559986812202
    }, {
        "stage": 77,
        "start": [-77.064743, 38.796962],
        "end": [-77.06557, 38.797278],
        "km": 0.09228951582881396
    }, {
        "stage": 78,
        "start": [-77.06557, 38.797278],
        "end": [-77.066786, 38.797765],
        "km": 0.1357486875707364
    }, {
        "stage": 79,
        "start": [-77.066786, 38.797765],
        "end": [-77.068178, 38.798314],
        "km": 0.1553776539146491
    }, {
        "stage": 80,
        "start": [-77.068178, 38.798314],
        "end": [-77.068829, 38.798569],
        "km": 0.07266195565321928
    }, {
        "stage": 81,
        "start": [-77.068829, 38.798569],
        "end": [-77.069594, 38.798837],
        "km": 0.08532102404105296
    }, {
        "stage": 82,
        "start": [-77.069594, 38.798837],
        "end": [-77.071728, 38.799528],
        "km": 0.23790050191640785
    }, {
        "stage": 83,
        "start": [-77.071728, 38.799528],
        "end": [-77.07237, 38.799721],
        "km": 0.07154496562864374
    }, {
        "stage": 84,
        "start": [-77.07237, 38.799721],
        "end": [-77.072663, 38.799805],
        "km": 0.03264568308952227
    }, {
        "stage": 85,
        "start": [-77.072663, 38.799805],
        "end": [-77.072887, 38.799868],
        "km": 0.02495577062828774
    }, {
        "stage": 86,
        "start": [-77.072887, 38.799868],
        "end": [-77.073202, 38.799949],
        "km": 0.035082524540151885
    }, {
        "stage": 87,
        "start": [-77.073202, 38.799949],
        "end": [-77.073615, 38.800045],
        "km": 0.04598333272009406
    }, {
        "stage": 88,
        "start": [-77.073615, 38.800045],
        "end": [-77.074644, 38.80025],
        "km": 0.11452762177728779
    }, {
        "stage": 89,
        "start": [-77.074644, 38.80025],
        "end": [-77.075275, 38.800364],
        "km": 0.07021788133918169
    }, {
        "stage": 90,
        "start": [-77.075275, 38.800364],
        "end": [-77.075881, 38.800473],
        "km": 0.06743543945749111
    }, {
        "stage": 91,
        "start": [-77.075881, 38.800473],
        "end": [-77.076281, 38.80053],
        "km": 0.04449852046558725
    }, {
        "stage": 92,
        "start": [-77.076281, 38.80053],
        "end": [-77.076643, 38.800577],
        "km": 0.040267642042168296
    }, {
        "stage": 93,
        "start": [-77.076643, 38.800577],
        "end": [-77.077279, 38.800656],
        "km": 0.07074384282097654
    }, {
        "stage": 94,
        "start": [-77.077279, 38.800656],
        "end": [-77.078028, 38.800742],
        "km": 0.08330846370684186
    }, {
        "stage": 95,
        "start": [-77.078028, 38.800742],
        "end": [-77.078822, 38.80084],
        "km": 0.08831818668657777
    }, {
        "stage": 96,
        "start": [-77.078822, 38.80084],
        "end": [-77.0796, 38.800922],
        "km": 0.08652955617055494
    }, {
        "stage": 97,
        "start": [-77.0796, 38.800922],
        "end": [-77.080381, 38.801006],
        "km": 0.08686421214763107
    }, {
        "stage": 98,
        "start": [-77.080381, 38.801006],
        "end": [-77.08154, 38.801147],
        "km": 0.12891638646454787
    }, {
        "stage": 99,
        "start": [-77.08154, 38.801147],
        "end": [-77.082839, 38.8013],
        "km": 0.14448532036095313
    }, {
        "stage": 100,
        "start": [-77.082839, 38.8013],
        "end": [-77.083782, 38.801408],
        "km": 0.10488612842190144
    }, {
        "stage": 101,
        "start": [-77.083782, 38.801408],
        "end": [-77.085001, 38.80155],
        "km": 0.1355860102193851
    }, {
        "stage": 102,
        "start": [-77.085001, 38.80155],
        "end": [-77.087915, 38.801893],
        "km": 0.3241184971235775
    }, {
        "stage": 103,
        "start": [-77.087915, 38.801893],
        "end": [-77.089319, 38.802071],
        "km": 0.15617276616932443
    }, {
        "stage": 104,
        "start": [-77.089319, 38.802071],
        "end": [-77.090137, 38.802177],
        "km": 0.0909911918901846
    }, {
        "stage": 105,
        "start": [-77.090137, 38.802177],
        "end": [-77.090915, 38.802273],
        "km": 0.08653835619332055
    }, {
        "stage": 106,
        "start": [-77.090915, 38.802273],
        "end": [-77.091763, 38.802372],
        "km": 0.09432078719730953
    }, {
        "stage": 107,
        "start": [-77.091763, 38.802372],
        "end": [-77.093112, 38.802522],
        "km": 0.1500409852494378
    }, {
        "stage": 108,
        "start": [-77.093112, 38.802522],
        "end": [-77.093428, 38.802555],
        "km": 0.035145530915309725
    }, {
        "stage": 109,
        "start": [-77.093428, 38.802555],
        "end": [-77.093692, 38.80258],
        "km": 0.029360618580735545
    }, {
        "stage": 110,
        "start": [-77.093692, 38.80258],
        "end": [-77.094632, 38.802682],
        "km": 0.10454890777537135
    }, {
        "stage": 111,
        "start": [-77.094632, 38.802682],
        "end": [-77.095591, 38.802778],
        "km": 0.10665745352447863
    }, {
        "stage": 112,
        "start": [-77.095591, 38.802778],
        "end": [-77.095958, 38.802811],
        "km": 0.04081480493263961
    }, {
        "stage": 113,
        "start": [-77.095958, 38.802811],
        "end": [-77.096352, 38.802847],
        "km": 0.043817808194345914
    }, {
        "stage": 114,
        "start": [-77.096352, 38.802847],
        "end": [-77.097911, 38.803003],
        "km": 0.17338777641344907
    }, {
        "stage": 115,
        "start": [-77.097911, 38.803003],
        "end": [-77.09888, 38.803099],
        "km": 0.10776904306788829
    }, {
        "stage": 116,
        "start": [-77.09888, 38.803099],
        "end": [-77.099159, 38.803122],
        "km": 0.03102710397294556
    }, {
        "stage": 117,
        "start": [-77.099159, 38.803122],
        "end": [-77.099557, 38.803153],
        "km": 0.044260225108917944
    }, {
        "stage": 118,
        "start": [-77.099557, 38.803153],
        "end": [-77.100012, 38.803187],
        "km": 0.050598346540266126
    }, {
        "stage": 119,
        "start": [-77.100012, 38.803187],
        "end": [-77.100569, 38.803222],
        "km": 0.06193864619514407
    }, {
        "stage": 120,
        "start": [-77.100569, 38.803222],
        "end": [-77.101165, 38.803248],
        "km": 0.06627212139542993
    }, {
        "stage": 121,
        "start": [-77.101165, 38.803248],
        "end": [-77.101597, 38.80326],
        "km": 0.04803476204604157
    }, {
        "stage": 122,
        "start": [-77.101597, 38.80326],
        "end": [-77.102277, 38.803257],
        "km": 0.0756089151373671
    }, {
        "stage": 123,
        "start": [-77.102277, 38.803257],
        "end": [-77.102988, 38.803245],
        "km": 0.07905638366802234
    }, {
        "stage": 124,
        "start": [-77.102988, 38.803245],
        "end": [-77.10353, 38.803227],
        "km": 0.060266361389420785
    }, {
        "stage": 125,
        "start": [-77.10353, 38.803227],
        "end": [-77.103999, 38.803205],
        "km": 0.05215076513692764
    }, {
        "stage": 126,
        "start": [-77.103999, 38.803205],
        "end": [-77.104559, 38.803169],
        "km": 0.06227253324495924
    }, {
        "stage": 127,
        "start": [-77.104559, 38.803169],
        "end": [-77.105193, 38.803117],
        "km": 0.07050599367521798
    }, {
        "stage": 128,
        "start": [-77.105193, 38.803117],
        "end": [-77.105835, 38.803057],
        "km": 0.07139914364018533
    }, {
        "stage": 129,
        "start": [-77.105835, 38.803057],
        "end": [-77.106314, 38.803004],
        "km": 0.05327601912254528
    }, {
        "stage": 130,
        "start": [-77.106314, 38.803004],
        "end": [-77.106826, 38.802942],
        "km": 0.05694981480048265
    }, {
        "stage": 131,
        "start": [-77.106826, 38.802942],
        "end": [-77.107273, 38.802877],
        "km": 0.04972793890866614
    }, {
        "stage": 132,
        "start": [-77.107273, 38.802877],
        "end": [-77.107651, 38.802819],
        "km": 0.04205420648666175
    }, {
        "stage": 133,
        "start": [-77.107651, 38.802819],
        "end": [-77.107996, 38.802762],
        "km": 0.03838630646063115
    }, {
        "stage": 134,
        "start": [-77.107996, 38.802762],
        "end": [-77.108229, 38.802722],
        "km": 0.025925997896009807
    }, {
        "stage": 135,
        "start": [-77.108229, 38.802722],
        "end": [-77.108525, 38.802665],
        "km": 0.032942468131001476
    }, {
        "stage": 136,
        "start": [-77.108525, 38.802665],
        "end": [-77.109409, 38.802477],
        "km": 0.09840219328179858
    }, {
        "stage": 137,
        "start": [-77.109409, 38.802477],
        "end": [-77.109866, 38.80236],
        "km": 0.050896507182957906
    }, {
        "stage": 138,
        "start": [-77.109866, 38.80236],
        "end": [-77.110616, 38.802159],
        "km": 0.08354109249698229
    }, {
        "stage": 139,
        "start": [-77.110616, 38.802159],
        "end": [-77.11183, 38.801839],
        "km": 0.1352172545507758
    }, {
        "stage": 140,
        "start": [-77.11183, 38.801839],
        "end": [-77.112258, 38.801723],
        "km": 0.04767592923952375
    }, {
        "stage": 141,
        "start": [-77.112258, 38.801723],
        "end": [-77.113657, 38.801349],
        "km": 0.15583046407695716
    }, {
        "stage": 142,
        "start": [-77.113657, 38.801349],
        "end": [-77.11457, 38.801101],
        "km": 0.10170218524022125
    }, {
        "stage": 143,
        "start": [-77.11457, 38.801101],
        "end": [-77.11521, 38.800927],
        "km": 0.07129203059110052
    }, {
        "stage": 144,
        "start": [-77.11521, 38.800927],
        "end": [-77.116129, 38.800673],
        "km": 0.10237714838820038
    }, {
        "stage": 145,
        "start": [-77.116129, 38.800673],
        "end": [-77.11724, 38.800375],
        "km": 0.12375235719461578
    }, {
        "stage": 146,
        "start": [-77.11724, 38.800375],
        "end": [-77.118773, 38.799973],
        "km": 0.17074468256109898
    }, {
        "stage": 147,
        "start": [-77.118773, 38.799973],
        "end": [-77.119912, 38.799667],
        "km": 0.1268718581994076
    }, {
        "stage": 148,
        "start": [-77.119912, 38.799667],
        "end": [-77.120548, 38.799498],
        "km": 0.07084059076090796
    }, {
        "stage": 149,
        "start": [-77.120548, 38.799498],
        "end": [-77.12217, 38.799072],
        "km": 0.18065824346959028
    }, {
        "stage": 150,
        "start": [-77.12217, 38.799072],
        "end": [-77.124698, 38.798423],
        "km": 0.281546894787175
    }, {
        "stage": 151,
        "start": [-77.124698, 38.798423],
        "end": [-77.125695, 38.798168],
        "km": 0.11103592691770989
    }, {
        "stage": 152,
        "start": [-77.125695, 38.798168],
        "end": [-77.126582, 38.797956],
        "km": 0.09876492106764032
    }, {
        "stage": 153,
        "start": [-77.126582, 38.797956],
        "end": [-77.127397, 38.797778],
        "km": 0.09072671513763188
    }, {
        "stage": 154,
        "start": [-77.127397, 38.797778],
        "end": [-77.128405, 38.797582],
        "km": 0.11218418748744322
    }, {
        "stage": 155,
        "start": [-77.128405, 38.797582],
        "end": [-77.130727, 38.797186],
        "km": 0.258368419487727
    }, {
        "stage": 156,
        "start": [-77.130727, 38.797186],
        "end": [-77.133785, 38.796688],
        "km": 0.3402412736376437
    }, {
        "stage": 157,
        "start": [-77.133785, 38.796688],
        "end": [-77.135127, 38.796501],
        "km": 0.1492882552006777
    }, {
        "stage": 158,
        "start": [-77.135127, 38.796501],
        "end": [-77.135724, 38.796418],
        "km": 0.06641189990042425
    }, {
        "stage": 159,
        "start": [-77.135724, 38.796418],
        "end": [-77.135792, 38.796407],
        "km": 0.00756592562481742
    }, {
        "stage": 160,
        "start": [-77.135792, 38.796407],
        "end": [-77.139164, 38.795882],
        "km": 0.3751563744395164
    }, {
        "stage": 161,
        "start": [-77.139164, 38.795882],
        "end": [-77.141757, 38.795484],
        "km": 0.28848276023912256
    }, {
        "stage": 162,
        "start": [-77.141757, 38.795484],
        "end": [-77.146225, 38.794757],
        "km": 0.4971205128581584
    }, {
        "stage": 163,
        "start": [-77.146225, 38.794757],
        "end": [-77.149096, 38.794311],
        "km": 0.31941581188414003
    }, {
        "stage": 164,
        "start": [-77.149096, 38.794311],
        "end": [-77.151673, 38.793884],
        "km": 0.28673001752844174
    }, {
        "stage": 165,
        "start": [-77.151673, 38.793884],
        "end": [-77.153404, 38.793657],
        "km": 0.19255097532254542
    }, {
        "stage": 166,
        "start": [-77.153404, 38.793657],
        "end": [-77.15472, 38.793439],
        "km": 0.14642467434390768
    }, {
        "stage": 167,
        "start": [-77.15472, 38.793439],
        "end": [-77.155867, 38.793226],
        "km": 0.1276430780280703
    }, {
        "stage": 168,
        "start": [-77.155867, 38.793226],
        "end": [-77.158908, 38.792562],
        "km": 0.3385254875391721
    }, {
        "stage": 169,
        "start": [-77.158908, 38.792562],
        "end": [-77.161398, 38.792021],
        "km": 0.2771845661420859
    }, {
        "stage": 170,
        "start": [-77.161398, 38.792021],
        "end": [-77.162907, 38.791745],
        "km": 0.1679235539640926
    }, {
        "stage": 171,
        "start": [-77.162907, 38.791745],
        "end": [-77.16413, 38.791591],
        "km": 0.1360380223483674
    }, {
        "stage": 172,
        "start": [-77.16413, 38.791591],
        "end": [-77.165218, 38.791481],
        "km": 0.12100473583386129
    }, {
        "stage": 173,
        "start": [-77.165218, 38.791481],
        "end": [-77.166465, 38.791392],
        "km": 0.13867082622036112
    }, {
        "stage": 174,
        "start": [-77.166465, 38.791392],
        "end": [-77.167645, 38.791354],
        "km": 0.13120707983217228
    }, {
        "stage": 175,
        "start": [-77.167645, 38.791354],
        "end": [-77.168514, 38.791346],
        "km": 0.09662390932617747
    }, {
        "stage": 176,
        "start": [-77.168514, 38.791346],
        "end": [-77.168763, 38.791354],
        "km": 0.027686918219247996
    }, {
        "stage": 177,
        "start": [-77.168763, 38.791354],
        "end": [-77.170142, 38.791373],
        "km": 0.15333114504312714
    }, {
        "stage": 178,
        "start": [-77.170142, 38.791373],
        "end": [-77.171576, 38.791449],
        "km": 0.15945689756082623
    }, {
        "stage": 179,
        "start": [-77.171576, 38.791449],
        "end": [-77.171802, 38.791471],
        "km": 0.02513478211633787
    }, {
        "stage": 180,
        "start": [-77.171802, 38.791471],
        "end": [-77.172734, 38.791562],
        "km": 0.10365301239298083
    }, {
        "stage": 181,
        "start": [-77.172734, 38.791562],
        "end": [-77.174764, 38.791839],
        "km": 0.2258183596884474
    }, {
        "stage": 182,
        "start": [-77.174764, 38.791839],
        "end": [-77.176255, 38.792061],
        "km": 0.16587414183054927
    }, {
        "stage": 183,
        "start": [-77.176255, 38.792061],
        "end": [-77.177574, 38.79232],
        "km": 0.14679824323101445
    }, {
        "stage": 184,
        "start": [-77.177574, 38.79232],
        "end": [-77.17846, 38.792487],
        "km": 0.09860008558866717
    }, {
        "stage": 185,
        "start": [-77.17846, 38.792487],
        "end": [-77.179436, 38.792738],
        "km": 0.10869759336562285
    }, {
        "stage": 186,
        "start": [-77.179436, 38.792738],
        "end": [-77.179614, 38.792793],
        "km": 0.019838024349771336
    }, {
        "stage": 187,
        "start": [-77.179614, 38.792793],
        "end": [-77.180375, 38.793031],
        "km": 0.08481878826284125
    }, {
        "stage": 188,
        "start": [-77.180375, 38.793031],
        "end": [-77.181281, 38.793369],
        "km": 0.10108228468048143
    }, {
        "stage": 189,
        "start": [-77.181281, 38.793369],
        "end": [-77.182295, 38.793754],
        "km": 0.1131455638491202
    }, {
        "stage": 190,
        "start": [-77.182295, 38.793754],
        "end": [-77.184065, 38.794469],
        "km": 0.1975941596689922
    }, {
        "stage": 191,
        "start": [-77.184065, 38.794469],
        "end": [-77.184999, 38.794799],
        "km": 0.10416946786580361
    }, {
        "stage": 192,
        "start": [-77.184999, 38.794799],
        "end": [-77.185898, 38.795076],
        "km": 0.10019258421660746
    }, {
        "stage": 193,
        "start": [-77.185898, 38.795076],
        "end": [-77.186398, 38.795231],
        "km": 0.05572603688449781
    }, {
        "stage": 194,
        "start": [-77.186398, 38.795231],
        "end": [-77.187483, 38.795579],
        "km": 0.12094547635629378
    }, {
        "stage": 195,
        "start": [-77.187483, 38.795579],
        "end": [-77.188909, 38.795999],
        "km": 0.15889413686129616
    }, {
        "stage": 196,
        "start": [-77.188909, 38.795999],
        "end": [-77.191179, 38.796593],
        "km": 0.2528247927888463
    }, {
        "stage": 197,
        "start": [-77.191179, 38.796593],
        "end": [-77.19333, 38.797111],
        "km": 0.23950936777985396
    }, {
        "stage": 198,
        "start": [-77.19333, 38.797111],
        "end": [-77.194199, 38.797325],
        "km": 0.09676762050987497
    }, {
        "stage": 199,
        "start": [-77.194199, 38.797325],
        "end": [-77.194644, 38.797425],
        "km": 0.049540745721036575
    }, {
        "stage": 200,
        "start": [-77.194644, 38.797425],
        "end": [-77.195502, 38.797619],
        "km": 0.09552041246349464
    }, {
        "stage": 201,
        "start": [-77.195502, 38.797619],
        "end": [-77.201655, 38.799012],
        "km": 0.6850096800232549
    }, {
        "stage": 202,
        "start": [-77.201655, 38.799012],
        "end": [-77.203141, 38.799367],
        "km": 0.1654588985571132
    }, {
        "stage": 203,
        "start": [-77.203141, 38.799367],
        "end": [-77.203937, 38.799558],
        "km": 0.08863185682559095
    }, {
        "stage": 204,
        "start": [-77.203937, 38.799558],
        "end": [-77.204894, 38.799784],
        "km": 0.106553898922096
    }, {
        "stage": 205,
        "start": [-77.204894, 38.799784],
        "end": [-77.205943, 38.800038],
        "km": 0.11680542648886769
    }, {
        "stage": 206,
        "start": [-77.205943, 38.800038],
        "end": [-77.20655, 38.80019],
        "km": 0.06759574648716808
    }, {
        "stage": 207,
        "start": [-77.20655, 38.80019],
        "end": [-77.207417, 38.800503],
        "km": 0.09670893162580252
    }, {
        "stage": 208,
        "start": [-77.207417, 38.800503],
        "end": [-77.208005, 38.800764],
        "km": 0.06569453478839046
    }, {
        "stage": 209,
        "start": [-77.208005, 38.800764],
        "end": [-77.208345, 38.800944],
        "km": 0.038063316621383785
    }, {
        "stage": 210,
        "start": [-77.208345, 38.800944],
        "end": [-77.208703, 38.801145],
        "km": 0.04011224975495225
    }, {
        "stage": 211,
        "start": [-77.208703, 38.801145],
        "end": [-77.209027, 38.801346],
        "km": 0.03636355059305022
    }, {
        "stage": 212,
        "start": [-77.209027, 38.801346],
        "end": [-77.209315, 38.801522],
        "km": 0.03231425892723078
    }, {
        "stage": 213,
        "start": [-77.209315, 38.801522],
        "end": [-77.209672, 38.80174],
        "km": 0.04005581898944777
    }, {
        "stage": 214,
        "start": [-77.209672, 38.80174],
        "end": [-77.21003, 38.801984],
        "km": 0.04025645055486124
    }, {
        "stage": 215,
        "start": [-77.21003, 38.801984],
        "end": [-77.210377, 38.802249],
        "km": 0.03913023525228807
    }, {
        "stage": 216,
        "start": [-77.210377, 38.802249],
        "end": [-77.210792, 38.802588],
        "km": 0.04689212956589284
    }, {
        "stage": 217,
        "start": [-77.210792, 38.802588],
        "end": [-77.21106, 38.802819],
        "km": 0.030336421682316768
    }, {
        "stage": 218,
        "start": [-77.21106, 38.802819],
        "end": [-77.211408, 38.803182],
        "km": 0.03971203337571834
    }, {
        "stage": 219,
        "start": [-77.211408, 38.803182],
        "end": [-77.211631, 38.803432],
        "km": 0.02554730414725992
    }, {
        "stage": 220,
        "start": [-77.211631, 38.803432],
        "end": [-77.212007, 38.803905],
        "km": 0.0433977784075849
    }, {
        "stage": 221,
        "start": [-77.212007, 38.803905],
        "end": [-77.212505, 38.804593],
        "km": 0.05790338799333375
    }, {
        "stage": 222,
        "start": [-77.212505, 38.804593],
        "end": [-77.212871, 38.805083],
        "km": 0.04244454771589105
    }, {
        "stage": 223,
        "start": [-77.212871, 38.805083],
        "end": [-77.213347, 38.805708],
        "km": 0.05511577168809779
    }, {
        "stage": 224,
        "start": [-77.213347, 38.805708],
        "end": [-77.213938, 38.806462],
        "km": 0.06828225637956137
    }, {
        "stage": 225,
        "start": [-77.213938, 38.806462],
        "end": [-77.215134, 38.807987],
        "km": 0.13817568125974963
    }, {
        "stage": 226,
        "start": [-77.215134, 38.807987],
        "end": [-77.216852, 38.810291],
        "km": 0.19925722901175275
    }, {
        "stage": 227,
        "start": [-77.216852, 38.810291],
        "end": [-77.217462, 38.81111],
        "km": 0.07075505198608102
    }, {
        "stage": 228,
        "start": [-77.217462, 38.81111],
        "end": [-77.217925, 38.811763],
        "km": 0.053928843775480746
    }, {
        "stage": 229,
        "start": [-77.217925, 38.811763],
        "end": [-77.219511, 38.813941],
        "km": 0.18430539131901252
    }, {
        "stage": 230,
        "start": [-77.219511, 38.813941],
        "end": [-77.219892, 38.814441],
        "km": 0.04411225840540702
    }, {
        "stage": 231,
        "start": [-77.219892, 38.814441],
        "end": [-77.220133, 38.814797],
        "km": 0.02819123047018429
    }, {
        "stage": 232,
        "start": [-77.220133, 38.814797],
        "end": [-77.220382, 38.815192],
        "km": 0.02934127521341856
    }, {
        "stage": 233,
        "start": [-77.220382, 38.815192],
        "end": [-77.220632, 38.815654],
        "km": 0.03003023791546534
    }, {
        "stage": 234,
        "start": [-77.220632, 38.815654],
        "end": [-77.220863, 38.816146],
        "km": 0.02839254207949834
    }, {
        "stage": 235,
        "start": [-77.220863, 38.816146],
        "end": [-77.220994, 38.8165],
        "km": 0.016969780856094813
    }, {
        "stage": 236,
        "start": [-77.220994, 38.8165],
        "end": [-77.221142, 38.816887],
        "km": 0.019010575056361008
    }, {
        "stage": 237,
        "start": [-77.221142, 38.816887],
        "end": [-77.221284, 38.817302],
        "km": 0.018800359515618578
    }, {
        "stage": 238,
        "start": [-77.221284, 38.817302],
        "end": [-77.221428, 38.817707],
        "km": 0.018856359386673616
    }, {
        "stage": 239,
        "start": [-77.221428, 38.817707],
        "end": [-77.221576, 38.818153],
        "km": 0.01977660264882624
    }, {
        "stage": 240,
        "start": [-77.221576, 38.818153],
        "end": [-77.221687, 38.818515],
        "km": 0.015217961653446072
    }, {
        "stage": 241,
        "start": [-77.221687, 38.818515],
        "end": [-77.221793, 38.818874],
        "km": 0.014726201290216746
    }, {
        "stage": 242,
        "start": [-77.221793, 38.818874],
        "end": [-77.221897, 38.819339],
        "km": 0.016263382480913937
    }, {
        "stage": 243,
        "start": [-77.221897, 38.819339],
        "end": [-77.22196, 38.819735],
        "km": 0.01199587923570752
    }, {
        "stage": 244,
        "start": [-77.22196, 38.819735],
        "end": [-77.221996, 38.820071],
        "km": 0.009181328065898203
    }, {
        "stage": 245,
        "start": [-77.221996, 38.820071],
        "end": [-77.222024, 38.820448],
        "km": 0.00978016911879571
    }, {
        "stage": 246,
        "start": [-77.222024, 38.820448],
        "end": [-77.222032, 38.820895],
        "km": 0.011028728534921213
    }, {
        "stage": 247,
        "start": [-77.222032, 38.820895],
        "end": [-77.22203, 38.821263],
        "km": 0.009052330853073835
    }, {
        "stage": 248,
        "start": [-77.22203, 38.821263],
        "end": [-77.222017, 38.821541],
        "km": 0.006987572442268228
    }, {
        "stage": 249,
        "start": [-77.222017, 38.821541],
        "end": [-77.221989, 38.821803],
        "km": 0.007155787542045234
    }, {
        "stage": 250,
        "start": [-77.221989, 38.821803],
        "end": [-77.221934, 38.822242],
        "km": 0.012407994845968462
    }, {
        "stage": 251,
        "start": [-77.221934, 38.822242],
        "end": [-77.221887, 38.822487],
        "km": 0.007975876377359688
    }, {
        "stage": 252,
        "start": [-77.221887, 38.822487],
        "end": [-77.22182, 38.822786],
        "km": 0.010467377633095415
    }, {
        "stage": 253,
        "start": [-77.22182, 38.822786],
        "end": [-77.221738, 38.823091],
        "km": 0.011806574305726791
    }, {
        "stage": 254,
        "start": [-77.221738, 38.823091],
        "end": [-77.221663, 38.823367],
        "km": 0.010752345863615474
    }, {
        "stage": 255,
        "start": [-77.221663, 38.823367],
        "end": [-77.221567, 38.823646],
        "km": 0.012689153227776652
    }, {
        "stage": 256,
        "start": [-77.221567, 38.823646],
        "end": [-77.221485, 38.823868],
        "km": 0.010627155029498573
    }, {
        "stage": 257,
        "start": [-77.221485, 38.823868],
        "end": [-77.221366, 38.824163],
        "km": 0.01509010484181164
    }, {
        "stage": 258,
        "start": [-77.221366, 38.824163],
        "end": [-77.221254, 38.824427],
        "km": 0.014043653272246642
    }, {
        "stage": 259,
        "start": [-77.221254, 38.824427],
        "end": [-77.221139, 38.824666],
        "km": 0.01407282043511078
    }, {
        "stage": 260,
        "start": [-77.221139, 38.824666],
        "end": [-77.221008, 38.824925],
        "km": 0.015897425639901583
    }, {
        "stage": 261,
        "start": [-77.221008, 38.824925],
        "end": [-77.220892, 38.825142],
        "km": 0.01395869157622372
    }, {
        "stage": 262,
        "start": [-77.220892, 38.825142],
        "end": [-77.220344, 38.82619],
        "km": 0.06615950024818001
    }, {
        "stage": 263,
        "start": [-77.220344, 38.82619],
        "end": [-77.219766, 38.8273],
        "km": 0.0698261825374736
    }, {
        "stage": 264,
        "start": [-77.219766, 38.8273],
        "end": [-77.219473, 38.827874],
        "km": 0.03550625067541963
    }, {
        "stage": 265,
        "start": [-77.219473, 38.827874],
        "end": [-77.219039, 38.828732],
        "km": 0.052669448039815325
    }, {
        "stage": 266,
        "start": [-77.219039, 38.828732],
        "end": [-77.218763, 38.829408],
        "km": 0.03490392672800933
    }, {
        "stage": 267,
        "start": [-77.218763, 38.829408],
        "end": [-77.218592, 38.829843],
        "km": 0.021817758613218854
    }, {
        "stage": 268,
        "start": [-77.218592, 38.829843],
        "end": [-77.218424, 38.830376],
        "km": 0.02282190835538092
    }, {
        "stage": 269,
        "start": [-77.218424, 38.830376],
        "end": [-77.218327, 38.830701],
        "km": 0.013425232662460434
    }, {
        "stage": 270,
        "start": [-77.218327, 38.830701],
        "end": [-77.218212, 38.831105],
        "km": 0.01619480423934751
    }, {
        "stage": 271,
        "start": [-77.218212, 38.831105],
        "end": [-77.218108, 38.831514],
        "km": 0.015328006215725687
    }, {
        "stage": 272,
        "start": [-77.218108, 38.831514],
        "end": [-77.217996, 38.831997],
        "km": 0.017212331579939535
    }, {
        "stage": 273,
        "start": [-77.217996, 38.831997],
        "end": [-77.217935, 38.832328],
        "km": 0.010597008215777247
    }, {
        "stage": 274,
        "start": [-77.217935, 38.832328],
        "end": [-77.217862, 38.832818],
        "km": 0.014532155482607553
    }, {
        "stage": 275,
        "start": [-77.217862, 38.832818],
        "end": [-77.217832, 38.833125],
        "km": 0.00825624521232043
    }, {
        "stage": 276,
        "start": [-77.217832, 38.833125],
        "end": [-77.217807, 38.833437],
        "km": 0.00816349088547394
    }, {
        "stage": 277,
        "start": [-77.217807, 38.833437],
        "end": [-77.217786, 38.833742],
        "km": 0.007858062888606718
    }, {
        "stage": 278,
        "start": [-77.217786, 38.833742],
        "end": [-77.217765, 38.834161],
        "km": 0.01056848095063394
    }, {
        "stage": 279,
        "start": [-77.217765, 38.834161],
        "end": [-77.217769, 38.834625],
        "km": 0.011422892957312053
    }, {
        "stage": 280,
        "start": [-77.217769, 38.834625],
        "end": [-77.21779, 38.835061],
        "km": 0.010976307991119856
    }, {
        "stage": 281,
        "start": [-77.21779, 38.835061],
        "end": [-77.21783, 38.83539],
        "km": 0.009234667076092917
    }, {
        "stage": 282,
        "start": [-77.21783, 38.83539],
        "end": [-77.217874, 38.835671],
        "km": 0.008468544820993466
    }, {
        "stage": 283,
        "start": [-77.217874, 38.835671],
        "end": [-77.217971, 38.836105],
        "km": 0.01517556138173016
    }, {
        "stage": 284,
        "start": [-77.217971, 38.836105],
        "end": [-77.2182, 38.83697],
        "km": 0.033183009365031206
    }, {
        "stage": 285,
        "start": [-77.2182, 38.83697],
        "end": [-77.218388, 38.83765],
        "km": 0.026772654044338106
    }, {
        "stage": 286,
        "start": [-77.218388, 38.83765],
        "end": [-77.21849, 38.838061],
        "km": 0.015193662682526086
    }, {
        "stage": 287,
        "start": [-77.21849, 38.838061],
        "end": [-77.218656, 38.838766],
        "km": 0.025326408750962103
    }, {
        "stage": 288,
        "start": [-77.218656, 38.838766],
        "end": [-77.218903, 38.839747],
        "km": 0.036559055626641315
    }, {
        "stage": 289,
        "start": [-77.218903, 38.839747],
        "end": [-77.219152, 38.840699],
        "km": 0.03626142667420562
    }, {
        "stage": 290,
        "start": [-77.219152, 38.840699],
        "end": [-77.219262, 38.841117],
        "km": 0.015978565051029875
    }, {
        "stage": 291,
        "start": [-77.219262, 38.841117],
        "end": [-77.219323, 38.841397],
        "km": 0.009666167516970647
    }, {
        "stage": 292,
        "start": [-77.219323, 38.841397],
        "end": [-77.219407, 38.841885],
        "km": 0.015209076289429711
    }, {
        "stage": 293,
        "start": [-77.219407, 38.841885],
        "end": [-77.219476, 38.842242],
        "km": 0.011660647334855155
    }, {
        "stage": 294,
        "start": [-77.219476, 38.842242],
        "end": [-77.219509, 38.842447],
        "km": 0.006235872444403943
    }, {
        "stage": 295,
        "start": [-77.219509, 38.842447],
        "end": [-77.219609, 38.843153],
        "km": 0.02062008227405976
    }, {
        "stage": 296,
        "start": [-77.219609, 38.843153],
        "end": [-77.219696, 38.843772],
        "km": 0.018038587443025222
    }, {
        "stage": 297,
        "start": [-77.219696, 38.843772],
        "end": [-77.219762, 38.844433],
        "km": 0.017837885914581207
    }, {
        "stage": 298,
        "start": [-77.219762, 38.844433],
        "end": [-77.219784, 38.844863],
        "km": 0.010855361207279922
    }, {
        "stage": 299,
        "start": [-77.219784, 38.844863],
        "end": [-77.219802, 38.845432],
        "km": 0.014137668805361462
    }, {
        "stage": 300,
        "start": [-77.219802, 38.845432],
        "end": [-77.219811, 38.846099],
        "km": 0.016436454833771066
    }, {
        "stage": 301,
        "start": [-77.219811, 38.846099],
        "end": [-77.219819, 38.846575],
        "km": 0.01174151538023511
    }, {
        "stage": 302,
        "start": [-77.219819, 38.846575],
        "end": [-77.21983, 38.847381],
        "km": 0.019862312991379978
    }, {
        "stage": 303,
        "start": [-77.21983, 38.847381],
        "end": [-77.21983, 38.847885],
        "km": 0.012396732188198471
    }, {
        "stage": 304,
        "start": [-77.21983, 38.847885],
        "end": [-77.219832, 38.848483],
        "km": 0.01471028172988791
    }, {
        "stage": 305,
        "start": [-77.219832, 38.848483],
        "end": [-77.219828, 38.849253],
        "km": 0.018944330539994225
    }, {
        "stage": 306,
        "start": [-77.219828, 38.849253],
        "end": [-77.21982, 38.850155],
        "km": 0.02220364645941282
    }, {
        "stage": 307,
        "start": [-77.21982, 38.850155],
        "end": [-77.219786, 38.850671],
        "km": 0.013243092098889988
    }, {
        "stage": 308,
        "start": [-77.219786, 38.850671],
        "end": [-77.219766, 38.851049],
        "km": 0.009559764953620509
    }, {
        "stage": 309,
        "start": [-77.219766, 38.851049],
        "end": [-77.219744, 38.852178],
        "km": 0.027876841810674468
    }, {
        "stage": 310,
        "start": [-77.219744, 38.852178],
        "end": [-77.219738, 38.852397],
        "km": 0.005427680603639467
    }, {
        "stage": 311,
        "start": [-77.219738, 38.852397],
        "end": [-77.21969, 38.853417],
        "km": 0.025649925029376148
    }, {
        "stage": 312,
        "start": [-77.21969, 38.853417],
        "end": [-77.219676, 38.853963],
        "km": 0.01351988253575371
    }, {
        "stage": 313,
        "start": [-77.219676, 38.853963],
        "end": [-77.219675, 38.85424],
        "km": 0.006813884225447253
    }, {
        "stage": 314,
        "start": [-77.219675, 38.85424],
        "end": [-77.219674, 38.854408],
        "km": 0.004134666529854804
    }, {
        "stage": 315,
        "start": [-77.219674, 38.854408],
        "end": [-77.21954, 38.857816],
        "km": 0.08513968827672534
    }, {
        "stage": 316,
        "start": [-77.21954, 38.857816],
        "end": [-77.219522, 38.858191],
        "km": 0.009438330043304462
    }, {
        "stage": 317,
        "start": [-77.219522, 38.858191],
        "end": [-77.219524, 38.85827],
        "km": 0.001954743381437046
    }, {
        "stage": 318,
        "start": [-77.219524, 38.85827],
        "end": [-77.219551, 38.85985],
        "km": 0.03897886314521546
    }, {
        "stage": 319,
        "start": [-77.219551, 38.85985],
        "end": [-77.219593, 38.862337],
        "km": 0.06135037550966379
    }, {
        "stage": 320,
        "start": [-77.219593, 38.862337],
        "end": [-77.219607, 38.862653],
        "km": 0.007927142324769203
    }, {
        "stage": 321,
        "start": [-77.219607, 38.862653],
        "end": [-77.219619, 38.863822],
        "km": 0.028784525369970473
    }, {
        "stage": 322,
        "start": [-77.219619, 38.863822],
        "end": [-77.219698, 38.8651],
        "km": 0.03263864305325533
    }, {
        "stage": 323,
        "start": [-77.219698, 38.8651],
        "end": [-77.219708, 38.865483],
        "km": 0.009485950577909921
    }, {
        "stage": 324,
        "start": [-77.219708, 38.865483],
        "end": [-77.21971, 38.866114],
        "km": 0.015522263061316112
    }, {
        "stage": 325,
        "start": [-77.21971, 38.866114],
        "end": [-77.219705, 38.866525],
        "km": 0.010124263387022823
    }, {
        "stage": 326,
        "start": [-77.219705, 38.866525],
        "end": [-77.21966, 38.866707],
        "km": 0.0067132875593026815
    }, {
        "stage": 327,
        "start": [-77.21966, 38.866707],
        "end": [-77.219635, 38.866787],
        "km": 0.0034056192852177183
    }, {
        "stage": 328,
        "start": [-77.219635, 38.866787],
        "end": [-77.219587, 38.866874],
        "km": 0.005749386257014314
    }, {
        "stage": 329,
        "start": [-77.219587, 38.866874],
        "end": [-77.219521, 38.866946],
        "km": 0.007548634783575713
    }, {
        "stage": 330,
        "start": [-77.219521, 38.866946],
        "end": [-77.219455, 38.867008],
        "km": 0.007494719552566587
    }, {
        "stage": 331,
        "start": [-77.219455, 38.867008],
        "end": [-77.219392, 38.867066],
        "km": 0.007148857605748425
    }, {
        "stage": 332,
        "start": [-77.219392, 38.867066],
        "end": [-77.219305, 38.867122],
        "km": 0.009770950369345045
    }, {
        "stage": 333,
        "start": [-77.219305, 38.867122],
        "end": [-77.219213, 38.867166],
        "km": 0.010286742320840404
    }, {
        "stage": 334,
        "start": [-77.219213, 38.867166],
        "end": [-77.219097, 38.867196],
        "km": 0.012918952879786404
    }, {
        "stage": 335,
        "start": [-77.219097, 38.867196],
        "end": [-77.21898, 38.867215],
        "km": 0.01301763062516091
    }, {
        "stage": 336,
        "start": [-77.21898, 38.867215],
        "end": [-77.218849, 38.867223],
        "km": 0.014567150761137683
    }, {
        "stage": 337,
        "start": [-77.218849, 38.867223],
        "end": [-77.218667, 38.867201],
        "km": 0.020243853086896746
    }, {
        "stage": 338,
        "start": [-77.218667, 38.867201],
        "end": [-77.218558, 38.867175],
        "km": 0.012136291518913595
    }, {
        "stage": 339,
        "start": [-77.218558, 38.867175],
        "end": [-77.218454, 38.867137],
        "km": 0.01160137423742331
    }, {
        "stage": 340,
        "start": [-77.218454, 38.867137],
        "end": [-77.218329, 38.867071],
        "km": 0.013993188978412311
    }, {
        "stage": 341,
        "start": [-77.218329, 38.867071],
        "end": [-77.218242, 38.867008],
        "km": 0.009796741007188022
    }, {
        "stage": 342,
        "start": [-77.218242, 38.867008],
        "end": [-77.218167, 38.866935],
        "km": 0.008530570736276454
    }, {
        "stage": 343,
        "start": [-77.218167, 38.866935],
        "end": [-77.218127, 38.866883],
        "km": 0.004627325404430393
    }, {
        "stage": 344,
        "start": [-77.218127, 38.866883],
        "end": [-77.218086, 38.866816],
        "km": 0.004847977734495507
    }, {
        "stage": 345,
        "start": [-77.218086, 38.866816],
        "end": [-77.218058, 38.866738],
        "km": 0.0036569900062007332
    }, {
        "stage": 346,
        "start": [-77.218058, 38.866738],
        "end": [-77.218037, 38.866631],
        "km": 0.0035188454227524386
    }, {
        "stage": 347,
        "start": [-77.218037, 38.866631],
        "end": [-77.21803, 38.866552],
        "km": 0.002094938623015361
    }, {
        "stage": 348,
        "start": [-77.21803, 38.866552],
        "end": [-77.218035, 38.866504],
        "km": 0.001301624599178506
    }, {
        "stage": 349,
        "start": [-77.218035, 38.866504],
        "end": [-77.218056, 38.866413],
        "km": 0.003234617507834224
    }, {
        "stage": 350,
        "start": [-77.218056, 38.866413],
        "end": [-77.218094, 38.866326],
        "km": 0.0047370339421542495
    }, {
        "stage": 351,
        "start": [-77.218094, 38.866326],
        "end": [-77.218143, 38.86625],
        "km": 0.0057603479185526505
    }, {
        "stage": 352,
        "start": [-77.218143, 38.86625],
        "end": [-77.218206, 38.866181],
        "km": 0.007207862260466731
    }, {
        "stage": 353,
        "start": [-77.218206, 38.866181],
        "end": [-77.218282, 38.866119],
        "km": 0.00858742779856917
    }, {
        "stage": 354,
        "start": [-77.218282, 38.866119],
        "end": [-77.218374, 38.866066],
        "km": 0.010312553822787573
    }, {
        "stage": 355,
        "start": [-77.218374, 38.866066],
        "end": [-77.218484, 38.866012],
        "km": 0.012302964079447929
    }, {
        "stage": 356,
        "start": [-77.218484, 38.866012],
        "end": [-77.218623, 38.865959],
        "km": 0.015510066186622543
    }, {
        "stage": 357,
        "start": [-77.218623, 38.865959],
        "end": [-77.218828, 38.865919],
        "km": 0.0228149969637371
    }, {
        "stage": 358,
        "start": [-77.218828, 38.865919],
        "end": [-77.21949, 38.865863],
        "km": 0.07362035758043206
    }, {
        "stage": 359,
        "start": [-77.21949, 38.865863],
        "end": [-77.221128, 38.865839],
        "km": 0.1821294742610566
    }, {
        "stage": 360,
        "start": [-77.221128, 38.865839],
        "end": [-77.221987, 38.865808],
        "km": 0.09551489313973326
    }, {
        "stage": 361,
        "start": [-77.221987, 38.865808],
        "end": [-77.22231, 38.865794],
        "km": 0.03591607307383937
    }, {
        "stage": 362,
        "start": [-77.22231, 38.865794],
        "end": [-77.222896, 38.86576],
        "km": 0.06516253071540373
    }, {
        "stage": 363,
        "start": [-77.222896, 38.86576],
        "end": [-77.223344, 38.865741],
        "km": 0.04981512133371654
    }, {
        "stage": 364,
        "start": [-77.223344, 38.865741],
        "end": [-77.224506, 38.865733],
        "km": 0.12920243315709407
    }, {
        "stage": 365,
        "start": [-77.224506, 38.865733],
        "end": [-77.225688, 38.86572],
        "km": 0.13142647954686162
    }, {
        "stage": 366,
        "start": [-77.225688, 38.86572],
        "end": [-77.226096, 38.865708],
        "km": 0.045366362187849375
    }, {
        "stage": 367,
        "start": [-77.226096, 38.865708],
        "end": [-77.226781, 38.865693],
        "km": 0.0761657476662027
    }, {
        "stage": 368,
        "start": [-77.226781, 38.865693],
        "end": [-77.227292, 38.865688],
        "km": 0.05681800505170215
    }, {
        "stage": 369,
        "start": [-77.227292, 38.865688],
        "end": [-77.227995, 38.865681],
        "km": 0.07816645005944987
    }, {
        "stage": 370,
        "start": [-77.227995, 38.865681],
        "end": [-77.229163, 38.865663],
        "km": 0.1298701662565747
    }, {
        "stage": 371,
        "start": [-77.229163, 38.865663],
        "end": [-77.230177, 38.865664],
        "km": 0.11274625969901451
    }, {
        "stage": 372,
        "start": [-77.230177, 38.865664],
        "end": [-77.232043, 38.865653],
        "km": 0.2074799453524343
    }, {
        "stage": 373,
        "start": [-77.232043, 38.865653],
        "end": [-77.232586, 38.86565],
        "km": 0.06037601925871136
    }, {
        "stage": 374,
        "start": [-77.232586, 38.86565],
        "end": [-77.232679, 38.865648],
        "km": 0.010341351363609428
    }, {
        "stage": 375,
        "start": [-77.232679, 38.865648],
        "end": [-77.233089, 38.865639],
        "km": 0.04558830275221822
    }, {
        "stage": 376,
        "start": [-77.233089, 38.865639],
        "end": [-77.233869, 38.865622],
        "km": 0.08672892532252992
    }, {
        "stage": 377,
        "start": [-77.233869, 38.865622],
        "end": [-77.233974, 38.865621],
        "km": 0.011674936166041377
    }, {
        "stage": 378,
        "start": [-77.233974, 38.865621],
        "end": [-77.235624, 38.865595],
        "km": 0.1834639216846646
    }, {
        "stage": 379,
        "start": [-77.235624, 38.865595],
        "end": [-77.236541, 38.865583],
        "km": 0.10196126140318472
    }, {
        "stage": 380,
        "start": [-77.236541, 38.865583],
        "end": [-77.237091, 38.865572],
        "km": 0.06115484522817564
    }, {
        "stage": 381,
        "start": [-77.237091, 38.865572],
        "end": [-77.238054, 38.865545],
        "km": 0.10707761397147877
    }, {
        "stage": 382,
        "start": [-77.238054, 38.865545],
        "end": [-77.238634, 38.86553],
        "km": 0.06449095267052089
    }, {
        "stage": 383,
        "start": [-77.238634, 38.86553],
        "end": [-77.239074, 38.865524],
        "km": 0.0489235998796811
    }, {
        "stage": 384,
        "start": [-77.239074, 38.865524],
        "end": [-77.240115, 38.865509],
        "km": 0.11574894282502007
    }, {
        "stage": 385,
        "start": [-77.240115, 38.865509],
        "end": [-77.240272, 38.865507],
        "km": 0.01745693281327878
    }, {
        "stage": 386,
        "start": [-77.240272, 38.865507],
        "end": [-77.240954, 38.865495],
        "km": 0.0758318298235225
    }, {
        "stage": 387,
        "start": [-77.240954, 38.865495],
        "end": [-77.24192, 38.865479],
        "km": 0.1074098322370436
    }, {
        "stage": 388,
        "start": [-77.24192, 38.865479],
        "end": [-77.242705, 38.865463],
        "km": 0.0872846640670493
    }, {
        "stage": 389,
        "start": [-77.242705, 38.865463],
        "end": [-77.243448, 38.865447],
        "km": 0.0826147738525348
    }, {
        "stage": 390,
        "start": [-77.243448, 38.865447],
        "end": [-77.245202, 38.865424],
        "km": 0.19502732491914487
    }, {
        "stage": 391,
        "start": [-77.245202, 38.865424],
        "end": [-77.246566, 38.865399],
        "km": 0.15166383790940768
    }, {
        "stage": 392,
        "start": [-77.246566, 38.865399],
        "end": [-77.247842, 38.865377],
        "km": 0.1418789233428803
    }, {
        "stage": 393,
        "start": [-77.247842, 38.865377],
        "end": [-77.248798, 38.865363],
        "km": 0.10629779270308896
    }, {
        "stage": 394,
        "start": [-77.248798, 38.865363],
        "end": [-77.249187, 38.865358],
        "km": 0.04325290363173415
    }, {
        "stage": 395,
        "start": [-77.249187, 38.865358],
        "end": [-77.249772, 38.865343],
        "km": 0.06504694943208512
    }, {
        "stage": 396,
        "start": [-77.249772, 38.865343],
        "end": [-77.250423, 38.865335],
        "km": 0.07238466647953531
    }, {
        "stage": 397,
        "start": [-77.250423, 38.865335],
        "end": [-77.251776, 38.865311],
        "km": 0.1504406497010504
    }, {
        "stage": 398,
        "start": [-77.251776, 38.865311],
        "end": [-77.252277, 38.865306],
        "km": 0.05570614215081022
    }, {
        "stage": 399,
        "start": [-77.252277, 38.865306],
        "end": [-77.253684, 38.865282],
        "km": 0.15644486468001062
    }, {
        "stage": 400,
        "start": [-77.253684, 38.865282],
        "end": [-77.255458, 38.865249],
        "km": 0.19725198700137733
    }, {
        "stage": 401,
        "start": [-77.255458, 38.865249],
        "end": [-77.257391, 38.865216],
        "km": 0.21493099386950046
    }, {
        "stage": 402,
        "start": [-77.257391, 38.865216],
        "end": [-77.258725, 38.865196],
        "km": 0.14832773998795992
    }, {
        "stage": 403,
        "start": [-77.258725, 38.865196],
        "end": [-77.259712, 38.865177],
        "km": 0.10974509795152275
    }, {
        "stage": 404,
        "start": [-77.259712, 38.865177],
        "end": [-77.260566, 38.865163],
        "km": 0.09495650074270448
    }, {
        "stage": 405,
        "start": [-77.260566, 38.865163],
        "end": [-77.261963, 38.865141],
        "km": 0.15533278473640624
    }, {
        "stage": 406,
        "start": [-77.261963, 38.865141],
        "end": [-77.262301, 38.865138],
        "km": 0.03758201995725068
    }, {
        "stage": 407,
        "start": [-77.262301, 38.865138],
        "end": [-77.262797, 38.865132],
        "km": 0.05515017928285487
    }, {
        "stage": 408,
        "start": [-77.262797, 38.865132],
        "end": [-77.264144, 38.865101],
        "km": 0.14977431080855352
    }, {
        "stage": 409,
        "start": [-77.264144, 38.865101],
        "end": [-77.265008, 38.865087],
        "km": 0.09606839842093787
    }, {
        "stage": 410,
        "start": [-77.265008, 38.865087],
        "end": [-77.265271, 38.865083],
        "km": 0.02924297972313758
    }, {
        "stage": 411,
        "start": [-77.265271, 38.865083],
        "end": [-77.265432, 38.865083],
        "km": 0.017901428951045663
    }, {
        "stage": 412,
        "start": [-77.265432, 38.865083],
        "end": [-77.267055, 38.865055],
        "km": 0.1804620204011506
    }, {
        "stage": 413,
        "start": [-77.267055, 38.865055],
        "end": [-77.267951, 38.865039],
        "km": 0.09962662448680641
    }, {
        "stage": 414,
        "start": [-77.267951, 38.865039],
        "end": [-77.268251, 38.865033],
        "km": 0.03335704317754263
    }, {
        "stage": 415,
        "start": [-77.268251, 38.865033],
        "end": [-77.268342, 38.865031],
        "km": 0.010118030604785798
    }, {
        "stage": 416,
        "start": [-77.268342, 38.865031],
        "end": [-77.269903, 38.865001],
        "km": 0.1735684775687897
    }, {
        "stage": 417,
        "start": [-77.269903, 38.865001],
        "end": [-77.270091, 38.864992],
        "km": 0.02090460044945395
    }, {
        "stage": 418,
        "start": [-77.270091, 38.864992],
        "end": [-77.270199, 38.864992],
        "km": 0.012008643608674084
    }, {
        "stage": 419,
        "start": [-77.270199, 38.864992],
        "end": [-77.270271, 38.864992],
        "km": 0.008005762405782066
    }, {
        "stage": 420,
        "start": [-77.270271, 38.864992],
        "end": [-77.270344, 38.86499],
        "km": 0.00811699381388474
    }, {
        "stage": 421,
        "start": [-77.270344, 38.86499],
        "end": [-77.270445, 38.864991],
        "km": 0.011229948324333897
    }, {
        "stage": 422,
        "start": [-77.270445, 38.864991],
        "end": [-77.270729, 38.864992],
        "km": 0.031577705469618564
    }, {
        "stage": 423,
        "start": [-77.270729, 38.864992],
        "end": [-77.271, 38.864987],
        "km": 0.030132545170291868
    }, {
        "stage": 424,
        "start": [-77.271, 38.864987],
        "end": [-77.271054, 38.864986],
        "km": 0.006004697015822719
    }, {
        "stage": 425,
        "start": [-77.271054, 38.864986],
        "end": [-77.271788, 38.864975],
        "km": 0.08161360041182716
    }, {
        "stage": 426,
        "start": [-77.271788, 38.864975],
        "end": [-77.271856, 38.864974],
        "km": 0.007560563733469241
    }, {
        "stage": 427,
        "start": [-77.271856, 38.864974],
        "end": [-77.272466, 38.864957],
        "km": 0.06782692745386325
    }, {
        "stage": 428,
        "start": [-77.272466, 38.864957],
        "end": [-77.272781, 38.864939],
        "km": 0.03502751003209705
    }, {
        "stage": 429,
        "start": [-77.272781, 38.864939],
        "end": [-77.273144, 38.86492],
        "km": 0.04036454216313167
    }, {
        "stage": 430,
        "start": [-77.273144, 38.86492],
        "end": [-77.273346, 38.864893],
        "km": 0.022469925448237123
    }, {
        "stage": 431,
        "start": [-77.273346, 38.864893],
        "end": [-77.273522, 38.864875],
        "km": 0.019574154964782785
    }, {
        "stage": 432,
        "start": [-77.273522, 38.864875],
        "end": [-77.27391, 38.864839],
        "km": 0.04315058578979428
    }, {
        "stage": 433,
        "start": [-77.27391, 38.864839],
        "end": [-77.274632, 38.864826],
        "km": 0.08027946759019455
    }, {
        "stage": 434,
        "start": [-77.274632, 38.864826],
        "end": [-77.274721, 38.864828],
        "km": 0.009896500202959046
    }, {
        "stage": 435,
        "start": [-77.274721, 38.864828],
        "end": [-77.274788, 38.864838],
        "km": 0.007453724961835119
    }, {
        "stage": 436,
        "start": [-77.274788, 38.864838],
        "end": [-77.274798, 38.86484],
        "km": 0.0011111357133499614
    }, {
        "stage": 437,
        "start": [-77.274798, 38.86484],
        "end": [-77.274852, 38.864854],
        "km": 0.006013695068346495
    }, {
        "stage": 438,
        "start": [-77.274852, 38.864854],
        "end": [-77.274916, 38.864878],
        "km": 0.007140027959107604
    }, {
        "stage": 439,
        "start": [-77.274916, 38.864878],
        "end": [-77.275027, 38.864922],
        "km": 0.012388733122747889
    }, {
        "stage": 440,
        "start": [-77.275027, 38.864922],
        "end": [-77.275067, 38.864933],
        "km": 0.004455680807164155
    }, {
        "stage": 441,
        "start": [-77.275067, 38.864933],
        "end": [-77.275137, 38.864951],
        "km": 0.007796466192825946
    }, {
        "stage": 442,
        "start": [-77.275137, 38.864951],
        "end": [-77.27523, 38.864961],
        "km": 0.010343965346386217
    }, {
        "stage": 443,
        "start": [-77.27523, 38.864961],
        "end": [-77.275338, 38.864959],
        "km": 0.012008643608674084
    }, {
        "stage": 444,
        "start": [-77.275338, 38.864959],
        "end": [-77.275459, 38.864943],
        "km": 0.01345942346791291
    }, {
        "stage": 445,
        "start": [-77.275459, 38.864943],
        "end": [-77.275591, 38.864898],
        "km": 0.014718243662418685
    }, {
        "stage": 446,
        "start": [-77.275591, 38.864898],
        "end": [-77.27589, 38.864746],
        "km": 0.03345335238627575
    }, {
        "stage": 447,
        "start": [-77.27589, 38.864746],
        "end": [-77.276024, 38.864682],
        "km": 0.014981320532894207
    }, {
        "stage": 448,
        "start": [-77.276024, 38.864682],
        "end": [-77.276185, 38.864629],
        "km": 0.01794843651249107
    }, {
        "stage": 449,
        "start": [-77.276185, 38.864629],
        "end": [-77.276368, 38.864586],
        "km": 0.020374753385724233
    }, {
        "stage": 450,
        "start": [-77.276368, 38.864586],
        "end": [-77.276688, 38.864522],
        "km": 0.03561509526422671
    }, {
        "stage": 451,
        "start": [-77.276688, 38.864522],
        "end": [-77.277863, 38.86439],
        "km": 0.1306877272072271
    }, {
        "stage": 452,
        "start": [-77.277863, 38.86439],
        "end": [-77.279016, 38.864259],
        "km": 0.12824171975624035
    }, {
        "stage": 453,
        "start": [-77.279016, 38.864259],
        "end": [-77.280226, 38.864118],
        "km": 0.1345836887545913
    }, {
        "stage": 454,
        "start": [-77.280226, 38.864118],
        "end": [-77.281282, 38.863985],
        "km": 0.11746134939848765
    }, {
        "stage": 455,
        "start": [-77.281282, 38.863985],
        "end": [-77.281377, 38.863974],
        "km": 0.010566348961959479
    }, {
        "stage": 456,
        "start": [-77.281377, 38.863974],
        "end": [-77.28284, 38.863806],
        "km": 0.16272234888185222
    }, {
        "stage": 457,
        "start": [-77.28284, 38.863806],
        "end": [-77.283492, 38.863735],
        "km": 0.0725165157035991
    }, {
        "stage": 458,
        "start": [-77.283492, 38.863735],
        "end": [-77.284226, 38.863658],
        "km": 0.08163490885529232
    }, {
        "stage": 459,
        "start": [-77.284226, 38.863658],
        "end": [-77.285611, 38.863505],
        "km": 0.15404306419505828
    }, {
        "stage": 460,
        "start": [-77.285611, 38.863505],
        "end": [-77.285722, 38.863492],
        "km": 0.01234610556755568
    }, {
        "stage": 461,
        "start": [-77.285722, 38.863492],
        "end": [-77.286337, 38.863424],
        "km": 0.0684018568503706
    }, {
        "stage": 462,
        "start": [-77.286337, 38.863424],
        "end": [-77.286612, 38.863398],
        "km": 0.030583758483712142
    }, {
        "stage": 463,
        "start": [-77.286612, 38.863398],
        "end": [-77.287456, 38.863305],
        "km": 0.09387161341177527
    }, {
        "stage": 464,
        "start": [-77.287456, 38.863305],
        "end": [-77.28764, 38.863284],
        "km": 0.020465445102648826
    }, {
        "stage": 465,
        "start": [-77.28764, 38.863284],
        "end": [-77.287771, 38.863264],
        "km": 0.014573954228587363
    }, {
        "stage": 466,
        "start": [-77.287771, 38.863264],
        "end": [-77.287874, 38.86325],
        "km": 0.011457553218344253
    }, {
        "stage": 467,
        "start": [-77.287874, 38.86325],
        "end": [-77.288389, 38.863168],
        "km": 0.057297754301006205
    }, {
        "stage": 468,
        "start": [-77.288389, 38.863168],
        "end": [-77.28905, 38.863052],
        "km": 0.07355110233814668
    }, {
        "stage": 469,
        "start": [-77.28905, 38.863052],
        "end": [-77.290854, 38.862726],
        "km": 0.2007444697749912
    }, {
        "stage": 470,
        "start": [-77.290854, 38.862726],
        "end": [-77.291005, 38.862699],
        "km": 0.01680273930670199
    }, {
        "stage": 471,
        "start": [-77.291005, 38.862699],
        "end": [-77.292132, 38.862478],
        "km": 0.1254272434533471
    }, {
        "stage": 472,
        "start": [-77.292132, 38.862478],
        "end": [-77.292986, 38.862316],
        "km": 0.09503851067271502
    }, {
        "stage": 473,
        "start": [-77.292986, 38.862316],
        "end": [-77.29354, 38.86222],
        "km": 0.06164375067239133
    }, {
        "stage": 474,
        "start": [-77.29354, 38.86222],
        "end": [-77.293687, 38.862196],
        "km": 0.016355107514057634
    }, {
        "stage": 475,
        "start": [-77.293687, 38.862196],
        "end": [-77.294039, 38.862123],
        "km": 0.03917948927642004
    }, {
        "stage": 476,
        "start": [-77.294039, 38.862123],
        "end": [-77.294084, 38.862115],
        "km": 0.005007089863475805
    }, {
        "stage": 477,
        "start": [-77.294084, 38.862115],
        "end": [-77.295273, 38.861895],
        "km": 0.132313790213857
    }, {
        "stage": 478,
        "start": [-77.295273, 38.861895],
        "end": [-77.295395, 38.861872],
        "km": 0.013576422105729069
    }, {
        "stage": 479,
        "start": [-77.295395, 38.861872],
        "end": [-77.296332, 38.861702],
        "km": 0.10426756882453272
    }, {
        "stage": 480,
        "start": [-77.296332, 38.861702],
        "end": [-77.296392, 38.861691],
        "km": 0.00667694468296518
    }, {
        "stage": 481,
        "start": [-77.296392, 38.861691],
        "end": [-77.297271, 38.861527],
        "km": 0.0978179071967835
    }, {
        "stage": 482,
        "start": [-77.297271, 38.861527],
        "end": [-77.297711, 38.861445],
        "km": 0.04896447573237647
    }, {
        "stage": 483,
        "start": [-77.297711, 38.861445],
        "end": [-77.298386, 38.861312],
        "km": 0.07512338428449276
    }, {
        "stage": 484,
        "start": [-77.298386, 38.861312],
        "end": [-77.298709, 38.86124],
        "km": 0.035957450040764345
    }, {
        "stage": 485,
        "start": [-77.298709, 38.86124],
        "end": [-77.299224, 38.861119],
        "km": 0.05733894709519889
    }, {
        "stage": 486,
        "start": [-77.299224, 38.861119],
        "end": [-77.299634, 38.861009],
        "km": 0.045667009834001696
    }, {
        "stage": 487,
        "start": [-77.299634, 38.861009],
        "end": [-77.299854, 38.860951],
        "km": 0.02450298055952668
    }, {
        "stage": 488,
        "start": [-77.299854, 38.860951],
        "end": [-77.300225, 38.860843],
        "km": 0.041335874961097495
    }, {
        "stage": 489,
        "start": [-77.300225, 38.860843],
        "end": [-77.300618, 38.860722],
        "km": 0.04379754538517962
    }, {
        "stage": 490,
        "start": [-77.300618, 38.860722],
        "end": [-77.301111, 38.86057],
        "km": 0.054942180338405984
    }, {
        "stage": 491,
        "start": [-77.301111, 38.86057],
        "end": [-77.301318, 38.860498],
        "km": 0.02308320308830143
    }, {
        "stage": 492,
        "start": [-77.301318, 38.860498],
        "end": [-77.301691, 38.860368],
        "km": 0.04159515377582039
    }, {
        "stage": 493,
        "start": [-77.301691, 38.860368],
        "end": [-77.302281, 38.86016],
        "km": 0.06579850201796093
    }, {
        "stage": 494,
        "start": [-77.302281, 38.86016],
        "end": [-77.302831, 38.859967],
        "km": 0.06133597846150921
    }, {
        "stage": 495,
        "start": [-77.302831, 38.859967],
        "end": [-77.303043, 38.859892],
        "km": 0.023643279354526925
    }, {
        "stage": 496,
        "start": [-77.303043, 38.859892],
        "end": [-77.303309, 38.859799],
        "km": 0.029663688796128827
    }, {
        "stage": 497,
        "start": [-77.303309, 38.859799],
        "end": [-77.303775, 38.859635],
        "km": 0.05196917794702609
    }, {
        "stage": 498,
        "start": [-77.303775, 38.859635],
        "end": [-77.303884, 38.859597],
        "km": 0.012155211880331796
    }, {
        "stage": 499,
        "start": [-77.303884, 38.859597],
        "end": [-77.304048, 38.85954],
        "km": 0.01828839969617217
    }, {
        "stage": 500,
        "start": [-77.304048, 38.85954],
        "end": [-77.305462, 38.859042],
        "km": 0.15769228795389692
    }, {
        "stage": 501,
        "start": [-77.305462, 38.859042],
        "end": [-77.30604, 38.858838],
        "km": 0.06446062236922637
    }, {
        "stage": 502,
        "start": [-77.30604, 38.858838],
        "end": [-77.306412, 38.858707],
        "km": 0.04148614123793649
    }, {
        "stage": 503,
        "start": [-77.306412, 38.858707],
        "end": [-77.306919, 38.858529],
        "km": 0.05654063473049503
    }, {
        "stage": 504,
        "start": [-77.306919, 38.858529],
        "end": [-77.307245, 38.858413],
        "km": 0.036358469799286613
    }, {
        "stage": 505,
        "start": [-77.307245, 38.858413],
        "end": [-77.307305, 38.858392],
        "km": 0.0066911014799523275
    }, {
        "stage": 506,
        "start": [-77.307305, 38.858392],
        "end": [-77.307387, 38.858363],
        "km": 0.009144938962458831
    }, {
        "stage": 507,
        "start": [-77.307387, 38.858363],
        "end": [-77.30751, 38.858319],
        "km": 0.01371839385430438
    }, {
        "stage": 508,
        "start": [-77.30751, 38.858319],
        "end": [-77.307624, 38.858279],
        "km": 0.01271363153652555
    }, {
        "stage": 509,
        "start": [-77.307624, 38.858279],
        "end": [-77.308206, 38.858065],
        "km": 0.06492318145000514
    }, {
        "stage": 510,
        "start": [-77.308206, 38.858065],
        "end": [-77.30866, 38.857905],
        "km": 0.05063110734572623
    }, {
        "stage": 511,
        "start": [-77.30866, 38.857905],
        "end": [-77.308889, 38.857825],
        "km": 0.025537425202061533
    }, {
        "stage": 512,
        "start": [-77.308889, 38.857825],
        "end": [-77.309069, 38.857762],
        "km": 0.020073304439864364
    }, {
        "stage": 513,
        "start": [-77.309069, 38.857762],
        "end": [-77.309375, 38.857655],
        "km": 0.034124131625565185
    }, {
        "stage": 514,
        "start": [-77.309375, 38.857655],
        "end": [-77.309584, 38.857582],
        "km": 0.023306799368462385
    }, {
        "stage": 515,
        "start": [-77.309584, 38.857582],
        "end": [-77.309832, 38.857495],
        "km": 0.027656630987329938
    }, {
        "stage": 516,
        "start": [-77.309832, 38.857495],
        "end": [-77.310199, 38.857366],
        "km": 0.040928027866839585
    }, {
        "stage": 517,
        "start": [-77.310199, 38.857366],
        "end": [-77.310655, 38.857204],
        "km": 0.050856652601246936
    }, {
        "stage": 518,
        "start": [-77.310655, 38.857204],
        "end": [-77.310703, 38.85713],
        "km": 0.005634600696593035
    }, {
        "stage": 519,
        "start": [-77.310703, 38.85713],
        "end": [-77.311152, 38.856976],
        "km": 0.0500655888942941
    }, {
        "stage": 520,
        "start": [-77.311152, 38.856976],
        "end": [-77.311744, 38.856779],
        "km": 0.06599973275346602
    }, {
        "stage": 521,
        "start": [-77.311744, 38.856779],
        "end": [-77.311948, 38.856679],
        "km": 0.02281361443415134
    }, {
        "stage": 522,
        "start": [-77.311948, 38.856679],
        "end": [-77.311958, 38.856609],
        "km": 0.002038249224346235
    }, {
        "stage": 523,
        "start": [-77.311958, 38.856609],
        "end": [-77.312064, 38.855363],
        "km": 0.032632568076069665
    }, {
        "stage": 524,
        "start": [-77.312064, 38.855363],
        "end": [-77.312075, 38.855109],
        "km": 0.00632270023160401
    }, {
        "stage": 525,
        "start": [-77.312075, 38.855109],
        "end": [-77.312059, 38.853448],
        "km": 0.04060350591085675
    }, {
        "stage": 526,
        "start": [-77.312059, 38.853448],
        "end": [-77.312203, 38.853446],
        "km": 0.01601124339168676
    }, {
        "stage": 527,
        "start": [-77.312203, 38.853446],
        "end": [-77.313158, 38.853437],
        "km": 0.10618624950940857
    }, {
        "stage": 528,
        "start": [-77.313158, 38.853437],
        "end": [-77.313429, 38.853422],
        "km": 0.030134489084875933
    }, {
        "stage": 529,
        "start": [-77.313429, 38.853422],
        "end": [-77.313396, 38.85336],
        "km": 0.003968967449651744
    }, {
        "stage": 530,
        "start": [-77.313396, 38.85336],
        "end": [-77.313366, 38.853305],
        "km": 0.003596108392269517
    }, {
        "stage": 531,
        "start": [-77.313366, 38.853305],
        "end": [-77.31335, 38.853254],
        "km": 0.0021709892224227034
    }, {
        "stage": 532,
        "start": [-77.31335, 38.853254],
        "end": [-77.313225, 38.852522],
        "km": 0.022642720560151985
    }, {
        "stage": 533,
        "start": [-77.313225, 38.852522],
        "end": [-77.31322, 38.852442],
        "km": 0.0020316063520627856
    }, {
        "stage": 534,
        "start": [-77.31322, 38.852442],
        "end": [-77.313231, 38.852374],
        "km": 0.002060237446647496
    }, {
        "stage": 535,
        "start": [-77.313231, 38.852374],
        "end": [-77.313247, 38.852334],
        "km": 0.002029387229224576
    }, {
        "stage": 536,
        "start": [-77.313247, 38.852334],
        "end": [-77.313269, 38.852295],
        "km": 0.0026273698253529683
    }, {
        "stage": 537,
        "start": [-77.313269, 38.852295],
        "end": [-77.313302, 38.852253],
        "km": 0.0038102598392909196
    }, {
        "stage": 538,
        "start": [-77.313302, 38.852253],
        "end": [-77.313344, 38.852216],
        "km": 0.004756020126236071
    }, {
        "stage": 539,
        "start": [-77.313344, 38.852216],
        "end": [-77.313418, 38.852166],
        "km": 0.008318229088970725
    }, {
        "stage": 540,
        "start": [-77.313418, 38.852166],
        "end": [-77.313648, 38.852046],
        "km": 0.02574093628526548
    }, {
        "stage": 541,
        "start": [-77.313648, 38.852046],
        "end": [-77.313681, 38.852022],
        "km": 0.0037156620403840245
    }, {
        "stage": 542,
        "start": [-77.313681, 38.852022],
        "end": [-77.313727, 38.85199],
        "km": 0.005174377966645941
    }, {
        "stage": 543,
        "start": [-77.313727, 38.85199],
        "end": [-77.313779, 38.851939],
        "km": 0.0059147254258490635
    }, {
        "stage": 544,
        "start": [-77.313779, 38.851939],
        "end": [-77.313801, 38.851908],
        "km": 0.002561371144972383
    }, {
        "stage": 545,
        "start": [-77.313801, 38.851908],
        "end": [-77.313829, 38.851867],
        "km": 0.0032692577922273287
    }, {
        "stage": 546,
        "start": [-77.313829, 38.851867],
        "end": [-77.313855, 38.851789],
        "km": 0.0034607427161135844
    }, {
        "stage": 547,
        "start": [-77.313855, 38.851789],
        "end": [-77.313986, 38.851572],
        "km": 0.015499604083451215
    }],
    "km": 32.17667326774952
}